movieId,title,genres,imdbId,tmdbId,media_type
1,Toy Story (1995),Adventure|Animation|Children|Comedy|Fantasy,114709,862,movie
2,Jumanji (1995),Adventure|Children|Fantasy,113497,8844,movie
3,Grumpier Old Men (1995),Comedy|Romance,113228,15602,movie
4,Waiting to Exhale (1995),Comedy|Drama|Romance,114885,31357,movie
5,Father of the Bride Part II (1995),Comedy,113041,11862,movie
6,Heat (1995),Action|Crime|Thriller,113277,949,movie
7,Sabrina (1995),Comedy|Romance,114319,11860,movie
8,Tom and Huck (1995),Adventure|Children,112302,45325,movie
9,Sudden Death (1995),Action,114576,9091,movie
10,GoldenEye (1995),Action|Adventure|Thriller,113189,710,movie
11,"American President, The (1995)",Comedy|Drama|Romance,112346,9087,movie
12,Dracula: Dead and Loving It (1995),Comedy|Horror,112896,12110,movie
13,Balto (1995),Adventure|Animation|Children,112453,21032,movie
14,Nixon (1995),Drama,113987,10858,movie
15,Cutthroat Island (1995),Action|Adventure|Romance,112760,1408,movie
16,Casino (1995),Crime|Drama,112641,524,movie
17,Sense and Sensibility (1995),Drama|Romance,114388,4584,movie
18,Four Rooms (1995),Comedy,113101,5,movie
19,Ace Ventura: When Nature Calls (1995),Comedy,112281,9273,movie
20,Money Train (1995),Action|Comedy|Crime|Drama|Thriller,113845,11517,movie
21,Get Shorty (1995),Comedy|Crime|Thriller,113161,8012,movie
22,Copycat (1995),Crime|Drama|Horror|Mystery|Thriller,112722,1710,movie
23,Assassins (1995),Action|Crime|Thriller,112401,9691,movie
24,Powder (1995),Drama|Sci-Fi,114168,12665,movie
25,Leaving Las Vegas (1995),Drama|Romance,113627,451,movie
26,Othello (1995),Drama,114057,16420,movie
27,Now and Then (1995),Children|Drama,114011,9263,movie
28,Persuasion (1995),Drama|Romance,114117,17015,movie
29,"City of Lost Children, The (Cité des enfants perdus, La) (1995)",Adventure|Drama|Fantasy|Mystery|Sci-Fi,112682,902,movie
30,Shanghai Triad (Yao a yao yao dao waipo qiao) (1995),Crime|Drama,115012,37557,movie
31,Dangerous Minds (1995),Drama,112792,9909,movie
32,Twelve Monkeys (a.k.a. 12 Monkeys) (1995),Mystery|Sci-Fi|Thriller,114746,63,movie
34,Babe (1995),Children|Drama,112431,9598,movie
36,Dead Man Walking (1995),Crime|Drama,112818,687,movie
38,It Takes Two (1995),Children|Comedy,113442,33689,movie
39,Clueless (1995),Comedy|Romance,112697,9603,movie
40,"Cry, the Beloved Country (1995)",Drama,112749,34615,movie
41,Richard III (1995),Drama|War,114279,31174,movie
42,Dead Presidents (1995),Action|Crime|Drama,112819,11443,movie
43,Restoration (1995),Drama,114272,35196,movie
44,Mortal Kombat (1995),Action|Adventure|Fantasy,113855,9312,movie
45,To Die For (1995),Comedy|Drama|Thriller,114681,577,movie
46,How to Make an American Quilt (1995),Drama|Romance,113347,11861,movie
47,Seven (a.k.a. Se7en) (1995),Mystery|Thriller,114369,807,movie
48,Pocahontas (1995),Animation|Children|Drama|Musical|Romance,114148,10530,movie
49,When Night Is Falling (1995),Drama|Romance,114916,8391,movie
50,"Usual Suspects, The (1995)",Crime|Mystery|Thriller,114814,629,movie
52,Mighty Aphrodite (1995),Comedy|Drama|Romance,113819,11448,movie
53,Lamerica (1994),Adventure|Drama,110299,49133,movie
54,"Big Green, The (1995)",Children|Comedy,112499,26441,movie
55,Georgia (1995),Drama,113158,97406,movie
57,Home for the Holidays (1995),Drama,113321,9089,movie
58,"Postman, The (Postino, Il) (1994)",Comedy|Drama|Romance,110877,11010,movie
60,"Indian in the Cupboard, The (1995)",Adventure|Children|Fantasy,113419,11359,movie
61,Eye for an Eye (1996),Drama|Thriller,116260,17182,movie
62,Mr. Holland's Opus (1995),Drama,113862,2054,movie
63,Don't Be a Menace to South Central While Drinking Your Juice in the Hood (1996),Comedy|Crime,116126,10607,movie
64,Two if by Sea (1996),Comedy|Romance,118002,19760,movie
65,Bio-Dome (1996),Comedy,115683,9536,movie
66,Lawnmower Man 2: Beyond Cyberspace (1996),Action|Sci-Fi|Thriller,116839,11525,movie
68,French Twist (Gazon maudit) (1995),Comedy|Romance,113149,4482,movie
69,Friday (1995),Comedy,113118,10634,movie
70,From Dusk Till Dawn (1996),Action|Comedy|Horror|Thriller,116367,755,movie
71,Fair Game (1995),Action,113010,11859,movie
72,Kicking and Screaming (1995),Comedy|Drama,113537,28387,movie
73,"Misérables, Les (1995)",Drama|War,113828,48750,movie
74,Bed of Roses (1996),Drama|Romance,115644,20927,movie
75,Big Bully (1996),Comedy|Drama,115676,36929,movie
76,Screamers (1995),Action|Sci-Fi|Thriller,114367,9102,movie
77,Nico Icon (1995),Documentary,113973,124626,movie
78,"Crossing Guard, The (1995)",Action|Crime|Drama|Thriller,112744,27526,movie
79,"Juror, The (1996)",Drama|Thriller,116731,9623,movie
80,"White Balloon, The (Badkonake sefid) (1995)",Children|Drama,112445,46785,movie
81,Things to Do in Denver When You're Dead (1995),Crime|Drama|Romance,114660,400,movie
82,Antonia's Line (Antonia) (1995),Comedy|Drama,112379,880,movie
83,Once Upon a Time... When We Were Colored (1995),Drama|Romance,114039,146599,movie
85,Angels and Insects (1995),Drama|Romance,112365,8447,movie
86,White Squall (1996),Action|Adventure|Drama,118158,10534,movie
87,Dunston Checks In (1996),Children|Comedy,116151,17414,movie
88,Black Sheep (1996),Comedy,115697,13997,movie
89,Nick of Time (1995),Action|Thriller,113972,2086,movie
92,Mary Reilly (1996),Drama|Horror|Thriller,117002,9095,movie
93,Vampire in Brooklyn (1995),Comedy|Horror|Romance,114825,12158,movie
94,Beautiful Girls (1996),Comedy|Drama|Romance,115639,9283,movie
95,Broken Arrow (1996),Action|Adventure|Thriller,115759,9208,movie
96,In the Bleak Midwinter (1995),Comedy|Drama,113403,40154,movie
97,"Hate (Haine, La) (1995)",Crime|Drama,113247,406,movie
99,Heidi Fleiss: Hollywood Madam (1995),Documentary,113283,63076,movie
100,City Hall (1996),Drama|Thriller,115907,11062,movie
101,Bottle Rocket (1996),Adventure|Comedy|Crime|Romance,115734,13685,movie
102,Mr. Wrong (1996),Comedy,117102,47475,movie
103,Unforgettable (1996),Mystery|Sci-Fi|Thriller,118040,2045,movie
104,Happy Gilmore (1996),Comedy,116483,9614,movie
105,"Bridges of Madison County, The (1995)",Drama|Romance,112579,688,movie
106,Nobody Loves Me (Keiner liebt mich) (1994),Comedy|Drama,110251,11907,movie
107,Muppet Treasure Island (1996),Adventure|Children|Comedy|Musical,117110,10874,movie
108,Catwalk (1996),Documentary,112646,89333,movie
110,Braveheart (1995),Action|Drama|War,112573,197,movie
111,Taxi Driver (1976),Crime|Drama|Thriller,75314,103,movie
112,Rumble in the Bronx (Hont faan kui) (1995),Action|Adventure|Comedy|Crime,113326,33542,movie
113,Before and After (1996),Drama|Mystery,115645,43566,movie
116,Anne Frank Remembered (1995),Documentary,112373,51352,movie
117,"Young Poisoner's Handbook, The (1995)",Crime|Drama,115033,16934,movie
118,If Lucy Fell (1996),Comedy|Romance,116606,10324,movie
119,"Steal Big, Steal Little (1995)",Comedy,114536,78406,movie
121,"Boys of St. Vincent, The (1992)",Drama,106473,32119,movie
122,Boomerang (1992),Comedy|Romance,103859,11066,movie
123,Chungking Express (Chung Hing sam lam) (1994),Drama|Mystery|Romance,109424,11104,movie
125,Flirting With Disaster (1996),Comedy,116324,2074,movie
126,"NeverEnding Story III, The (1994)",Adventure|Children|Fantasy,110647,27793,movie
128,Jupiter's Wife (1994),Documentary,110217,290157,movie
129,Pie in the Sky (1996),Comedy|Romance,114131,110972,movie
132,Jade (1995),Thriller,113451,11863,movie
135,Down Periscope (1996),Comedy,116130,9101,movie
137,Man of the Year (1995),Documentary,113756,5757,movie
140,Up Close and Personal (1996),Drama|Romance,118055,9302,movie
141,"Birdcage, The (1996)",Comedy,115685,11000,movie
144,"Brothers McMullen, The (1995)",Comedy,112585,16388,movie
145,Bad Boys (1995),Action|Comedy|Crime|Drama|Thriller,112442,9737,movie
146,"Amazing Panda Adventure, The (1995)",Adventure|Children,112342,30765,movie
147,"Basketball Diaries, The (1995)",Drama,112461,10474,movie
148,"Awfully Big Adventure, An (1995)",Drama,112427,22279,movie
149,Amateur (1994),Crime|Drama|Thriller,109093,30157,movie
150,Apollo 13 (1995),Adventure|Drama|IMAX,112384,568,movie
151,Rob Roy (1995),Action|Drama|Romance|War,114287,11780,movie
152,"Addiction, The (1995)",Drama|Horror,112288,34996,movie
153,Batman Forever (1995),Action|Adventure|Comedy|Crime,112462,414,movie
154,Beauty of the Day (Belle de jour) (1967),Drama,61395,649,movie
155,Beyond Rangoon (1995),Adventure|Drama|War,112495,1873,movie
156,Blue in the Face (1995),Comedy|Drama,112541,5894,movie
157,Canadian Bacon (1995),Comedy|War,109370,1775,movie
158,Casper (1995),Adventure|Children,112642,8839,movie
159,Clockers (1995),Crime|Drama|Mystery,112688,20649,movie
160,Congo (1995),Action|Adventure|Mystery|Sci-Fi,112715,10329,movie
161,Crimson Tide (1995),Drama|Thriller|War,112740,8963,movie
162,Crumb (1994),Documentary,109508,26564,movie
163,Desperado (1995),Action|Romance|Western,112851,8068,movie
164,Devil in a Blue Dress (1995),Crime|Film-Noir|Mystery|Thriller,112857,8512,movie
165,Die Hard: With a Vengeance (1995),Action|Crime|Thriller,112864,1572,movie
166,"Doom Generation, The (1995)",Comedy|Crime|Drama,112887,13552,movie
168,First Knight (1995),Action|Drama|Romance,113071,6520,movie
169,Free Willy 2: The Adventure Home (1995),Adventure|Children|Drama,113114,9073,movie
170,Hackers (1995),Action|Adventure|Crime|Thriller,113243,10428,movie
171,Jeffrey (1995),Comedy|Drama,113464,17447,movie
172,Johnny Mnemonic (1995),Action|Sci-Fi|Thriller,113481,9886,movie
173,Judge Dredd (1995),Action|Crime|Sci-Fi,113492,9482,movie
174,Jury Duty (1995),Comedy,113500,19326,movie
175,Kids (1995),Drama,113540,9344,movie
176,Living in Oblivion (1995),Comedy,113677,9071,movie
177,Lord of Illusions (1995),Horror,113690,8973,movie
178,Love & Human Remains (1993),Comedy|Drama,107447,15730,movie
179,Mad Love (1995),Drama|Romance,113729,47608,movie
180,Mallrats (1995),Comedy|Romance,113749,2293,movie
181,Mighty Morphin Power Rangers: The Movie (1995),Action|Children,113820,9070,movie
183,Mute Witness (1994),Comedy|Horror|Thriller,110604,48787,movie
184,Nadja (1994),Drama,110620,34574,movie
185,"Net, The (1995)",Action|Crime|Thriller,113957,1642,movie
186,Nine Months (1995),Comedy|Romance,113986,11472,movie
187,Party Girl (1995),Comedy,114095,36196,movie
188,"Prophecy, The (1995)",Fantasy|Horror|Mystery,114194,11980,movie
189,Reckless (1995),Comedy|Fantasy,114241,58372,movie
190,Safe (1995),Thriller,114323,32646,movie
191,"Scarlet Letter, The (1995)",Drama|Romance,114345,10533,movie
193,Showgirls (1995),Drama,114436,10802,movie
194,Smoke (1995),Comedy|Drama,114478,10149,movie
195,Something to Talk About (1995),Comedy|Drama|Romance,114496,18402,movie
196,Species (1995),Horror|Sci-Fi,114508,9348,movie
198,Strange Days (1995),Action|Crime|Drama|Mystery|Sci-Fi|Thriller,114558,281,movie
199,"Umbrellas of Cherbourg, The (Parapluies de Cherbourg, Les) (1964)",Drama|Musical|Romance,58450,5967,movie
201,Three Wishes (1995),Drama|Fantasy,114663,47939,movie
202,Total Eclipse (1995),Drama|Romance,114702,36834,movie
203,"To Wong Foo, Thanks for Everything! Julie Newmar (1995)",Comedy,114682,9090,movie
204,Under Siege 2: Dark Territory (1995),Action,114781,3512,movie
205,Unstrung Heroes (1995),Comedy|Drama,114798,52856,movie
206,Unzipped (1995),Documentary,114805,77350,movie
207,"Walk in the Clouds, A (1995)",Drama|Romance,114887,9560,movie
208,Waterworld (1995),Action|Adventure|Sci-Fi,114898,9804,movie
209,White Man's Burden (1995),Drama,114928,31611,movie
210,Wild Bill (1995),Western,114938,65796,movie
211,"Browning Version, The (1994)",Drama,109340,49805,movie
212,Bushwhacked (1995),Adventure|Comedy|Crime|Mystery,112602,26258,movie
213,Burnt by the Sun (Utomlyonnye solntsem) (1994),Drama,111579,50797,movie
214,Before the Rain (Pred dozhdot) (1994),Drama|War,110882,19155,movie
215,Before Sunrise (1995),Drama|Romance,112471,76,movie
216,Billy Madison (1995),Comedy,112508,11017,movie
217,"Babysitter, The (1995)",Drama|Thriller,112438,37141,movie
218,Boys on the Side (1995),Comedy|Drama,112571,9382,movie
219,"Cure, The (1995)",Drama,112757,6715,movie
220,Castle Freak (1995),Horror,112643,18256,movie
222,Circle of Friends (1995),Drama|Romance,112679,22625,movie
223,Clerks (1994),Comedy,109445,2292,movie
224,Don Juan DeMarco (1995),Comedy|Drama|Romance,112883,1909,movie
225,Disclosure (1994),Drama|Thriller,109635,8984,movie
227,Drop Zone (1994),Action|Thriller,109676,4954,movie
228,Destiny Turns on the Radio (1995),Comedy,112854,62488,movie
229,Death and the Maiden (1994),Drama|Thriller,109579,10531,movie
230,Dolores Claiborne (1995),Drama|Thriller,109642,11929,movie
231,Dumb & Dumber (Dumb and Dumber) (1994),Adventure|Comedy,109686,8467,movie
232,Eat Drink Man Woman (Yin shi nan nu) (1994),Comedy|Drama|Romance,111797,10451,movie
233,Exotica (1994),Drama,109759,20156,movie
234,Exit to Eden (1994),Comedy,109758,18395,movie
235,Ed Wood (1994),Comedy|Drama,109707,522,movie
236,French Kiss (1995),Action|Comedy|Romance,113117,397,movie
237,Forget Paris (1995),Comedy|Romance,113097,10525,movie
238,Far From Home: The Adventures of Yellow Dog (1995),Adventure|Children,113028,27985,movie
239,"Goofy Movie, A (1995)",Animation|Children|Comedy|Romance,113198,15789,movie
240,Hideaway (1995),Thriller,113303,27303,movie
241,Fluke (1995),Children|Drama,113089,21183,movie
242,Farinelli: il castrato (1994),Drama|Musical,109771,10954,movie
243,Gordy (1995),Children|Comedy|Fantasy,113199,47867,movie
246,Hoop Dreams (1994),Documentary,110057,14275,movie
247,Heavenly Creatures (1994),Crime|Drama,110005,1024,movie
248,Houseguest (1994),Comedy,110066,17207,movie
249,Immortal Beloved (1994),Drama|Romance,110116,13701,movie
250,Heavyweights (Heavy Weights) (1995),Children|Comedy,110006,14819,movie
251,"Hunted, The (1995)",Action,113360,32631,movie
252,I.Q. (1994),Comedy|Romance,110099,11777,movie
253,Interview with the Vampire: The Vampire Chronicles (1994),Drama|Horror,110148,628,movie
254,Jefferson in Paris (1995),Drama,113463,87729,movie
255,"Jerky Boys, The (1995)",Comedy,110189,18713,movie
256,Junior (1994),Comedy|Sci-Fi,110216,6280,movie
257,Just Cause (1995),Mystery|Thriller,113501,9061,movie
258,"Kid in King Arthur's Court, A (1995)",Adventure|Children|Comedy|Fantasy|Romance,113538,37108,movie
259,Kiss of Death (1995),Crime|Drama|Thriller,113552,6071,movie
260,Star Wars: Episode IV - A New Hope (1977),Action|Adventure|Sci-Fi,76759,11,movie
261,Little Women (1994),Drama,110367,9587,movie
262,"Little Princess, A (1995)",Children|Drama,113670,19101,movie
263,Ladybird Ladybird (1994),Drama,110296,49980,movie
265,Like Water for Chocolate (Como agua para chocolate) (1992),Drama|Fantasy|Romance,103994,18183,movie
266,Legends of the Fall (1994),Drama|Romance|War|Western,110322,4476,movie
267,Major Payne (1995),Comedy,110443,11008,movie
269,My Crazy Life (Mi vida loca) (1993),Drama,107566,32325,movie
270,Love Affair (1994),Drama|Romance,110391,43742,movie
271,Losing Isaiah (1995),Drama,113691,28313,movie
272,"Madness of King George, The (1994)",Comedy|Drama,110428,11318,movie
273,Mary Shelley's Frankenstein (Frankenstein) (1994),Drama|Horror|Sci-Fi,109836,3036,movie
274,Man of the House (1995),Comedy,113755,40490,movie
275,Mixed Nuts (1994),Comedy,110538,24070,movie
276,Milk Money (1994),Comedy|Romance,110516,8986,movie
277,Miracle on 34th Street (1994),Drama,110527,10510,movie
278,Miami Rhapsody (1995),Comedy,113808,17402,movie
279,My Family (1995),Drama,113896,38722,movie
280,Murder in the First (1995),Drama|Thriller,113870,8438,movie
281,Nobody's Fool (1994),Comedy|Drama|Romance,110684,11593,movie
282,Nell (1994),Drama,110638,1945,movie
283,New Jersey Drive (1995),Crime|Drama,113967,39310,movie
284,New York Cop (Nyû Yôku no koppu) (1993),Action|Crime,117169,109560,movie
285,Beyond Bedlam (1993),Drama|Horror,106402,56428,movie
287,Nina Takes a Lover (1994),Comedy|Romance,110671,131957,movie
288,Natural Born Killers (1994),Action|Crime|Thriller,110632,241,movie
289,Only You (1994),Comedy|Romance,110737,9058,movie
290,Once Were Warriors (1994),Crime|Drama,110729,527,movie
291,Poison Ivy II (1996),Drama|Thriller,114151,18220,movie
292,Outbreak (1995),Action|Drama|Sci-Fi|Thriller,114069,6950,movie
293,Léon: The Professional (a.k.a. The Professional) (Léon) (1994),Action|Crime|Drama|Thriller,110413,101,movie
294,"Perez Family, The (1995)",Comedy|Romance,114113,63020,movie
295,"Pyromaniac's Love Story, A (1995)",Comedy|Romance,114210,2307,movie
296,Pulp Fiction (1994),Comedy|Crime|Drama|Thriller,110912,680,movie
298,Pushing Hands (Tui shou) (1992),Drama,105652,25296,movie
299,Priest (1994),Drama,110889,40156,movie
300,Quiz Show (1994),Drama,110932,11450,movie
301,Picture Bride (Bijo photo) (1994),Drama|Romance,114129,30304,movie
302,"Queen Margot (Reine Margot, La) (1994)",Drama|Romance,110963,10452,movie
303,"Quick and the Dead, The (1995)",Action|Thriller|Western,114214,12106,movie
304,Roommates (1995),Comedy|Drama,114296,161495,movie
305,Ready to Wear (Pret-A-Porter) (1994),Comedy,110907,3586,movie
306,Three Colors: Red (Trois couleurs: Rouge) (1994),Drama,111495,110,movie
307,Three Colors: Blue (Trois couleurs: Bleu) (1993),Drama,108394,108,movie
308,Three Colors: White (Trzy kolory: Bialy) (1994),Comedy|Drama,111507,109,movie
310,Rent-a-Kid (1995),Comedy,114268,36357,movie
311,Relative Fear (1994),Horror|Thriller,110965,92769,movie
312,Stuart Saves His Family (1995),Comedy,114571,28033,movie
313,"Swan Princess, The (1994)",Animation|Children,111333,22586,movie
314,"Secret of Roan Inish, The (1994)",Children|Drama|Fantasy|Mystery,111112,14334,movie
315,"Specialist, The (1994)",Action|Drama|Thriller,111255,2636,movie
316,Stargate (1994),Action|Adventure|Sci-Fi,111282,2164,movie
317,"Santa Clause, The (1994)",Comedy|Drama|Fantasy,111070,11395,movie
318,"Shawshank Redemption, The (1994)",Crime|Drama,111161,278,movie
319,Shallow Grave (1994),Comedy|Drama|Thriller,111149,9905,movie
320,Suture (1993),Film-Noir|Thriller,108260,87078,movie
321,Strawberry and Chocolate (Fresa y chocolate) (1993),Drama,106966,12527,movie
322,Swimming with Sharks (1995),Comedy|Drama,114594,20306,movie
324,"Sum of Us, The (1994)",Comedy|Drama,111309,36614,movie
325,National Lampoon's Senior Trip (1995),Comedy,113936,27993,movie
326,To Live (Huozhe) (1994),Drama,110081,31439,movie
327,Tank Girl (1995),Action|Comedy|Sci-Fi,114614,9067,movie
328,Tales from the Crypt Presents: Demon Knight (1995),Horror|Thriller,114608,9059,movie
329,Star Trek: Generations (1994),Adventure|Drama|Sci-Fi,111280,193,movie
330,Tales from the Hood (1995),Action|Crime|Horror,114609,25066,movie
331,Tom & Viv (1994),Drama,111454,46797,movie
332,Village of the Damned (1995),Horror|Sci-Fi,114852,12122,movie
333,Tommy Boy (1995),Comedy,114694,11381,movie
334,Vanya on 42nd Street (1994),Drama,111590,32636,movie
335,Underneath (1995),Mystery|Thriller,114788,36141,movie
336,"Walking Dead, The (1995)",Drama|War,114888,95963,movie
337,What's Eating Gilbert Grape (1993),Drama,108550,1587,movie
338,Virtuosity (1995),Action|Sci-Fi|Thriller,114857,9271,movie
339,While You Were Sleeping (1995),Comedy|Romance,114924,2064,movie
340,"War, The (1994)",Adventure|Drama|War,111667,19855,movie
341,Double Happiness (1994),Drama,109655,60855,movie
342,Muriel's Wedding (1994),Comedy,110598,236,movie
343,"Baby-Sitters Club, The (1995)",Children,112435,48287,movie
344,Ace Ventura: Pet Detective (1994),Comedy,109040,3049,movie
345,"Adventures of Priscilla, Queen of the Desert, The (1994)",Comedy|Drama,109045,2759,movie
346,Backbeat (1993),Drama|Musical,106339,12635,movie
347,Bitter Moon (1992),Drama|Film-Noir|Romance,104779,10497,movie
348,Bullets Over Broadway (1994),Comedy,109348,11382,movie
349,Clear and Present Danger (1994),Action|Crime|Drama|Thriller,109444,9331,movie
350,"Client, The (1994)",Drama|Mystery|Thriller,109446,10731,movie
351,"Corrina, Corrina (1994)",Comedy|Drama|Romance,109484,10464,movie
352,Crooklyn (1994),Comedy|Drama,109504,34152,movie
353,"Crow, The (1994)",Action|Crime|Fantasy|Thriller,109506,9495,movie
354,Cobb (1994),Drama,109450,29973,movie
355,"Flintstones, The (1994)",Children|Comedy|Fantasy,109813,888,movie
356,Forrest Gump (1994),Comedy|Drama|Romance|War,109830,13,movie
357,Four Weddings and a Funeral (1994),Comedy|Romance,109831,712,movie
358,Higher Learning (1995),Drama,113305,16295,movie
359,I Like It Like That (1994),Comedy|Drama|Romance,110091,48992,movie
360,I Love Trouble (1994),Action|Comedy,110093,10879,movie
361,It Could Happen to You (1994),Comedy|Drama|Romance,110167,10660,movie
362,"Jungle Book, The (1994)",Adventure|Children|Romance,110213,10714,movie
363,"Wonderful, Horrible Life of Leni Riefenstahl, The (Macht der Bilder: Leni Riefenstahl, Die) (1993)",Documentary,107472,41647,movie
364,"Lion King, The (1994)",Adventure|Animation|Children|Drama|Musical|IMAX,110357,8587,movie
365,Little Buddha (1993),Drama,107426,1689,movie
366,"Wes Craven's New Nightmare (Nightmare on Elm Street Part 7: Freddy's Finale, A) (1994)",Drama|Horror|Mystery|Thriller,111686,11596,movie
367,"Mask, The (1994)",Action|Comedy|Crime|Fantasy,110475,854,movie
368,Maverick (1994),Adventure|Comedy|Western,110478,9359,movie
369,Mrs. Parker and the Vicious Circle (1994),Drama,110588,23333,movie
370,Naked Gun 33 1/3: The Final Insult (1994),Action|Comedy,110622,36593,movie
371,"Paper, The (1994)",Comedy|Drama,110771,12280,movie
372,Reality Bites (1994),Comedy|Drama|Romance,110950,2788,movie
373,Red Rock West (1992),Thriller,105226,10427,movie
374,Richie Rich (1994),Children|Comedy,110989,11011,movie
376,"River Wild, The (1994)",Action|Thriller,110997,8987,movie
377,Speed (1994),Action|Romance|Thriller,111257,1637,movie
378,Speechless (1994),Comedy|Romance,111256,15128,movie
379,Timecop (1994),Action|Sci-Fi|Thriller,111438,8831,movie
380,True Lies (1994),Action|Adventure|Comedy|Romance|Thriller,111503,36955,movie
381,When a Man Loves a Woman (1994),Drama|Romance,111693,10449,movie
382,Wolf (1994),Drama|Horror|Romance|Thriller,111742,10395,movie
383,Wyatt Earp (1994),Western,111756,12160,movie
384,Bad Company (1995),Action|Crime|Drama,112443,40480,movie
385,"Man of No Importance, A (1994)",Drama,110455,52038,movie
386,S.F.W. (1994),Drama,111048,29444,movie
387,"Low Down Dirty Shame, A (1994)",Action|Comedy,110399,26352,movie
388,Boys Life (1995),Drama,112570,39953,movie
389,"Colonel Chabert, Le (1994)",Drama|Romance|War,109454,41580,movie
390,Faster Pussycat! Kill! Kill! (1965),Action|Crime|Drama,59170,315,movie
391,Jason's Lyric (1994),Crime|Drama,110186,22067,movie
393,Street Fighter (1994),Action|Adventure|Fantasy,111301,11667,movie
405,Highlander III: The Sorcerer (a.k.a. Highlander: The Final Dimension) (1994),Action|Fantasy,110027,8011,movie
406,Federal Hill (1994),Drama,109785,171857,movie
407,In the Mouth of Madness (1995),Horror|Thriller,113409,2654,movie
408,8 Seconds (1994),Drama,109021,18069,movie
409,Above the Rim (1994),Crime|Drama,109035,19092,movie
410,Addams Family Values (1993),Children|Comedy|Fantasy,106220,2758,movie
412,"Age of Innocence, The (1993)",Drama,106226,10436,movie
413,Airheads (1994),Comedy,109068,13595,movie
414,"Air Up There, The (1994)",Comedy,109067,46094,movie
415,Another Stakeout (1993),Comedy|Thriller,106292,9409,movie
416,Bad Girls (1994),Western,109198,11853,movie
417,Barcelona (1994),Comedy|Romance,109219,16771,movie
418,Being Human (1993),Drama,106379,46924,movie
419,"Beverly Hillbillies, The (1993)",Comedy,106400,11041,movie
420,Beverly Hills Cop III (1994),Action|Comedy|Crime|Thriller,109254,306,movie
421,Black Beauty (1994),Adventure|Children|Drama,109279,14522,movie
422,Blink (1994),Thriller,109297,26203,movie
423,Blown Away (1994),Action|Thriller,109303,178,movie
424,Blue Chips (1994),Drama,109305,19819,movie
425,Blue Sky (1994),Drama|Romance,109306,57834,movie
426,Body Snatchers (1993),Horror|Sci-Fi|Thriller,106452,4722,movie
427,Boxing Helena (1993),Drama|Mystery|Romance|Thriller,106471,18215,movie
428,"Bronx Tale, A (1993)",Drama,106489,1607,movie
429,Cabin Boy (1994),Comedy,109361,26391,movie
430,Calendar Girl (1993),Comedy|Drama,106505,117553,movie
431,Carlito's Way (1993),Crime|Drama,106519,6075,movie
432,City Slickers II: The Legend of Curly's Gold (1994),Adventure|Comedy|Western,109439,11310,movie
433,Clean Slate (1994),Comedy,109443,18658,movie
434,Cliffhanger (1993),Action|Adventure|Thriller,106582,9350,movie
435,Coneheads (1993),Comedy|Sci-Fi,106598,9612,movie
436,Color of Night (1994),Drama|Thriller,109456,2124,movie
437,Cops and Robbersons (1994),Comedy,109480,26261,movie
438,"Cowboy Way, The (1994)",Action|Comedy|Drama,109493,19176,movie
440,Dave (1993),Comedy|Romance,106673,11566,movie
441,Dazed and Confused (1993),Comedy,106677,9571,movie
442,Demolition Man (1993),Action|Adventure|Sci-Fi,106697,9739,movie
444,Even Cowgirls Get the Blues (1993),Comedy|Romance,106834,34444,movie
445,Fatal Instinct (1993),Comedy,106873,26141,movie
446,Farewell My Concubine (Ba wang bie ji) (1993),Drama|Romance,106332,10997,movie
448,Fearless (1993),Drama,106881,10443,movie
449,Fear of a Black Hat (1994),Comedy,106880,20239,movie
450,With Honors (1994),Comedy|Drama,111732,16297,movie
451,Flesh and Bone (1993),Drama|Mystery|Romance,106926,18551,movie
452,Widows' Peak (1994),Drama,111712,25440,movie
453,For Love or Money (1993),Comedy|Romance,106941,9024,movie
454,"Firm, The (1993)",Drama|Thriller,106918,37233,movie
455,Free Willy (1993),Adventure|Children|Drama,106965,1634,movie
456,Fresh (1994),Crime|Drama|Thriller,109842,13815,movie
457,"Fugitive, The (1993)",Thriller,106977,5503,movie
458,Geronimo: An American Legend (1993),Drama|Western,107004,35588,movie
459,"Getaway, The (1994)",Action|Adventure|Crime|Drama|Romance|Thriller,109890,2087,movie
460,Getting Even with Dad (1994),Comedy,109891,41579,movie
461,Go Fish (1994),Drama|Romance,109913,18620,movie
464,Hard Target (1993),Action|Adventure|Crime|Thriller,107076,2019,movie
466,Hot Shots! Part Deux (1993),Action|Comedy|War,107144,9255,movie
467,Live Nude Girls (1995),Comedy,113674,26271,movie
468,"Englishman Who Went Up a Hill But Came Down a Mountain, The (1995)",Comedy|Romance,112966,10612,movie
469,"House of the Spirits, The (1993)",Drama|Romance,107151,2259,movie
470,House Party 3 (1994),Comedy,110064,16097,movie
471,"Hudsucker Proxy, The (1994)",Comedy,110074,11934,movie
472,I'll Do Anything (1994),Comedy|Drama,110097,106143,movie
473,In the Army Now (1994),Comedy|War,110123,12475,movie
474,In the Line of Fire (1993),Action|Thriller,107206,9386,movie
475,In the Name of the Father (1993),Drama,107207,7984,movie
476,"Inkwell, The (1994)",Comedy|Drama,110137,59930,movie
477,What's Love Got to Do with It? (1993),Drama|Musical,108551,15765,movie
478,Jimmy Hollywood (1994),Comedy|Crime|Drama,110197,31643,movie
479,Judgment Night (1993),Action|Crime|Thriller,107286,6,movie
480,Jurassic Park (1993),Action|Adventure|Sci-Fi|Thriller,107290,329,movie
481,Kalifornia (1993),Drama|Thriller,107302,10909,movie
482,Killing Zoe (1994),Crime|Drama|Thriller,110265,507,movie
484,Lassie (1994),Adventure|Children,110305,29918,movie
485,Last Action Hero (1993),Action|Adventure|Comedy|Fantasy,107362,9593,movie
486,Life with Mikey (1993),Comedy,107413,42580,movie
487,Lightning Jack (1994),Comedy|Western,110353,22317,movie
488,M. Butterfly (1993),Drama|Romance,107468,1413,movie
489,Made in America (1993),Comedy,107478,12121,movie
490,Malice (1993),Thriller,107497,2246,movie
491,"Man Without a Face, The (1993)",Drama,107501,10502,movie
492,Manhattan Murder Mystery (1993),Comedy|Mystery,107507,10440,movie
493,Menace II Society (1993),Action|Crime|Drama,107554,9516,movie
494,Executive Decision (1996),Action|Adventure|Thriller,116253,2320,movie
495,In the Realm of the Senses (Ai no corrida) (1976),Drama,74102,5879,movie
496,What Happened Was... (1994),Comedy|Drama|Romance|Thriller,111689,83718,movie
497,Much Ado About Nothing (1993),Comedy|Romance,107616,11971,movie
499,Mr. Wonderful (1993),Comedy|Romance,107613,31911,movie
500,Mrs. Doubtfire (1993),Comedy|Drama,107614,788,movie
501,Naked (1993),Drama,107653,21450,movie
502,"Next Karate Kid, The (1994)",Action|Children|Romance,110657,11231,movie
504,No Escape (1994),Action|Drama|Sci-Fi,110678,10447,movie
505,North (1994),Comedy,110687,31586,movie
506,Orlando (1992),Drama|Fantasy|Romance,107756,9300,movie
507,"Perfect World, A (1993)",Crime|Drama|Thriller,107808,9559,movie
508,Philadelphia (1993),Drama,107818,9800,movie
509,"Piano, The (1993)",Drama|Romance,107822,713,movie
510,Poetic Justice (1993),Drama,107840,8291,movie
511,"Program, The (1993)",Action|Drama,107889,18133,movie
512,"Puppet Masters, The (1994)",Horror|Sci-Fi,111003,25557,movie
513,Radioland Murders (1994),Comedy|Mystery|Romance,110939,22588,movie
514,"Ref, The (1994)",Comedy,110955,10872,movie
515,"Remains of the Day, The (1993)",Drama|Romance,107943,1245,movie
516,Renaissance Man (1994),Comedy|Drama,110971,11858,movie
517,Rising Sun (1993),Action|Drama|Mystery,107969,7007,movie
518,"Road to Wellville, The (1994)",Comedy,111001,10467,movie
519,RoboCop 3 (1993),Action|Crime|Drama|Sci-Fi|Thriller,107978,5550,movie
520,Robin Hood: Men in Tights (1993),Comedy,107977,8005,movie
521,Romeo Is Bleeding (1993),Crime|Thriller,107983,2088,movie
522,Romper Stomper (1992),Action|Drama,105275,10412,movie
523,Ruby in Paradise (1993),Drama,108000,47889,movie
524,Rudy (1993),Drama,108002,14534,movie
526,"Savage Nights (Nuits fauves, Les) (1992)",Drama,105032,41878,movie
527,Schindler's List (1993),Drama|War,108052,424,movie
528,"Scout, The (1994)",Comedy|Drama,111094,35233,movie
529,Searching for Bobby Fischer (1993),Drama,108065,14291,movie
531,"Secret Garden, The (1993)",Children|Drama,108071,11236,movie
532,Serial Mom (1994),Comedy|Crime|Horror,111127,11592,movie
533,"Shadow, The (1994)",Action|Adventure|Fantasy|Mystery,111143,8850,movie
534,Shadowlands (1993),Drama|Romance,108101,10445,movie
535,Short Cuts (1993),Drama,108122,695,movie
536,"Simple Twist of Fate, A (1994)",Drama,111194,43535,movie
537,Sirens (1994),Drama,111201,12519,movie
538,Six Degrees of Separation (1993),Drama,108149,23210,movie
539,Sleepless in Seattle (1993),Comedy|Drama|Romance,108160,858,movie
540,Sliver (1993),Thriller,108162,867,movie
541,Blade Runner (1982),Action|Sci-Fi|Thriller,83658,78,movie
542,Son in Law (1993),Comedy|Drama|Romance,108186,13203,movie
543,So I Married an Axe Murderer (1993),Comedy|Romance|Thriller,108174,10442,movie
544,Striking Distance (1993),Action|Crime,108238,11074,movie
546,Super Mario Bros. (1993),Action|Adventure|Children|Comedy|Fantasy|Sci-Fi,108255,9607,movie
547,Surviving the Game (1994),Action|Adventure|Thriller,111323,17585,movie
548,Terminal Velocity (1994),Action|Mystery|Thriller,111400,9057,movie
549,Thirty-Two Short Films About Glenn Gould (1993),Drama|Musical,108328,20967,movie
550,Threesome (1994),Comedy|Romance,111418,10635,movie
551,"Nightmare Before Christmas, The (1993)",Animation|Children|Fantasy|Musical,107688,9479,movie
552,"Three Musketeers, The (1993)",Action|Adventure|Comedy|Romance,108333,10057,movie
553,Tombstone (1993),Action|Drama|Western,108358,11969,movie
555,True Romance (1993),Crime|Thriller,108399,319,movie
556,"War Room, The (1993)",Documentary,108515,26408,movie
558,"Pagemaster, The (1994)",Action|Adventure|Animation|Children|Fantasy,110763,15139,movie
562,Welcome to the Dollhouse (1995),Comedy|Drama,114906,11446,movie
563,Germinal (1993),Drama|Romance,107002,51980,movie
564,Chasers (1994),Comedy,109403,24405,movie
567,Kika (1993),Comedy|Drama,107315,8223,movie
568,Bhaji on the Beach (1993),Comedy|Drama,106408,14587,movie
569,Little Big League (1994),Comedy|Drama,110363,31504,movie
573,"Ciao, Professore! (Io speriamo che me la cavo) (1992)",Drama,107225,23637,movie
574,Spanking the Monkey (1994),Comedy|Drama,111252,17600,movie
575,"Little Rascals, The (1994)",Children|Comedy,110366,10897,movie
577,Andre (1994),Adventure|Children|Drama,109120,21352,movie
579,"Escort, The (Scorta, La) (1993)",Crime|Thriller,108059,68806,movie
580,Princess Caraboo (1994),Drama,110892,37345,movie
581,"Celluloid Closet, The (1995)",Documentary,112651,32562,movie
583,Dear Diary (Caro Diario) (1994),Comedy|Drama,109382,25403,movie
585,"Brady Bunch Movie, The (1995)",Comedy,112572,9066,movie
586,Home Alone (1990),Children|Comedy,99785,771,movie
587,Ghost (1990),Comedy|Drama|Fantasy|Romance|Thriller,99653,251,movie
588,Aladdin (1992),Adventure|Animation|Children|Comedy|Musical,103639,812,movie
589,Terminator 2: Judgment Day (1991),Action|Sci-Fi,103064,280,movie
590,Dances with Wolves (1990),Adventure|Drama|Western,99348,581,movie
592,Batman (1989),Action|Crime|Thriller,96895,268,movie
593,"Silence of the Lambs, The (1991)",Crime|Horror|Thriller,102926,274,movie
594,Snow White and the Seven Dwarfs (1937),Animation|Children|Drama|Fantasy|Musical,29583,408,movie
595,Beauty and the Beast (1991),Animation|Children|Fantasy|Musical|Romance|IMAX,101414,10020,movie
596,Pinocchio (1940),Animation|Children|Fantasy|Musical,32910,10895,movie
597,Pretty Woman (1990),Comedy|Romance,100405,114,movie
599,"Wild Bunch, The (1969)",Adventure|Western,65214,576,movie
600,Love and a .45 (1994),Action|Comedy|Crime,110395,15477,movie
602,"Great Day in Harlem, A (1994)",Documentary,109934,124472,movie
605,One Fine Day (1996),Drama|Romance,117247,7300,movie
606,Candyman: Farewell to the Flesh (1995),Fantasy|Horror,112625,10824,movie
608,Fargo (1996),Comedy|Crime|Drama|Thriller,116282,275,movie
609,Homeward Bound II: Lost in San Francisco (1996),Adventure|Children,116552,25059,movie
610,Heavy Metal (1981),Action|Adventure|Animation|Horror|Sci-Fi,82509,11827,movie
611,Hellraiser: Bloodline (1996),Action|Horror|Sci-Fi,116514,8766,movie
612,"Pallbearer, The (1996)",Comedy,117283,23570,movie
613,Jane Eyre (1996),Drama|Romance,116684,47333,movie
615,Bread and Chocolate (Pane e cioccolata) (1973),Comedy|Drama,70506,51242,movie
616,"Aristocats, The (1970)",Animation|Children,65421,10112,movie
617,"Flower of My Secret, The (La flor de mi secreto) (1995)",Comedy|Drama,113083,4307,movie
618,Two Much (1995),Comedy|Romance,118001,46029,movie
619,Ed (1996),Comedy,116165,32308,movie
626,"Thin Line Between Love and Hate, A (1996)",Comedy,117891,28121,movie
627,"Last Supper, The (1995)",Drama|Thriller,113613,12520,movie
628,Primal Fear (1996),Crime|Drama|Mystery|Thriller,117381,1592,movie
631,All Dogs Go to Heaven 2 (1996),Adventure|Animation|Children|Fantasy|Musical|Romance,115509,19042,movie
632,Land and Freedom (Tierra y libertad) (1995),Drama|War,114671,38884,movie
633,Denise Calls Up (1995),Comedy,112844,47449,movie
634,Theodore Rex (1995),Comedy,114658,36259,movie
635,"Family Thing, A (1996)",Comedy|Drama,116275,41852,movie
636,Frisk (1995),Drama,113122,40926,movie
637,Sgt. Bilko (1996),Comedy,117608,9099,movie
638,Jack and Sarah (1995),Romance,113448,2021,movie
639,Girl 6 (1996),Comedy|Drama,116414,61752,movie
640,Diabolique (1996),Drama|Thriller,116095,10988,movie
645,Nelly & Monsieur Arnaud (1995),Drama,113947,12652,movie
647,Courage Under Fire (1996),Action|Crime|Drama|War,115956,10684,movie
648,Mission: Impossible (1996),Action|Adventure|Mystery|Thriller,117060,954,movie
649,Cold Fever (Á köldum klaka) (1995),Comedy|Drama,109028,68445,movie
650,Moll Flanders (1996),Drama,117071,18989,movie
653,Dragonheart (1996),Action|Adventure|Fantasy,116136,8840,movie
656,Eddie (1996),Comedy,116168,11107,movie
661,James and the Giant Peach (1996),Adventure|Animation|Children|Fantasy|Musical,116683,10539,movie
662,Fear (1996),Thriller,116287,10543,movie
663,Kids in the Hall: Brain Candy (1996),Comedy,116768,18414,movie
665,Underground (1995),Comedy|Drama|War,114787,11902,movie
667,Bloodsport 2 (a.k.a. Bloodsport II: The Next Kumite) (1996),Action,112536,25087,movie
668,Song of the Little Road (Pather Panchali) (1955),Drama,48473,5801,movie
670,"World of Apu, The (Apur Sansar) (1959)",Drama,52572,896,movie
671,Mystery Science Theater 3000: The Movie (1996),Comedy|Sci-Fi,117128,3065,movie
673,Space Jam (1996),Adventure|Animation|Children|Comedy|Fantasy|Sci-Fi,117705,2300,movie
674,Barbarella (1968),Adventure|Comedy|Sci-Fi,62711,8069,movie
678,Some Folks Call It a Sling Blade (1993),Drama|Thriller,108181,27768,movie
679,"Run of the Country, The (1995)",Drama,114307,221917,movie
680,"Alphaville (Alphaville, une étrange aventure de Lemmy Caution) (1965)",Drama|Mystery|Romance|Sci-Fi|Thriller,58898,8072,movie
685,It's My Party (1996),Drama,113443,33245,movie
688,Operation Dumbo Drop (1995),Action|Adventure|Comedy|War,114048,27281,movie
691,Mrs. Winterbourne (1996),Comedy|Romance,117104,40001,movie
692,Solo (1996),Action|Sci-Fi|Thriller,117688,29621,movie
694,"Substitute, The (1996)",Action|Crime|Drama,117774,20762,movie
695,True Crime (1996),Mystery|Thriller,114736,37144,movie
697,Feeling Minnesota (1996),Drama|Romance,116289,12656,movie
698,Delta of Venus (1995),Drama,109593,38867,movie
700,Angus (1995),Comedy,112368,25969,movie
703,Boys (1996),Drama,115742,43634,movie
704,"Quest, The (1996)",Action|Adventure,117420,9103,movie
706,Sunset Park (1996),Drama,117784,29649,movie
707,Mulholland Falls (1996),Crime|Drama|Thriller,117107,10990,movie
708,"Truth About Cats & Dogs, The (1996)",Comedy|Romance,117979,8866,movie
709,Oliver & Company (1988),Adventure|Animation|Children|Comedy|Musical,95776,12233,movie
710,Celtic Pride (1996),Comedy,115851,23449,movie
711,Flipper (1996),Adventure|Children,116322,36355,movie
714,Dead Man (1995),Drama|Mystery|Western,112817,922,movie
715,"Horseman on the Roof, The (Hussard sur le toit, Le) (1995)",Drama|Romance,113362,11876,movie
718,"Visitors, The (Visiteurs, Les) (1993)",Comedy|Fantasy|Sci-Fi,108500,11687,movie
719,Multiplicity (1996),Comedy,117108,9304,movie
720,Wallace & Gromit: The Best of Aardman Animation (1996),Adventure|Animation|Comedy,118114,503475,movie
722,"Haunted World of Edward D. Wood Jr., The (1996)",Documentary,113270,73183,movie
724,"Craft, The (1996)",Drama|Fantasy|Horror|Thriller,115963,9100,movie
725,"Great White Hype, The (1996)",Comedy,116448,20759,movie
726,Last Dance (1996),Drama,116827,46063,movie
728,Cold Comfort Farm (1995),Comedy,112701,32513,movie
731,Heaven's Prisoners (1996),Crime|Thriller,116508,36915,movie
733,"Rock, The (1996)",Action|Adventure|Thriller,117500,9802,movie
735,Cemetery Man (Dellamorte Dellamore) (1994),Horror,109592,21588,movie
736,Twister (1996),Action|Adventure|Romance|Thriller,117998,664,movie
737,Barb Wire (1996),Action|Sci-Fi,115624,11867,movie
741,Ghost in the Shell (Kôkaku kidôtai) (1995),Animation|Sci-Fi,113568,9323,movie
742,Thinner (1996),Horror|Thriller,117894,10280,movie
743,Spy Hard (1996),Comedy,117723,10535,movie
745,Wallace & Gromit: A Close Shave (1995),Animation|Children|Comedy,112691,532,movie
747,"Stupids, The (1996)",Comedy,117768,16299,movie
748,"Arrival, The (1996)",Action|Sci-Fi|Thriller,115571,10547,movie
750,Dr. Strangelove or: How I Learned to Stop Worrying and Love the Bomb (1964),Comedy|War,57012,935,movie
757,Ashes of Time (Dung che sai duk) (1994),Drama,109688,40751,movie
759,Maya Lin: A Strong Clear Vision (1994),Documentary,110480,85778,movie
760,Stalingrad (1993),Drama|War,108211,11101,movie
761,"Phantom, The (1996)",Action|Adventure,117331,9826,movie
762,Striptease (1996),Comedy|Crime,117765,9879,movie
764,Heavy (1995),Drama|Romance,113280,22621,movie
765,Jack (1996),Comedy|Drama,116669,7095,movie
766,I Shot Andy Warhol (1996),Drama,116594,26890,movie
773,Touki Bouki (1973),Drama,70820,77771,movie
775,Spirits of the Dead (1968),Horror|Mystery,63715,41225,movie
778,Trainspotting (1996),Comedy|Crime|Drama,117951,627,movie
779,'Til There Was You (1997),Drama|Romance,118523,32872,movie
780,Independence Day (a.k.a. ID4) (1996),Action|Adventure|Sci-Fi|Thriller,116629,602,movie
781,Stealing Beauty (1996),Drama,117737,14553,movie
782,"Fan, The (1996)",Drama|Thriller,116277,9566,movie
783,"Hunchback of Notre Dame, The (1996)",Animation|Children|Drama|Musical|Romance,116583,10545,movie
784,"Cable Guy, The (1996)",Comedy|Thriller,115798,9894,movie
785,Kingpin (1996),Comedy,116778,11543,movie
786,Eraser (1996),Action|Drama|Thriller,116213,9268,movie
788,"Nutty Professor, The (1996)",Comedy|Fantasy|Romance|Sci-Fi,117218,9327,movie
790,"Unforgettable Summer, An (Un été inoubliable) (1994)",Drama,111546,81949,movie
791,"Last Klezmer: Leopold Kozlowski, His Life and Music, The (1994)",Documentary,113610,706007,movie
795,Somebody to Love (1994),Drama,111237,44535,movie
798,Daylight (1996),Action|Adventure|Drama|Thriller,116040,11228,movie
799,"Frighteners, The (1996)",Comedy|Horror|Thriller,116365,10779,movie
800,Lone Star (1996),Drama|Mystery|Western,116905,26748,movie
801,Harriet the Spy (1996),Children|Comedy,116493,38223,movie
802,Phenomenon (1996),Drama|Romance,117333,9294,movie
803,Walking and Talking (1996),Comedy|Drama|Romance,118113,49963,movie
804,She's the One (1996),Comedy|Romance,117628,11363,movie
805,"Time to Kill, A (1996)",Drama|Thriller,117913,1645,movie
806,American Buffalo (1996),Crime|Drama,115530,31546,movie
808,Alaska (1996),Adventure|Children,115493,36344,movie
809,Fled (1996),Action|Adventure,116320,18550,movie
810,Kazaam (1996),Children|Comedy|Fantasy,116756,11511,movie
813,Larger Than Life (1996),Comedy,116823,34170,movie
818,"Very Brady Sequel, A (1996)",Comedy,118073,12606,movie
823,"Collector, The (La collectionneuse) (1967)",Drama,61495,4837,movie
824,Kaspar Hauser (1993),Drama|Mystery,110246,12632,movie
828,"Adventures of Pinocchio, The (1996)",Adventure|Children,115472,18975,movie
829,Joe's Apartment (1996),Comedy|Fantasy|Musical,116707,11962,movie
830,"First Wives Club, The (1996)",Comedy,116313,2925,movie
832,Ransom (1996),Crime|Thriller,117438,3595,movie
833,High School High (1996),Comedy,116531,9308,movie
835,Foxfire (1996),Drama,116353,18555,movie
836,Chain Reaction (1996),Action|Adventure|Thriller,115857,12123,movie
837,Matilda (1996),Children|Comedy|Fantasy,117008,10830,movie
838,Emma (1996),Comedy|Drama|Romance,116191,3573,movie
839,"Crow: City of Angels, The (1996)",Action|Thriller,115986,10546,movie
840,House Arrest (1996),Children|Comedy,116571,18862,movie
841,"Eyes Without a Face (Yeux sans visage, Les) (1959)",Horror,53459,31417,movie
842,Tales from the Crypt Presents: Bordello of Blood (1996),Comedy|Horror,117826,9431,movie
848,"Spitfire Grill, The (1996)",Drama,117718,47907,movie
849,Escape from L.A. (1996),Action|Adventure|Sci-Fi|Thriller,116225,10061,movie
851,Basquiat (1996),Drama,115632,549,movie
852,Tin Cup (1996),Comedy|Drama|Romance,117918,10478,movie
858,"Godfather, The (1972)",Crime|Drama,68646,238,movie
861,Supercop (Police Story 3: Supercop) (Jing cha gu shi III: Chao ji jing cha) (1992),Action|Comedy|Crime|Thriller,104558,11134,movie
866,Bound (1996),Crime|Drama|Romance|Thriller,115736,9303,movie
867,Carpool (1996),Comedy|Crime,115836,23945,movie
869,Kansas City (1996),Crime|Drama|Musical|Thriller,116745,22479,movie
870,Gone Fishin' (1997),Comedy,119214,9054,movie
875,Nothing to Lose (1994),Action|Crime|Drama,110693,410921,movie
876,Supercop 2 (Project S) (Chao ji ji hua) (1993),Action|Comedy|Crime|Thriller,106544,38955,movie
879,"Relic, The (1997)",Horror|Thriller,120004,11015,movie
880,"Island of Dr. Moreau, The (1996)",Sci-Fi|Thriller,116654,9306,movie
881,First Kid (1996),Children|Comedy,116311,12559,movie
882,"Trigger Effect, The (1996)",Drama|Thriller,117965,58770,movie
885,Bogus (1996),Children|Drama|Fantasy,115725,3587,movie
886,Bulletproof (1996),Action|Comedy|Crime,115783,10723,movie
888,Land Before Time III: The Time of the Great Giving (1995),Adventure|Animation|Children|Musical,113596,19004,movie
889,1-900 (06) (1994),Drama|Romance,109001,101230,movie
891,Halloween: The Curse of Michael Myers (Halloween 6: The Curse of Michael Myers) (1995),Horror|Thriller,113253,10987,movie
892,Twelfth Night (1996),Comedy|Drama|Romance,117991,44705,movie
893,Mother Night (1996),Drama,117093,20318,movie
896,Wild Reeds (Les roseaux sauvages) (1994),Drama,111019,26933,movie
897,For Whom the Bell Tolls (1943),Adventure|Drama|Romance|War,35896,27854,movie
898,"Philadelphia Story, The (1940)",Comedy|Drama|Romance,32904,981,movie
899,Singin' in the Rain (1952),Comedy|Musical|Romance,45152,872,movie
900,"American in Paris, An (1951)",Musical|Romance,43278,2769,movie
901,Funny Face (1957),Comedy|Musical,50419,13320,movie
902,Breakfast at Tiffany's (1961),Drama|Romance,54698,164,movie
903,Vertigo (1958),Drama|Mystery|Romance|Thriller,52357,426,movie
904,Rear Window (1954),Mystery|Thriller,47396,567,movie
905,It Happened One Night (1934),Comedy|Romance,25316,3078,movie
906,Gaslight (1944),Drama|Thriller,36855,13528,movie
907,"Gay Divorcee, The (1934)",Comedy|Musical|Romance,25164,28288,movie
908,North by Northwest (1959),Action|Adventure|Mystery|Romance|Thriller,53125,213,movie
909,"Apartment, The (1960)",Comedy|Drama|Romance,53604,284,movie
910,Some Like It Hot (1959),Comedy|Crime,53291,239,movie
911,Charade (1963),Comedy|Crime|Mystery|Romance|Thriller,56923,4808,movie
912,Casablanca (1942),Drama|Romance,34583,289,movie
913,"Maltese Falcon, The (1941)",Film-Noir|Mystery,33870,963,movie
914,My Fair Lady (1964),Comedy|Drama|Musical|Romance,58385,11113,movie
915,Sabrina (1954),Comedy|Romance,47437,6620,movie
916,Roman Holiday (1953),Comedy|Drama|Romance,46250,804,movie
917,"Little Princess, The (1939)",Children|Drama,31580,26531,movie
918,Meet Me in St. Louis (1944),Musical,37059,909,movie
919,"Wizard of Oz, The (1939)",Adventure|Children|Fantasy|Musical,32138,630,movie
920,Gone with the Wind (1939),Drama|Romance|War,31381,770,movie
921,My Favorite Year (1982),Comedy,84370,31044,movie
922,Sunset Blvd. (a.k.a. Sunset Boulevard) (1950),Drama|Film-Noir|Romance,43014,599,movie
923,Citizen Kane (1941),Drama|Mystery,33467,15,movie
924,2001: A Space Odyssey (1968),Adventure|Drama|Sci-Fi,62622,62,movie
926,All About Eve (1950),Drama,42192,705,movie
927,"Women, The (1939)",Comedy,32143,22490,movie
928,Rebecca (1940),Drama|Mystery|Romance|Thriller,32976,223,movie
929,Foreign Correspondent (1940),Drama|Film-Noir|Mystery|Thriller,32484,25670,movie
930,Notorious (1946),Film-Noir|Romance|Thriller,38787,303,movie
931,Spellbound (1945),Mystery|Romance|Thriller,38109,4174,movie
932,"Affair to Remember, An (1957)",Drama|Romance,50105,8356,movie
933,To Catch a Thief (1955),Crime|Mystery|Romance|Thriller,48728,381,movie
934,Father of the Bride (1950),Comedy,42451,20758,movie
935,"Band Wagon, The (1953)",Comedy|Musical,45537,29376,movie
936,Ninotchka (1939),Comedy|Romance,31725,1859,movie
937,Love in the Afternoon (1957),Comedy|Romance,50658,18299,movie
938,Gigi (1958),Musical,51658,17281,movie
940,"Adventures of Robin Hood, The (1938)",Action|Adventure|Romance,29843,10907,movie
941,"Mark of Zorro, The (1940)",Adventure,32762,32093,movie
942,Laura (1944),Crime|Film-Noir|Mystery,37008,1939,movie
943,"Ghost and Mrs. Muir, The (1947)",Drama|Fantasy|Romance,39420,22292,movie
944,Lost Horizon (1937),Drama,29162,3598,movie
945,Top Hat (1935),Comedy|Musical|Romance,27125,3080,movie
946,To Be or Not to Be (1942),Comedy|Drama|War,35446,198,movie
947,My Man Godfrey (1936),Comedy|Romance,28010,13562,movie
948,Giant (1956),Drama|Romance|Western,49261,1712,movie
949,East of Eden (1955),Drama,48028,220,movie
950,"Thin Man, The (1934)",Comedy|Crime,25878,3529,movie
951,His Girl Friday (1940),Comedy|Romance,32599,3085,movie
952,Around the World in 80 Days (1956),Adventure|Comedy,48960,2897,movie
953,It's a Wonderful Life (1946),Children|Drama|Fantasy|Romance,38650,1585,movie
954,Mr. Smith Goes to Washington (1939),Drama,31679,3083,movie
955,Bringing Up Baby (1938),Comedy|Romance,29947,900,movie
956,Penny Serenade (1941),Drama|Romance,34012,43795,movie
959,Of Human Bondage (1934),Drama,25586,43905,movie
961,Little Lord Fauntleroy (1936),Drama,27893,23114,movie
963,"Inspector General, The (1949)",Musical,41509,40206,movie
965,"39 Steps, The (1935)",Drama|Mystery|Thriller,26029,260,movie
968,Night of the Living Dead (1968),Horror|Sci-Fi|Thriller,63350,10331,movie
969,"African Queen, The (1951)",Adventure|Comedy|Romance|War,43265,488,movie
970,Beat the Devil (1953),Adventure|Comedy|Crime|Drama|Romance,46414,22733,movie
971,Cat on a Hot Tin Roof (1958),Drama,51459,261,movie
973,Meet John Doe (1941),Comedy|Drama,33891,32574,movie
976,"Farewell to Arms, A (1932)",Romance|War,22879,22649,movie
979,Nothing Personal (1995),Drama|War,114007,125587,movie
981,Dangerous Ground (1997),Drama,118927,52855,movie
982,Picnic (1955),Drama,48491,39940,movie
984,"Pompatus of Love, The (1996)",Comedy|Drama,117357,85328,movie
986,Fly Away Home (1996),Adventure|Children,116329,11076,movie
987,Bliss (1997),Drama|Romance,118742,63945,movie
988,Grace of My Heart (1996),Comedy|Drama,116442,58985,movie
990,Maximum Risk (1996),Action|Adventure|Thriller,117011,10861,movie
991,Michael Collins (1996),Drama,117039,1770,movie
993,Infinity (1996),Drama,116635,2033,movie
994,Big Night (1996),Comedy|Drama,115678,18203,movie
996,Last Man Standing (1996),Action|Crime|Drama|Thriller,116830,9333,movie
998,Set It Off (1996),Action|Crime,117603,9400,movie
999,2 Days in the Valley (1996),Crime|Film-Noir,115438,9401,movie
1003,Extreme Measures (1996),Drama|Thriller,116259,11306,movie
1004,"Glimmer Man, The (1996)",Action|Thriller,116421,9625,movie
1005,D3: The Mighty Ducks (1996),Children|Comedy,116000,10680,movie
1006,"Chamber, The (1996)",Drama,115862,6346,movie
1007,"Apple Dumpling Gang, The (1975)",Children|Comedy|Western,72653,18660,movie
1008,"Davy Crockett, King of the Wild Frontier (1955)",Adventure|Western,47977,35115,movie
1009,Escape to Witch Mountain (1975),Adventure|Children|Fantasy,72951,14821,movie
1010,"Love Bug, The (1969)",Children|Comedy,64603,14136,movie
1011,Herbie Rides Again (1974),Children|Comedy|Fantasy|Romance,71607,10869,movie
1012,Old Yeller (1957),Children|Drama,50798,22660,movie
1013,"Parent Trap, The (1961)",Children|Comedy|Romance,55277,19186,movie
1014,Pollyanna (1960),Children|Comedy|Drama,54195,31102,movie
1015,Homeward Bound: The Incredible Journey (1993),Adventure|Children|Drama,107131,6878,movie
1016,"Shaggy Dog, The (1959)",Children|Comedy,53271,15944,movie
1017,Swiss Family Robinson (1960),Adventure|Children,54357,18444,movie
1018,That Darn Cat! (1965),Children|Comedy|Mystery,59793,20723,movie
1019,"20,000 Leagues Under the Sea (1954)",Adventure|Drama|Sci-Fi,46672,173,movie
1020,Cool Runnings (1993),Comedy,106611,864,movie
1021,Angels in the Outfield (1994),Children|Comedy,109127,24795,movie
1022,Cinderella (1950),Animation|Children|Fantasy|Musical|Romance,42332,11224,movie
1023,Winnie the Pooh and the Blustery Day (1968),Animation|Children|Musical,63819,81310,movie
1024,"Three Caballeros, The (1945)",Animation|Children|Musical,38166,15947,movie
1025,"Sword in the Stone, The (1963)",Animation|Children|Fantasy|Musical,57546,9078,movie
1027,Robin Hood: Prince of Thieves (1991),Adventure|Drama,102798,8367,movie
1028,Mary Poppins (1964),Children|Comedy|Fantasy|Musical,58331,433,movie
1029,Dumbo (1941),Animation|Children|Drama|Musical,33563,11360,movie
1030,Pete's Dragon (1977),Adventure|Animation|Children|Musical,76538,11114,movie
1031,Bedknobs and Broomsticks (1971),Adventure|Children|Musical,66817,12335,movie
1032,Alice in Wonderland (1951),Adventure|Animation|Children|Fantasy|Musical,43274,12092,movie
1033,"Fox and the Hound, The (1981)",Animation|Children|Drama,82406,10948,movie
1034,Freeway (1996),Comedy|Crime|Drama|Thriller,116361,11229,movie
1035,"Sound of Music, The (1965)",Musical|Romance,59742,15121,movie
1036,Die Hard (1988),Action|Crime|Thriller,95016,562,movie
1037,"Lawnmower Man, The (1992)",Action|Horror|Sci-Fi|Thriller,104692,10163,movie
1040,"Secret Agent, The (1996)",Drama,117582,47199,movie
1041,Secrets & Lies (1996),Drama,117589,11159,movie
1042,That Thing You Do! (1996),Comedy|Drama,117887,9591,movie
1043,To Gillian on Her 37th Birthday (1996),Drama|Romance,117924,30500,movie
1046,Beautiful Thing (1996),Drama|Romance,115640,10938,movie
1047,"Long Kiss Goodnight, The (1996)",Action|Drama|Thriller,116908,11412,movie
1049,"Ghost and the Darkness, The (1996)",Action|Adventure,116409,10586,movie
1050,Looking for Richard (1996),Documentary|Drama,116913,42314,movie
1051,Trees Lounge (1996),Drama,117958,27845,movie
1053,Normal Life (1996),Crime|Drama|Romance,117202,23223,movie
1054,Get on the Bus (1996),Drama,116404,49471,movie
1055,Shadow Conspiracy (1997),Thriller,120107,38153,movie
1056,Jude (1996),Drama,116722,25147,movie
1057,Everyone Says I Love You (1996),Comedy|Musical|Romance,116242,9716,movie
1059,William Shakespeare's Romeo + Juliet (1996),Drama|Romance,117509,454,movie
1060,Swingers (1996),Comedy|Drama,117802,10218,movie
1061,Sleepers (1996),Thriller,117665,819,movie
1064,Aladdin and the King of Thieves (1996),Animation|Children|Comedy|Fantasy|Musical|Romance,115491,11238,movie
1066,Shall We Dance (1937),Comedy|Musical|Romance,29546,31530,movie
1068,Crossfire (1947),Crime|Film-Noir,39286,28120,movie
1073,Willy Wonka & the Chocolate Factory (1971),Children|Comedy|Fantasy|Musical,67992,252,movie
1076,"Innocents, The (1961)",Drama|Horror|Thriller,55018,16372,movie
1077,Sleeper (1973),Comedy|Sci-Fi,70707,11561,movie
1078,Bananas (1971),Comedy|War,66808,11302,movie
1079,"Fish Called Wanda, A (1988)",Comedy|Crime,95159,623,movie
1080,Monty Python's Life of Brian (1979),Comedy,79470,583,movie
1081,Victor/Victoria (1982),Comedy|Musical|Romance,84865,12614,movie
1082,"Candidate, The (1972)",Drama,68334,21711,movie
1083,"Great Race, The (1965)",Comedy|Musical,59243,11575,movie
1084,Bonnie and Clyde (1967),Crime|Drama,61418,475,movie
1085,"Old Man and the Sea, The (1958)",Adventure|Drama,52027,11331,movie
1086,Dial M for Murder (1954),Crime|Mystery|Thriller,46912,521,movie
1088,Dirty Dancing (1987),Drama|Musical|Romance,92890,88,movie
1089,Reservoir Dogs (1992),Crime|Mystery|Thriller,105236,500,movie
1090,Platoon (1986),Drama|War,91763,792,movie
1091,Weekend at Bernie's (1989),Comedy,98627,8491,movie
1092,Basic Instinct (1992),Crime|Mystery|Thriller,103772,402,movie
1093,"Doors, The (1991)",Drama,101761,10537,movie
1094,"Crying Game, The (1992)",Drama|Romance|Thriller,104036,11386,movie
1095,Glengarry Glen Ross (1992),Drama,104348,9504,movie
1096,Sophie's Choice (1982),Drama,84707,15764,movie
1097,E.T. the Extra-Terrestrial (1982),Children|Drama|Sci-Fi,83866,601,movie
1099,"Christmas Carol, A (1938)",Children|Drama|Fantasy,29992,25842,movie
1100,Days of Thunder (1990),Action|Drama|Romance,99371,2119,movie
1101,Top Gun (1986),Action|Romance,92099,744,movie
1103,Rebel Without a Cause (1955),Drama,48545,221,movie
1104,"Streetcar Named Desire, A (1951)",Drama,44081,702,movie
1105,Children of the Corn IV: The Gathering (1996),Horror,115885,25750,movie
1107,Loser (1991),Comedy,102336,1589361,movie
1111,Microcosmos (Microcosmos: Le peuple de l'herbe) (1996),Documentary,117040,9305,movie
1112,Palookaville (1996),Action|Comedy|Drama,117284,37616,movie
1114,"Funeral, The (1996)",Crime|Drama,116378,21612,movie
1116,"Single Girl, A (Fille seule, La) (1995)",Drama,113057,102461,movie
1117,"Eighth Day, The (Huitième jour, Le) (1996)",Drama,116581,36998,movie
1119,Drunks (1995),Drama,112907,116844,movie
1120,"People vs. Larry Flynt, The (1996)",Comedy|Drama,117318,1630,movie
1121,Glory Daze (1995),Drama,116422,26626,movie
1123,"Perfect Candidate, A (1996)",Documentary,117320,124837,movie
1124,On Golden Pond (1981),Drama,82846,11816,movie
1125,"Return of the Pink Panther, The (1975)",Comedy|Crime,72081,11843,movie
1126,Drop Dead Fred (1991),Comedy|Fantasy,101775,10379,movie
1127,"Abyss, The (1989)",Action|Adventure|Sci-Fi|Thriller,96754,2756,movie
1128,"Fog, The (1980)",Horror,80749,790,movie
1129,Escape from New York (1981),Action|Adventure|Sci-Fi|Thriller,82340,1103,movie
1130,"Howling, The (1980)",Horror|Mystery,82533,11298,movie
1131,Jean de Florette (1986),Drama|Mystery,91288,4480,movie
1132,Manon of the Spring (Manon des sources) (1986),Drama,91480,4481,movie
1135,Private Benjamin (1980),Comedy,81375,10765,movie
1136,Monty Python and the Holy Grail (1975),Adventure|Comedy|Fantasy,71853,762,movie
1137,Hustler White (1996),Romance,116587,44497,movie
1140,Entertaining Angels: The Dorothy Day Story (1996),Drama,116212,99479,movie
1144,"Line King: The Al Hirschfeld Story, The (1996)",Documentary,116886,124829,movie
1147,When We Were Kings (1996),Documentary,118147,10548,movie
1148,Wallace & Gromit: The Wrong Trousers (1993),Animation|Children|Comedy|Crime,108598,531,movie
1150,"Return of Martin Guerre, The (Retour de Martin Guerre, Le) (1982)",Drama,84589,4483,movie
1151,Lesson Faust (1994),Animation|Comedy|Drama|Fantasy,109781,18919,movie
1156,"Children Are Watching Us, The (Bambini ci guardano, I) (1944)",Drama,34493,61461,movie
1161,"Tin Drum, The (Blechtrommel, Die) (1979)",Drama|War,78875,659,movie
1162,"Ruling Class, The (1972)",Comedy|Drama,69198,30892,movie
1163,Mina Tannenbaum (1994),Drama,110521,86369,movie
1167,Dear God (1996),Comedy,116059,38554,movie
1170,Best of the Best 3: No Turning Back (1995),Action,112483,36555,movie
1171,Bob Roberts (1992),Comedy,103850,10608,movie
1172,Cinema Paradiso (Nuovo cinema Paradiso) (1989),Drama,95765,11216,movie
1173,"Cook the Thief His Wife & Her Lover, The (1989)",Comedy|Drama,97108,7452,movie
1175,Delicatessen (1991),Comedy|Drama|Romance,101700,892,movie
1176,"Double Life of Veronique, The (Double Vie de Véronique, La) (1991)",Drama|Fantasy|Romance,101765,1600,movie
1177,Enchanted April (1992),Drama|Romance,101811,26561,movie
1178,Paths of Glory (1957),Drama|War,50825,975,movie
1179,"Grifters, The (1990)",Crime|Drama|Film-Noir,99703,18129,movie
1180,Hear My Song (1991),Comedy,102014,54405,movie
1183,"English Patient, The (1996)",Drama|Romance|War,116209,409,movie
1184,Mediterraneo (1991),Comedy|Drama,102426,38251,movie
1185,My Left Foot (1989),Drama,97937,10161,movie
1186,"Sex, Lies, and Videotape (1989)",Drama,98724,1412,movie
1187,Passion Fish (1992),Drama,105107,41768,movie
1188,Strictly Ballroom (1992),Comedy|Romance,105488,10409,movie
1189,"Thin Blue Line, The (1988)",Documentary,96257,14285,movie
1190,Tie Me Up! Tie Me Down! (¡Átame!) (1990),Crime|Drama|Romance,101026,2469,movie
1191,Madonna: Truth or Dare (1991),Documentary|Musical,102370,10174,movie
1192,Paris Is Burning (1990),Documentary,100332,31225,movie
1193,One Flew Over the Cuckoo's Nest (1975),Drama,73486,510,movie
1194,Cheech and Chong's Up in Smoke (1978),Comedy,78446,11455,movie
1196,Star Wars: Episode V - The Empire Strikes Back (1980),Action|Adventure|Sci-Fi,80684,1891,movie
1197,"Princess Bride, The (1987)",Action|Adventure|Comedy|Fantasy|Romance,93779,2493,movie
1198,Raiders of the Lost Ark (Indiana Jones and the Raiders of the Lost Ark) (1981),Action|Adventure,82971,85,movie
1199,Brazil (1985),Fantasy|Sci-Fi,88846,68,movie
1200,Aliens (1986),Action|Adventure|Horror|Sci-Fi,90605,679,movie
1201,"Good, the Bad and the Ugly, The (Buono, il brutto, il cattivo, Il) (1966)",Action|Adventure|Western,60196,429,movie
1202,Withnail & I (1987),Comedy,94336,13446,movie
1203,12 Angry Men (1957),Drama,50083,389,movie
1204,Lawrence of Arabia (1962),Adventure|Drama|War,56172,947,movie
1206,"Clockwork Orange, A (1971)",Crime|Drama|Sci-Fi|Thriller,66921,185,movie
1207,To Kill a Mockingbird (1962),Drama,56592,595,movie
1208,Apocalypse Now (1979),Action|Drama|War,78788,28,movie
1209,Once Upon a Time in the West (C'era una volta il West) (1968),Action|Drama|Western,64116,335,movie
1210,Star Wars: Episode VI - Return of the Jedi (1983),Action|Adventure|Sci-Fi,86190,1892,movie
1211,"Wings of Desire (Himmel über Berlin, Der) (1987)",Drama|Fantasy|Romance,93191,144,movie
1212,"Third Man, The (1949)",Film-Noir|Mystery|Thriller,41959,1092,movie
1213,Goodfellas (1990),Crime|Drama,99685,769,movie
1214,Alien (1979),Horror|Sci-Fi,78748,348,movie
1215,Army of Darkness (1993),Action|Adventure|Comedy|Fantasy|Horror,106308,766,movie
1216,"Big Blue, The (Grand bleu, Le) (1988)",Adventure|Drama|Romance,95250,175,movie
1217,Ran (1985),Drama|War,89881,11645,movie
1218,"Killer, The (Die xue shuang xiong) (1989)",Action|Crime|Drama|Thriller,97202,10835,movie
1219,Psycho (1960),Crime|Horror,54215,539,movie
1220,"Blues Brothers, The (1980)",Action|Comedy|Musical,80455,525,movie
1221,"Godfather: Part II, The (1974)",Crime|Drama,71562,240,movie
1222,Full Metal Jacket (1987),Drama|War,93058,600,movie
1223,"Grand Day Out with Wallace and Gromit, A (1989)",Adventure|Animation|Children|Comedy|Sci-Fi,104361,530,movie
1224,Henry V (1989),Action|Drama|Romance|War,97499,10705,movie
1225,Amadeus (1984),Drama,86879,279,movie
1226,"Quiet Man, The (1952)",Drama|Romance,45061,3109,movie
1227,Once Upon a Time in America (1984),Crime|Drama,87843,311,movie
1228,Raging Bull (1980),Drama,81398,1578,movie
1230,Annie Hall (1977),Comedy|Romance,75686,703,movie
1231,"Right Stuff, The (1983)",Drama,86197,9549,movie
1232,Stalker (1979),Drama|Mystery|Sci-Fi,79944,1398,movie
1233,"Boot, Das (Boat, The) (1981)",Action|Drama|War,82096,387,movie
1234,"Sting, The (1973)",Comedy|Crime,70735,9277,movie
1235,Harold and Maude (1971),Comedy|Drama|Romance,67185,343,movie
1236,Trust (1990),Comedy|Drama|Romance,103130,37291,movie
1237,"Seventh Seal, The (Sjunde inseglet, Det) (1957)",Drama,50976,490,movie
1238,Local Hero (1983),Comedy,85859,11235,movie
1240,"Terminator, The (1984)",Action|Sci-Fi|Thriller,88247,218,movie
1241,Dead Alive (Braindead) (1992),Comedy|Fantasy|Horror,103873,763,movie
1242,Glory (1989),Drama|War,97441,9665,movie
1243,Rosencrantz and Guildenstern Are Dead (1990),Comedy|Drama,100519,18971,movie
1244,Manhattan (1979),Comedy|Drama|Romance,79522,696,movie
1245,Miller's Crossing (1990),Crime|Drama|Film-Noir|Thriller,100150,379,movie
1246,Dead Poets Society (1989),Drama,97165,207,movie
1247,"Graduate, The (1967)",Comedy|Drama|Romance,61722,37247,movie
1248,Touch of Evil (1958),Crime|Film-Noir|Thriller,52311,1480,movie
1249,"Femme Nikita, La (Nikita) (1990)",Action|Crime|Romance|Thriller,100263,9322,movie
1250,"Bridge on the River Kwai, The (1957)",Adventure|Drama|War,50212,826,movie
1251,8 1/2 (8½) (1963),Drama|Fantasy,56801,422,movie
1252,Chinatown (1974),Crime|Film-Noir|Mystery|Thriller,71315,829,movie
1253,"Day the Earth Stood Still, The (1951)",Drama|Sci-Fi|Thriller,43456,828,movie
1254,"Treasure of the Sierra Madre, The (1948)",Action|Adventure|Drama|Western,40897,3090,movie
1255,Bad Taste (1987),Comedy|Horror|Sci-Fi,92610,9964,movie
1256,Duck Soup (1933),Comedy|Musical|War,23969,3063,movie
1257,Better Off Dead... (1985),Comedy|Romance,88794,13667,movie
1258,"Shining, The (1980)",Horror,81505,694,movie
1259,Stand by Me (1986),Adventure|Drama,92005,235,movie
1260,M (1931),Crime|Film-Noir|Thriller,22100,832,movie
1261,Evil Dead II (Dead by Dawn) (1987),Action|Comedy|Fantasy|Horror,92991,765,movie
1262,"Great Escape, The (1963)",Action|Adventure|Drama|War,57115,5925,movie
1263,"Deer Hunter, The (1978)",Drama|War,77416,11778,movie
1264,Diva (1981),Action|Drama|Mystery|Romance|Thriller,82269,4485,movie
1265,Groundhog Day (1993),Comedy|Fantasy|Romance,107048,137,movie
1266,Unforgiven (1992),Drama|Western,105695,33,movie
1267,"Manchurian Candidate, The (1962)",Crime|Thriller|War,56218,982,movie
1268,Pump Up the Volume (1990),Comedy|Drama,100436,8428,movie
1269,Arsenic and Old Lace (1944),Comedy|Mystery|Thriller,36613,212,movie
1270,Back to the Future (1985),Adventure|Comedy|Sci-Fi,88763,105,movie
1271,Fried Green Tomatoes (1991),Comedy|Crime|Drama,101921,1633,movie
1272,Patton (1970),Drama|War,66206,11202,movie
1273,Down by Law (1986),Comedy|Drama|Film-Noir,90967,1554,movie
1274,Akira (1988),Action|Adventure|Animation|Sci-Fi,94625,149,movie
1275,Highlander (1986),Action|Adventure|Fantasy,91203,8009,movie
1276,Cool Hand Luke (1967),Drama,61512,903,movie
1277,Cyrano de Bergerac (1990),Comedy|Drama|Romance,99334,11673,movie
1278,Young Frankenstein (1974),Comedy|Fantasy,72431,3034,movie
1279,Night on Earth (1991),Comedy|Drama,102536,339,movie
1280,Raise the Red Lantern (Da hong deng long gao gao gua) (1991),Drama,101640,10404,movie
1281,"Great Dictator, The (1940)",Comedy|Drama|War,32553,914,movie
1282,Fantasia (1940),Animation|Children|Fantasy|Musical,32455,756,movie
1283,High Noon (1952),Drama|Western,44706,288,movie
1284,"Big Sleep, The (1946)",Crime|Film-Noir|Mystery,38355,910,movie
1285,Heathers (1989),Comedy,97493,2640,movie
1286,Somewhere in Time (1980),Drama|Romance,81534,16633,movie
1287,Ben-Hur (1959),Action|Adventure|Drama,52618,665,movie
1288,This Is Spinal Tap (1984),Comedy,88258,11031,movie
1289,Koyaanisqatsi (a.k.a. Koyaanisqatsi: Life Out of Balance) (1983),Documentary,85809,11314,movie
1290,Some Kind of Wonderful (1987),Drama|Romance,94006,15143,movie
1291,Indiana Jones and the Last Crusade (1989),Action|Adventure,97576,89,movie
1292,Being There (1979),Comedy|Drama,78841,10322,movie
1293,Gandhi (1982),Drama,83987,783,movie
1295,"Unbearable Lightness of Being, The (1988)",Drama,96332,10644,movie
1296,"Room with a View, A (1986)",Drama|Romance,91867,11257,movie
1297,Real Genius (1985),Comedy,89886,14370,movie
1298,Pink Floyd: The Wall (1982),Drama|Musical,84503,12104,movie
1299,"Killing Fields, The (1984)",Drama|War,87553,625,movie
1300,My Life as a Dog (Mitt liv som hund) (1985),Comedy|Drama,89606,8816,movie
1301,Forbidden Planet (1956),Drama|Sci-Fi,49223,830,movie
1302,Field of Dreams (1989),Children|Drama|Fantasy,97351,2323,movie
1303,"Man Who Would Be King, The (1975)",Adventure|Drama,73341,983,movie
1304,Butch Cassidy and the Sundance Kid (1969),Action|Western,64115,642,movie
1305,"Paris, Texas (1984)",Drama|Romance,87884,655,movie
1306,Until the End of the World (Bis ans Ende der Welt) (1991),Adventure|Drama|Sci-Fi,101458,10341,movie
1307,When Harry Met Sally... (1989),Comedy|Romance,98635,639,movie
1310,Hype! (1996),Documentary,116589,30180,movie
1312,Female Perversions (1996),Drama,116293,41801,movie
1318,Blue Juice (1995),Comedy|Drama,112537,18762,movie
1320,Alien³ (a.k.a. Alien 3) (1992),Action|Horror|Sci-Fi|Thriller,103644,8077,movie
1321,"American Werewolf in London, An (1981)",Comedy|Horror|Thriller,82010,814,movie
1322,Amityville 1992: It's About Time (1992),Horror,103678,41671,movie
1323,Amityville 3-D (1983),Horror,85159,27214,movie
1324,Amityville: Dollhouse (1996),Horror,115535,52263,movie
1325,Amityville: A New Generation (1993),Horror,106262,33519,movie
1326,Amityville II: The Possession (1982),Horror,83550,16235,movie
1327,"Amityville Horror, The (1979)",Drama|Horror|Mystery|Thriller,78767,11449,movie
1328,"Amityville Curse, The (1990)",Horror,99030,41848,movie
1329,Blood for Dracula (Andy Warhol's Dracula) (1974),Horror,71233,25944,movie
1330,April Fool's Day (1986),Horror,90655,24913,movie
1331,Audrey Rose (1977),Horror,75704,49126,movie
1332,"Believers, The (1987)",Horror|Thriller,92632,32076,movie
1333,"Birds, The (1963)",Horror|Thriller,56869,571,movie
1334,"Blob, The (1958)",Horror|Sci-Fi,51418,8851,movie
1335,Blood Beach (1981),Horror|Mystery,82083,37843,movie
1336,Body Parts (1991),Horror|Thriller,101492,32146,movie
1337,"Body Snatcher, The (1945)",Drama|Horror|Thriller,37549,30346,movie
1339,Dracula (Bram Stoker's Dracula) (1992),Fantasy|Horror|Romance|Thriller,103874,6114,movie
1340,"Bride of Frankenstein, The (Bride of Frankenstein) (1935)",Drama|Horror|Sci-Fi,26138,229,movie
1341,Burnt Offerings (1976),Horror,74258,13549,movie
1342,Candyman (1992),Horror|Thriller,103919,9529,movie
1343,Cape Fear (1991),Thriller,101540,1598,movie
1344,Cape Fear (1962),Crime|Drama|Thriller,55824,11349,movie
1345,Carrie (1976),Drama|Fantasy|Horror|Thriller,74285,7340,movie
1346,Cat People (1982),Drama|Fantasy|Horror,83722,6217,movie
1347,"Nightmare on Elm Street, A (1984)",Horror|Thriller,87800,377,movie
1348,"Nosferatu (Nosferatu, eine Symphonie des Grauens) (1922)",Horror,13442,653,movie
1349,Vampire in Venice (Nosferatu a Venezia) (Nosferatu in Venice) (1986),Horror,91651,28198,movie
1350,"Omen, The (1976)",Horror|Mystery|Thriller,75005,794,movie
1351,Blood and Wine (Blood & Wine) (1996),Crime|Drama|Thriller,115710,31640,movie
1352,Albino Alligator (1996),Crime|Thriller,115495,8744,movie
1353,"Mirror Has Two Faces, The (1996)",Comedy|Drama|Romance,117057,25189,movie
1354,Breaking the Waves (1996),Drama|Mystery,115751,145,movie
1355,Nightwatch (1997),Horror|Thriller,119791,2212,movie
1356,Star Trek: First Contact (1996),Action|Adventure|Sci-Fi|Thriller,117731,199,movie
1357,Shine (1996),Drama|Romance,117631,7863,movie
1358,Sling Blade (1996),Drama,117666,12498,movie
1359,Jingle All the Way (1996),Children|Comedy,116705,9279,movie
1361,Paradise Lost: The Child Murders at Robin Hood Hills (1996),Documentary,117293,17204,movie
1363,"Preacher's Wife, The (1996)",Drama,117372,21539,movie
1365,Ridicule (1996),Drama,117477,12709,movie
1366,"Crucible, The (1996)",Drama,115988,20539,movie
1367,101 Dalmatians (1996),Adventure|Children|Comedy,115433,11674,movie
1370,Die Hard 2 (1990),Action|Adventure|Thriller,99423,1573,movie
1371,Star Trek: The Motion Picture (1979),Adventure|Sci-Fi,79945,152,movie
1372,Star Trek VI: The Undiscovered Country (1991),Action|Mystery|Sci-Fi,102975,174,movie
1373,Star Trek V: The Final Frontier (1989),Action|Sci-Fi,98382,172,movie
1374,Star Trek II: The Wrath of Khan (1982),Action|Adventure|Sci-Fi|Thriller,84726,154,movie
1375,Star Trek III: The Search for Spock (1984),Action|Adventure|Sci-Fi,88170,157,movie
1376,Star Trek IV: The Voyage Home (1986),Adventure|Comedy|Sci-Fi,92007,168,movie
1377,Batman Returns (1992),Action|Crime,103776,364,movie
1378,Young Guns (1988),Action|Comedy|Western,96487,11967,movie
1379,Young Guns II (1990),Action|Western,100994,9086,movie
1380,Grease (1978),Comedy|Musical|Romance,77631,621,movie
1381,Grease 2 (1982),Comedy|Musical|Romance,84021,9037,movie
1382,Marked for Death (1990),Action|Drama,100114,10173,movie
1385,Under Siege (1992),Action|Drama|Thriller,105690,8845,movie
1387,Jaws (1975),Action|Horror,73195,578,movie
1388,Jaws 2 (1978),Horror|Thriller,77766,579,movie
1389,Jaws 3-D (1983),Action|Horror,85750,17692,movie
1390,My Fellow Americans (1996),Comedy,117119,17795,movie
1391,Mars Attacks! (1996),Action|Comedy|Sci-Fi,116996,75,movie
1392,Citizen Ruth (1996),Comedy|Drama,115906,13891,movie
1393,Jerry Maguire (1996),Drama|Romance,116695,9390,movie
1394,Raising Arizona (1987),Comedy,93822,378,movie
1395,Tin Men (1987),Comedy|Drama,94155,10896,movie
1396,Sneakers (1992),Action|Comedy|Crime|Drama|Sci-Fi,105435,2322,movie
1397,Bastard Out of Carolina (1996),Drama,115633,41240,movie
1398,In Love and War (1996),Romance|War,116621,26949,movie
1399,Marvin's Room (1996),Drama,116999,9819,movie
1401,Ghosts of Mississippi (1996),Drama,116410,31908,movie
1405,Beavis and Butt-Head Do America (1996),Adventure|Animation|Comedy|Crime,115641,3179,movie
1406,La Cérémonie (1995),Crime|Drama|Mystery|Thriller,112769,1802,movie
1407,Scream (1996),Comedy|Horror|Mystery|Thriller,117571,4232,movie
1408,"Last of the Mohicans, The (1992)",Action|Romance|War|Western,104691,9361,movie
1409,Michael (1996),Comedy|Drama|Fantasy|Romance,117038,2928,movie
1411,Hamlet (1996),Crime|Drama|Romance,116477,10549,movie
1412,Some Mother's Son (1996),Drama,117690,58102,movie
1413,"Whole Wide World, The (1996)",Drama,118163,18451,movie
1414,Mother (1996),Comedy,117091,27265,movie
1415,"Thieves (Voleurs, Les) (1996)",Crime|Drama|Romance,118100,49935,movie
1416,Evita (1996),Drama|Musical,116250,8818,movie
1417,"Portrait of a Lady, The (1996)",Drama,117364,36758,movie
1419,Walkabout (1971),Adventure|Drama,67959,36040,movie
1422,Murder at 1600 (1997),Crime|Drama|Mystery|Thriller,119731,9415,movie
1423,Hearts and Minds (1996),Drama,116506,55146,movie
1425,Fierce Creatures (1997),Comedy,119115,12145,movie
1426,Zeus and Roxanne (1997),Children,120550,42424,movie
1427,Turbulence (1997),Action|Thriller,120390,34314,movie
1428,Angel Baby (1995),Drama,112362,2892,movie
1429,First Strike (Police Story 4: First Strike) (Ging chaat goo si 4: Ji gaan daan yam mo) (1996),Action|Adventure|Comedy|Thriller,116704,9404,movie
1430,Underworld (1996),Comedy|Thriller,120414,85242,movie
1431,Beverly Hills Ninja (1997),Action|Comedy,118708,9622,movie
1432,Metro (1997),Action|Comedy|Crime|Drama|Thriller,119664,8860,movie
1437,"Cement Garden, The (1993)",Drama,106535,14832,movie
1438,Dante's Peak (1997),Action|Thriller,118928,9619,movie
1439,Meet Wally Sparks (1997),Comedy,119644,40506,movie
1440,Amos & Andrew (1993),Comedy,106266,31000,movie
1441,Benny & Joon (1993),Comedy|Romance,106387,4104,movie
1442,Prefontaine (1997),Drama,119937,26306,movie
1445,McHale's Navy (1997),Comedy|War,119640,14908,movie
1446,Kolya (Kolja) (1996),Comedy|Drama,116790,784,movie
1447,Gridlock'd (1997),Crime,119225,12489,movie
1449,Waiting for Guffman (1996),Comedy,118111,16448,movie
1453,"Beautician and the Beast, The (1997)",Comedy|Romance,118691,17894,movie
1454,SubUrbia (1997),Comedy|Drama,120238,28059,movie
1456,"Pest, The (1997)",Comedy,119887,17949,movie
1457,Fools Rush In (1997),Comedy|Drama|Romance,119141,1968,movie
1458,Touch (1997),Drama|Fantasy|Romance,120357,61563,movie
1459,Absolute Power (1997),Mystery|Thriller,118548,66,movie
1460,That Darn Cat (1997),Children|Comedy|Mystery,120317,20735,movie
1461,Vegas Vacation (National Lampoon's Las Vegas Vacation) (1997),Comedy,120434,11419,movie
1464,Lost Highway (1997),Crime|Drama|Fantasy|Film-Noir|Mystery|Romance,116922,638,movie
1465,Rosewood (1997),Action|Drama,120036,25624,movie
1466,Donnie Brasco (1997),Crime|Drama,119008,9366,movie
1468,Booty Call (1997),Comedy|Romance,118750,21915,movie
1473,Best Men (1997),Action|Comedy|Crime|Drama,118702,19952,movie
1474,Jungle2Jungle (a.k.a. Jungle 2 Jungle) (1997),Children|Comedy,119432,9446,movie
1475,Kama Sutra: A Tale of Love (1996),Romance,116743,28005,movie
1476,Private Parts (1997),Comedy|Drama,119951,9403,movie
1477,Love Jones (1997),Romance,119572,27322,movie
1479,"Saint, The (1997)",Action|Romance|Sci-Fi|Thriller,120053,10003,movie
1480,Smilla's Sense of Snow (1997),Drama|Thriller,120152,9311,movie
1483,Crash (1996),Drama|Thriller,115964,884,movie
1484,"Daytrippers, The (1996)",Comedy|Drama|Mystery|Romance,116041,49806,movie
1485,Liar Liar (1997),Comedy,119528,1624,movie
1487,Selena (1997),Drama|Musical,120094,16052,movie
1488,"Devil's Own, The (1997)",Action|Drama|Thriller,118972,4477,movie
1489,Cats Don't Dance (1997),Animation|Children|Musical,118829,24662,movie
1490,B*A*P*S (1997),Comedy,118663,18423,movie
1493,Love and Other Catastrophes (1996),Romance,116931,76996,movie
1495,Turbo: A Power Rangers Movie (1997),Action|Adventure|Children,120389,6499,movie
1496,Anna Karenina (1997),Drama|Romance,118623,50512,movie
1497,Double Team (1997),Action,119013,9405,movie
1498,Inventing the Abbotts (1997),Drama|Romance,119381,12723,movie
1499,Anaconda (1997),Action|Adventure|Thriller,118615,9360,movie
1500,Grosse Pointe Blank (1997),Comedy|Crime|Romance,119229,9434,movie
1502,Kissed (1996),Drama|Romance,116783,21626,movie
1503,8 Heads in a Duffel Bag (1997),Comedy,118541,13982,movie
1507,Paradise Road (1997),Drama|War,119859,77223,movie
1513,Romy and Michele's High School Reunion (1997),Comedy,120032,9611,movie
1514,Temptress Moon (Feng Yue) (1996),Romance,116295,47694,movie
1515,Volcano (1997),Action|Drama|Thriller,120461,10357,movie
1516,Children of the Revolution (1996),Comedy,115886,9977,movie
1517,Austin Powers: International Man of Mystery (1997),Action|Adventure|Comedy,118655,816,movie
1518,Breakdown (1997),Action|Thriller,118771,2163,movie
1519,Broken English (1996),Drama,115760,124680,movie
1526,Fathers' Day (1997),Comedy,119109,12499,movie
1527,"Fifth Element, The (1997)",Action|Adventure|Comedy|Sci-Fi,119116,18,movie
1529,Nowhere (1997),Comedy|Drama,119809,1811,movie
1533,"Promise, The (La promesse) (1996)",Drama,117398,105045,movie
1537,Shall We Dance? (Shall We Dansu?) (1996),Comedy|Drama|Romance,117615,11239,movie
1541,Addicted to Love (1997),Comedy|Romance,118556,2058,movie
1542,Brassed Off (1996),Comedy|Drama|Romance,115744,9450,movie
1544,"Lost World: Jurassic Park, The (1997)",Action|Adventure|Sci-Fi|Thriller,119567,330,movie
1545,Ponette (1996),Drama,117359,38523,movie
1546,Schizopolis (1996),Comedy,117561,16375,movie
1547,Shiloh (1997),Children|Drama,120118,33660,movie
1549,Rough Magic (1995),Drama|Romance,114303,45671,movie
1550,Trial and Error (1997),Comedy|Romance,120373,17770,movie
1551,Buddy (1997),Adventure|Children|Drama,118787,15170,movie
1552,Con Air (1997),Action|Adventure|Thriller,118880,1701,movie
1554,"Pillow Book, The (1996)",Drama|Romance,114134,26422,movie
1556,Speed 2: Cruise Control (1997),Action|Romance|Thriller,120179,1639,movie
1562,Batman & Robin (1997),Action|Adventure|Fantasy|Thriller,118688,415,movie
1564,For Roseanna (Roseanna's Grave) (1997),Comedy|Drama|Romance,120034,65889,movie
1565,Head Above Water (1996),Comedy|Thriller,116502,11103,movie
1566,Hercules (1997),Adventure|Animation|Children|Comedy|Musical,119282,11970,movie
1569,My Best Friend's Wedding (1997),Comedy|Romance,119738,8874,movie
1571,When the Cat's Away (Chacun cherche son chat) (1996),Comedy|Romance,115856,11956,movie
1572,"Contempt (Mépris, Le) (1963)",Drama,57345,266,movie
1573,Face/Off (1997),Action|Crime|Drama|Thriller,119094,754,movie
1574,Fall (1997),Romance,119098,37567,movie
1580,Men in Black (a.k.a. MIB) (1997),Action|Comedy|Sci-Fi,119654,607,movie
1581,Out to Sea (1997),Comedy,119848,18080,movie
1582,Wild America (1997),Adventure|Children,120512,38225,movie
1583,"Simple Wish, A (1997)",Children|Fantasy,120133,17834,movie
1584,Contact (1997),Drama|Sci-Fi,118884,686,movie
1585,Love Serenade (1996),Comedy,116930,65046,movie
1586,G.I. Jane (1997),Action|Drama,119173,4421,movie
1587,Conan the Barbarian (1982),Action|Adventure|Fantasy,82198,9387,movie
1588,George of the Jungle (1997),Children|Comedy,119190,10603,movie
1589,Cop Land (1997),Action|Crime|Drama|Thriller,118887,2142,movie
1590,Event Horizon (1997),Horror|Sci-Fi|Thriller,119081,8413,movie
1591,Spawn (1997),Action|Adventure|Sci-Fi|Thriller,120177,10336,movie
1592,Air Bud (1997),Children|Comedy,118570,20737,movie
1593,Picture Perfect (1997),Comedy|Romance,119896,9413,movie
1594,In the Company of Men (1997),Comedy|Drama,119361,14585,movie
1596,Career Girls (1997),Drama,118818,49462,movie
1597,Conspiracy Theory (1997),Drama|Mystery|Romance|Thriller,118883,8834,movie
1598,Desperate Measures (1998),Crime|Drama|Thriller,118966,9458,movie
1599,Steel (1997),Action,120207,8854,movie
1600,She's So Lovely (1997),Drama|Romance,120112,38295,movie
1601,Hoodlum (1997),Crime|Drama|Film-Noir,119311,22073,movie
1602,Leave It to Beaver (1997),Comedy,119509,37244,movie
1603,Mimic (1997),Horror|Sci-Fi|Thriller,119675,4961,movie
1604,Money Talks (1997),Action|Comedy,119695,9416,movie
1605,Excess Baggage (1997),Adventure|Romance,119086,26180,movie
1606,Kull the Conqueror (1997),Action|Adventure,119484,17832,movie
1608,Air Force One (1997),Action|Thriller,118571,9772,movie
1609,187 (One Eight Seven) (1997),Drama|Thriller,118531,6072,movie
1610,"Hunt for Red October, The (1990)",Action|Adventure|Thriller,99810,1669,movie
1611,My Own Private Idaho (1991),Drama|Romance,102494,468,movie
1612,"Kiss Me, Guido (1997)",Comedy,119465,32519,movie
1613,Star Maps (1997),Drama,120197,108401,movie
1614,In & Out (1997),Comedy,119360,10806,movie
1615,"Edge, The (1997)",Adventure|Drama,119051,9433,movie
1616,"Peacemaker, The (1997)",Action|Thriller|War,119874,6623,movie
1617,L.A. Confidential (1997),Crime|Film-Noir|Mystery|Thriller,119488,2118,movie
1619,Seven Years in Tibet (1997),Adventure|Drama|War,120102,978,movie
1620,Kiss the Girls (1997),Crime|Drama|Mystery|Thriller,119468,9437,movie
1621,Soul Food (1997),Drama,120169,29461,movie
1623,Wishmaster (1997),Horror,120524,10351,movie
1624,"Thousand Acres, A (1997)",Drama,120323,66588,movie
1625,"Game, The (1997)",Drama|Mystery|Thriller,119174,2649,movie
1626,Fire Down Below (1997),Action|Drama|Thriller,119123,14289,movie
1627,U Turn (1997),Crime|Drama|Mystery,120399,10155,movie
1629,"MatchMaker, The (1997)",Comedy|Romance,119632,20457,movie
1631,"Assignment, The (1997)",Action|Thriller,118647,18355,movie
1633,Ulee's Gold (1997),Drama,120402,55306,movie
1635,"Ice Storm, The (1997)",Drama,119349,68924,movie
1639,Chasing Amy (1997),Comedy|Drama|Romance,118842,2255,movie
1641,"Full Monty, The (1997)",Comedy|Drama,119164,9427,movie
1642,Indian Summer (a.k.a. Alive & Kicking) (1996),Comedy|Drama,116631,172545,movie
1643,"Mrs. Brown (a.k.a. Her Majesty, Mrs. Brown) (1997)",Drama|Romance,119280,17589,movie
1644,I Know What You Did Last Summer (1997),Horror|Mystery|Thriller,119345,3597,movie
1645,The Devil's Advocate (1997),Drama|Mystery|Thriller,118971,1813,movie
1646,RocketMan (a.k.a. Rocket Man) (1997),Children|Comedy|Romance|Sci-Fi,120029,36797,movie
1647,Playing God (1997),Crime|Drama|Thriller,119906,12628,movie
1648,"House of Yes, The (1997)",Comedy|Drama,119324,33344,movie
1649,"Fast, Cheap & Out of Control (1997)",Documentary,119107,25099,movie
1650,Washington Square (1997),Drama,120481,45019,movie
1652,Year of the Horse (1997),Documentary,120539,62422,movie
1653,Gattaca (1997),Drama|Sci-Fi|Thriller,119177,782,movie
1654,FairyTale: A True Story (1997),Children|Drama|Fantasy,119095,29911,movie
1655,Phantoms (1998),Drama|Horror|Thriller,119891,9827,movie
1656,Swept from the Sea (1997),Drama|Romance,120257,1959,movie
1658,"Life Less Ordinary, A (1997)",Romance|Thriller,119535,8067,movie
1659,Hurricane Streets (1997),Drama,119338,125052,movie
1660,Eve's Bayou (1997),Drama,119080,45153,movie
1661,Switchback (1997),Crime|Mystery|Thriller,119210,10871,movie
1662,Gang Related (1997),Crime,118900,14398,movie
1663,Stripes (1981),Comedy|War,83131,10890,movie
1665,Bean (1997),Comedy,118689,1281,movie
1667,Mad City (1997),Action|Drama,119592,9770,movie
1670,Welcome to Sarajevo (1997),Drama|War,120490,14905,movie
1671,Deceiver (1997),Crime|Drama|Thriller,119527,14583,movie
1672,"Rainmaker, The (1997)",Drama,119978,11975,movie
1673,Boogie Nights (1997),Drama,118749,4995,movie
1674,Witness (1985),Drama|Romance|Thriller,90329,9281,movie
1675,Incognito (1997),Crime|Thriller,119365,45928,movie
1676,Starship Troopers (1997),Action|Sci-Fi,120201,563,movie
1677,Critical Care (1997),Comedy|Drama,118901,61337,movie
1678,"Joy Luck Club, The (1993)",Drama|Romance,107282,19931,movie
1679,Chairman of the Board (1998),Comedy,118836,31535,movie
1680,Sliding Doors (1998),Drama|Romance,120148,10215,movie
1681,Mortal Kombat: Annihilation (1997),Action|Adventure|Fantasy,119707,9823,movie
1682,"Truman Show, The (1998)",Comedy|Drama|Sci-Fi,120382,37165,movie
1683,"Wings of the Dove, The (1997)",Drama|Romance,120520,45609,movie
1684,Mrs. Dalloway (1997),Drama|Romance,119723,38904,movie
1685,"I Love You, I Love You Not (1996)",Drama|Romance,116592,45565,movie
1686,Red Corner (1997),Crime|Thriller,119994,9407,movie
1687,"Jackal, The (1997)",Action|Thriller,119395,4824,movie
1688,Anastasia (1997),Adventure|Animation|Children|Drama|Musical,118617,9444,movie
1689,"Man Who Knew Too Little, The (1997)",Comedy|Crime|Thriller,120483,9414,movie
1690,Alien: Resurrection (1997),Action|Horror|Sci-Fi,118583,8078,movie
1693,Amistad (1997),Drama|Mystery,118607,11831,movie
1694,"Apostle, The (1997)",Drama,118632,2895,movie
1695,Artemisia (1997),Drama,123385,39177,movie
1696,Bent (1997),Drama|War,118698,19601,movie
1699,"Butcher Boy, The (1997)",Comedy|Drama,118804,22797,movie
1701,Deconstructing Harry (1997),Comedy|Drama,118954,2639,movie
1702,Flubber (1997),Children|Comedy|Fantasy,119137,9574,movie
1703,For Richer or Poorer (1997),Comedy,119142,10371,movie
1704,Good Will Hunting (1997),Drama|Romance,119217,489,movie
1707,Home Alone 3 (1997),Children|Comedy,119303,9714,movie
1711,Midnight in the Garden of Good and Evil (1997),Crime|Drama|Mystery,119668,8197,movie
1713,Mouse Hunt (1997),Children|Comedy,119715,6283,movie
1717,Scream 2 (1997),Comedy|Horror|Mystery|Thriller,120082,4233,movie
1718,Stranger in the House (1997),Thriller,120222,191874,movie
1719,"Sweet Hereafter, The (1997)",Drama,120255,10217,movie
1721,Titanic (1997),Drama|Romance,120338,597,movie
1722,Tomorrow Never Dies (1997),Action|Adventure|Thriller,120347,714,movie
1726,"Postman, The (1997)",Action|Adventure|Drama|Sci-Fi,119925,9922,movie
1727,"Horse Whisperer, The (1998)",Drama|Romance,119314,547,movie
1729,Jackie Brown (1997),Crime|Drama|Thriller,119396,184,movie
1730,Kundun (1997),Drama,119485,9746,movie
1731,Mr. Magoo (1997),Comedy,119718,9438,movie
1732,"Big Lebowski, The (1998)",Comedy|Crime,118715,115,movie
1733,Afterglow (1997),Drama|Romance,118566,26941,movie
1734,My Life in Pink (Ma vie en rose) (1997),Comedy|Drama,119590,27103,movie
1735,Great Expectations (1998),Drama|Romance,119223,9410,movie
1739,3 Ninjas: High Noon On Mega Mountain (1998),Action|Children|Comedy,118539,32302,movie
1746,Senseless (1998),Comedy,120820,12538,movie
1747,Wag the Dog (1997),Comedy,120885,586,movie
1748,Dark City (1998),Adventure|Film-Noir|Sci-Fi|Thriller,118929,2666,movie
1752,Hard Rain (1998),Action|Crime|Thriller,120696,11258,movie
1753,Half Baked (1998),Comedy,120693,9490,movie
1754,Fallen (1998),Crime|Drama|Fantasy|Thriller,119099,9411,movie
1755,Shooting Fish (1997),Comedy|Romance,120122,25719,movie
1757,Fallen Angels (Duo luo tian shi) (1995),Drama|Romance,112913,11220,movie
1759,"Four Days in September (O Que É Isso, Companheiro?) (1997)",Drama,119815,21253,movie
1760,Spice World (1997),Comedy,120185,6116,movie
1762,Deep Rising (1998),Action|Horror|Sci-Fi,118956,9457,movie
1767,Music From Another Room (1998),Drama|Romance,119734,39424,movie
1769,"Replacement Killers, The (1998)",Action|Crime|Thriller,120008,11702,movie
1770,B. Monkey (1998),Crime|Romance|Thriller,120594,2923,movie
1771,Night Flier (1997),Horror,119784,12238,movie
1772,Blues Brothers 2000 (1998),Action|Comedy|Musical,118747,11568,movie
1777,"Wedding Singer, The (1998)",Comedy|Romance,120888,11003,movie
1779,Sphere (1998),Sci-Fi|Thriller,120184,10153,movie
1783,Palmetto (1998),Crime|Drama|Mystery|Romance|Thriller,120782,30949,movie
1784,As Good as It Gets (1997),Comedy|Drama|Romance,119822,2898,movie
1785,King of New York (1990),Crime|Thriller,99939,9558,movie
1791,Twilight (1998),Crime|Drama|Thriller,119594,26269,movie
1792,U.S. Marshals (1998),Action|Crime|Thriller,120873,11808,movie
1793,Welcome to Woop-Woop (1997),Comedy,120491,6970,movie
1794,Love and Death on Long Island (1997),Comedy|Drama,119574,47452,movie
1797,Everest (1998),Documentary|IMAX,120661,21736,movie
1798,Hush (1998),Thriller,118744,17941,movie
1799,Suicide Kings (1997),Comedy|Crime|Drama|Mystery|Thriller,120241,10668,movie
1801,"Man in the Iron Mask, The (1998)",Action|Adventure|Drama,120744,9313,movie
1804,"Newton Boys, The (1998)",Crime|Drama,120769,42807,movie
1805,Wild Things (1998),Crime|Drama|Mystery|Thriller,120890,617,movie
1806,Paulie (1998),Adventure|Children|Comedy,125454,36568,movie
1807,"Cool, Dry Place, A (1998)",Drama,120642,37272,movie
1809,Fireworks (Hana-bi) (1997),Crime|Drama,119250,5910,movie
1810,Primary Colors (1998),Comedy|Drama,119942,9440,movie
1812,Wide Awake (1998),Children|Comedy|Drama,120510,32911,movie
1816,Two Girls and a Guy (1997),Comedy|Drama,124179,32456,movie
1821,"Object of My Affection, The (1998)",Comedy|Romance,120772,17127,movie
1824,Homegrown (1998),Comedy|Thriller,119305,17133,movie
1825,The Players Club (1998),Comedy|Drama,119905,19848,movie
1826,Barney's Great Adventure (1998),Adventure|Children,120598,17644,movie
1827,"Big One, The (1997)",Comedy|Documentary,124295,1774,movie
1829,Chinese Box (1997),Drama|Romance,118851,30265,movie
1831,Lost in Space (1998),Action|Adventure|Sci-Fi,120738,2157,movie
1833,Mercury Rising (1998),Action|Drama|Thriller,120749,8838,movie
1834,"Spanish Prisoner, The (1997)",Crime|Drama|Mystery|Thriller,120176,29193,movie
1835,City of Angels (1998),Drama|Fantasy|Romance,120632,795,movie
1836,"Last Days of Disco, The (1998)",Comedy|Drama,120728,16980,movie
1837,"Odd Couple II, The (1998)",Comedy,120773,27472,movie
1839,My Giant (1998),Comedy,120765,47881,movie
1840,He Got Game (1998),Drama,124718,9469,movie
1841,"Gingerbread Man, The (1998)",Drama|Thriller,119196,12488,movie
1844,Live Flesh (Carne trémula) (1997),Drama|Romance,118819,267,movie
1845,Zero Effect (1998),Comedy|Mystery|Thriller,120906,16148,movie
1848,"Borrowers, The (1997)",Adventure|Children|Comedy|Fantasy,118755,9449,movie
1855,Krippendorf's Tribe (1998),Comedy,120725,31220,movie
1856,Kurt & Courtney (1998),Documentary,138563,13907,movie
1857,"Real Blonde, The (1997)",Comedy,119987,29825,movie
1858,Mr. Nice Guy (Yat goh ho yan) (1997),Action|Comedy,117786,10622,movie
1859,Taste of Cherry (Ta'm e guilass) (1997),Drama,120265,30020,movie
1860,Character (Karakter) (1997),Drama,119448,17139,movie
1862,Species II (1998),Horror|Sci-Fi,120841,10216,movie
1863,Major League: Back to the Minors (1998),Comedy,120742,9771,movie
1866,"Big Hit, The (1998)",Action|Comedy|Crime,120609,9448,movie
1867,Tarzan and the Lost City (1998),Action|Adventure,120856,38618,movie
1870,"Dancer, Texas Pop. 81 (1998)",Comedy|Drama,118925,78373,movie
1873,"Misérables, Les (1998)",Crime|Drama|Romance|War,119683,4415,movie
1875,Clockwatchers (1997),Comedy,118866,55561,movie
1876,Deep Impact (1998),Drama|Sci-Fi|Thriller,120647,8656,movie
1881,Quest for Camelot (1998),Adventure|Animation|Children|Fantasy|Musical,120800,18937,movie
1882,Godzilla (1998),Action|Sci-Fi|Thriller,120685,929,movie
1883,Bulworth (1998),Comedy|Drama|Romance,118798,9452,movie
1884,Fear and Loathing in Las Vegas (1998),Adventure|Comedy|Drama,120669,1878,movie
1885,"Opposite of Sex, The (1998)",Comedy|Drama|Romance,120777,9844,movie
1887,Almost Heroes (1998),Adventure|Comedy|Western,119053,14342,movie
1888,Hope Floats (1998),Comedy|Drama|Romance,119313,9715,movie
1889,Insomnia (1997),Drama|Mystery|Thriller,119375,26610,movie
1891,"Ugly, The (1997)",Horror|Thriller,120401,40961,movie
1892,"Perfect Murder, A (1998)",Thriller,120787,1965,movie
1893,Beyond Silence (Jenseits der Stille) (1996),Drama,116692,312,movie
1894,Six Days Seven Nights (1998),Adventure|Comedy|Romance,120828,6068,movie
1895,Can't Hardly Wait (1998),Comedy|Drama|Romance,127723,15037,movie
1897,High Art (1998),Drama|Romance,139362,37636,movie
1900,"Children of Heaven, The (Bacheha-Ye Aseman) (1997)",Comedy|Drama,118849,21334,movie
1902,Dream for an Insomniac (1996),Drama|Romance,116141,32284,movie
1904,Henry Fool (1997),Comedy|Drama,122529,37410,movie
1906,Mr. Jealousy (1997),Comedy|Romance,119717,53765,movie
1907,Mulan (1998),Adventure|Animation|Children|Comedy|Drama|Musical|Romance,120762,10674,movie
1909,"X-Files: Fight the Future, The (1998)",Action|Crime|Mystery|Sci-Fi|Thriller,120902,846,movie
1910,I Went Down (1997),Comedy|Crime|Drama,126344,12655,movie
1911,Dr. Dolittle (1998),Comedy,118998,3050,movie
1912,Out of Sight (1998),Comedy|Crime|Drama|Romance|Thriller,120780,1389,movie
1913,Picnic at Hanging Rock (1975),Drama|Mystery,73540,11020,movie
1914,Smoke Signals (1998),Comedy|Drama,120321,20862,movie
1916,Buffalo '66 (a.k.a. Buffalo 66) (1998),Drama|Romance,118789,9464,movie
1917,Armageddon (1998),Action|Romance|Sci-Fi|Thriller,120591,95,movie
1918,Lethal Weapon 4 (1998),Action|Comedy|Crime|Thriller,122151,944,movie
1919,Madeline (1998),Children|Comedy,123987,35680,movie
1920,Small Soldiers (1998),Animation|Children|Fantasy|War,122718,11551,movie
1921,Pi (1998),Drama|Sci-Fi|Thriller,138704,473,movie
1922,Whatever (1998),Drama,140688,102304,movie
1923,There's Something About Mary (1998),Comedy|Romance,129387,544,movie
1924,Plan 9 from Outer Space (1959),Horror|Sci-Fi,52077,10513,movie
1926,"Broadway Melody, The (1929)",Musical,19729,65203,movie
1927,All Quiet on the Western Front (1930),Action|Drama|War,20629,143,movie
1928,Cimarron (1931),Drama|Western,21746,42861,movie
1929,Grand Hotel (1932),Drama|Romance,22958,33680,movie
1931,Mutiny on the Bounty (1935),Adventure|Drama,26752,12311,movie
1932,"Great Ziegfeld, The (1936)",Drama|Musical,27698,43277,movie
1933,"Life of Emile Zola, The (1937)",Drama,29146,43278,movie
1934,You Can't Take It with You (1938),Comedy|Romance,30993,34106,movie
1936,Mrs. Miniver (1942),Drama|War,35093,27367,movie
1937,Going My Way (1944),Comedy|Drama|Musical,36872,17661,movie
1938,"Lost Weekend, The (1945)",Drama,37884,28580,movie
1939,"Best Years of Our Lives, The (1946)",Drama|War,36868,887,movie
1940,Gentleman's Agreement (1947),Drama,39416,33667,movie
1941,Hamlet (1948),Drama,40416,23383,movie
1942,All the King's Men (1949),Drama,41113,25430,movie
1944,From Here to Eternity (1953),Drama|Romance|War,45793,11426,movie
1945,On the Waterfront (1954),Crime|Drama,47296,654,movie
1946,Marty (1955),Drama|Romance,48356,15919,movie
1947,West Side Story (1961),Drama|Musical|Romance,55614,1725,movie
1948,Tom Jones (1963),Adventure|Comedy|Romance,57590,5769,movie
1949,"Man for All Seasons, A (1966)",Drama,60665,874,movie
1950,In the Heat of the Night (1967),Drama|Mystery,61811,10633,movie
1951,Oliver! (1968),Drama|Musical,63385,17917,movie
1952,Midnight Cowboy (1969),Drama,64665,3116,movie
1953,"French Connection, The (1971)",Action|Crime|Thriller,67116,1051,movie
1954,Rocky (1976),Drama,75148,1366,movie
1955,Kramer vs. Kramer (1979),Drama,79417,12102,movie
1956,Ordinary People (1980),Drama,81283,16619,movie
1957,Chariots of Fire (1981),Drama,82158,9443,movie
1958,Terms of Endearment (1983),Comedy|Drama,86425,11050,movie
1959,Out of Africa (1985),Drama|Romance,89755,606,movie
1960,"Last Emperor, The (1987)",Drama,93389,746,movie
1961,Rain Man (1988),Drama,95953,380,movie
1962,Driving Miss Daisy (1989),Drama,97239,403,movie
1963,Take the Money and Run (1969),Comedy|Crime,65063,11485,movie
1964,Klute (1971),Drama|Mystery,67309,466,movie
1965,Repo Man (1984),Comedy|Sci-Fi,87995,13820,movie
1966,Metropolitan (1990),Comedy,100142,15389,movie
1967,Labyrinth (1986),Adventure|Fantasy|Musical,91369,13597,movie
1968,"Breakfast Club, The (1985)",Comedy|Drama,88847,2108,movie
1969,"Nightmare on Elm Street 2: Freddy's Revenge, A (1985)",Horror,89686,10014,movie
1970,"Nightmare on Elm Street 3: Dream Warriors, A (1987)",Horror|Thriller,93629,10072,movie
1971,"Nightmare on Elm Street 4: The Dream Master, A (1988)",Horror|Thriller,95742,10131,movie
1972,"Nightmare on Elm Street 5: The Dream Child, A (1989)",Horror,97981,10160,movie
1973,"Freddy's Dead: The Final Nightmare (Nightmare on Elm Street Part 6: Freddy's Dead, A) (1991)",Horror,101917,11284,movie
1974,Friday the 13th (1980),Horror|Mystery|Thriller,80761,4488,movie
1975,Friday the 13th Part 2 (1981),Horror,82418,9725,movie
1976,Friday the 13th Part 3: 3D (1982),Horror,83972,9728,movie
1977,Friday the 13th Part IV: The Final Chapter (1984),Horror,87298,9730,movie
1978,Friday the 13th Part V: A New Beginning (1985),Horror,89173,9731,movie
1979,Friday the 13th Part VI: Jason Lives (1986),Horror,91080,10225,movie
1980,Friday the 13th Part VII: The New Blood (1988),Horror,95179,10281,movie
1981,Friday the 13th Part VIII: Jason Takes Manhattan (1989),Horror,97388,10283,movie
1982,Halloween (1978),Horror,77651,948,movie
1983,Halloween II (1981),Horror,82495,11281,movie
1984,Halloween III: Season of the Witch (1982),Horror,85636,10676,movie
1985,Halloween 4: The Return of Michael Myers (1988),Horror,95271,11357,movie
1986,Halloween 5: The Revenge of Michael Myers (1989),Horror,97474,11361,movie
1987,Prom Night (1980),Horror,81383,36599,movie
1990,Prom Night IV: Deliver Us From Evil (1992),Horror,105179,41769,movie
1991,Child's Play (1988),Horror|Thriller,94862,10585,movie
1992,Child's Play 2 (1990),Horror|Thriller,99253,11186,movie
1993,Child's Play 3 (1991),Comedy|Horror|Thriller,103956,11187,movie
1994,Poltergeist (1982),Horror|Thriller,84516,609,movie
1995,Poltergeist II: The Other Side (1986),Horror|Thriller,91778,11133,movie
1996,Poltergeist III (1988),Horror|Thriller,95889,10306,movie
1997,"Exorcist, The (1973)",Horror|Mystery,70047,9552,movie
1998,Exorcist II: The Heretic (1977),Horror,76009,11586,movie
1999,"Exorcist III, The (1990)",Horror,99528,11587,movie
2000,Lethal Weapon (1987),Action|Comedy|Crime|Drama,93409,941,movie
2001,Lethal Weapon 2 (1989),Action|Comedy|Crime|Drama,97733,942,movie
2002,Lethal Weapon 3 (1992),Action|Comedy|Crime|Drama,104714,943,movie
2003,Gremlins (1984),Comedy|Horror,87363,927,movie
2004,Gremlins 2: The New Batch (1990),Comedy|Horror,99700,928,movie
2005,"Goonies, The (1985)",Action|Adventure|Children|Comedy|Fantasy,89218,9340,movie
2006,"Mask of Zorro, The (1998)",Action|Comedy|Romance,120746,9342,movie
2007,Polish Wedding (1998),Comedy,119910,38509,movie
2008,"This World, Then the Fireworks (1997)",Crime|Drama|Film-Noir,117898,60033,movie
2009,Soylent Green (1973),Drama|Mystery|Sci-Fi|Thriller,70723,12101,movie
2010,Metropolis (1927),Drama|Sci-Fi,17136,19,movie
2011,Back to the Future Part II (1989),Adventure|Comedy|Sci-Fi,96874,165,movie
2012,Back to the Future Part III (1990),Adventure|Comedy|Sci-Fi|Western,99088,196,movie
2013,"Poseidon Adventure, The (1972)",Action|Adventure|Drama,69113,551,movie
2014,Freaky Friday (1977),Children|Comedy|Fantasy,76054,16084,movie
2015,"Absent-Minded Professor, The (1961)",Children|Comedy|Fantasy,54594,17984,movie
2016,"Apple Dumpling Gang Rides Again, The (1979)",Children|Comedy|Western,78790,22328,movie
2017,Babes in Toyland (1961),Children|Fantasy|Musical,54649,32611,movie
2018,Bambi (1942),Animation|Children|Drama,34492,3170,movie
2019,Seven Samurai (Shichinin no samurai) (1954),Action|Adventure|Drama,47478,346,movie
2020,Dangerous Liaisons (1988),Drama|Romance,94947,859,movie
2021,Dune (1984),Adventure|Sci-Fi,87182,841,movie
2022,"Last Temptation of Christ, The (1988)",Drama,95497,11051,movie
2023,"Godfather: Part III, The (1990)",Crime|Drama|Mystery|Thriller,99674,242,movie
2024,"Rapture, The (1991)",Drama|Mystery,102757,1411,movie
2025,Lolita (1997),Drama|Romance,119558,9769,movie
2026,Disturbing Behavior (1998),Horror|Thriller,134619,9424,movie
2027,Jane Austen's Mafia! (1998),Comedy|Crime,120741,9835,movie
2028,Saving Private Ryan (1998),Action|Drama|War,120815,857,movie
2032,"Barefoot Executive, The (1971)",Children|Comedy,66811,20173,movie
2033,"Black Cauldron, The (1985)",Adventure|Animation|Children|Fantasy,88814,10957,movie
2034,"Black Hole, The (1979)",Children|Sci-Fi,78869,9570,movie
2035,Blackbeard's Ghost (1968),Children|Comedy,62737,16249,movie
2036,Blank Check (1994),Children|Comedy,109287,13962,movie
2037,Candleshoe (1977),Adventure|Children|Comedy,75807,14612,movie
2038,"Cat from Outer Space, The (1978)",Children|Comedy|Sci-Fi,77305,19378,movie
2040,"Computer Wore Tennis Shoes, The (1969)",Children|Comedy,65566,29228,movie
2041,Condorman (1981),Action|Adventure|Children|Comedy,82199,19379,movie
2042,D2: The Mighty Ducks (1994),Children|Comedy,109520,11164,movie
2043,Darby O'Gill and the Little People (1959),Adventure|Children|Fantasy,52722,18887,movie
2044,"Devil and Max Devlin, The (1981)",Comedy|Fantasy,82263,40866,movie
2046,Flight of the Navigator (1986),Adventure|Children|Sci-Fi,91059,10122,movie
2048,"Great Mouse Detective, The (1986)",Action|Animation|Children|Crime,91149,9994,movie
2050,Herbie Goes Bananas (1980),Adventure|Children|Comedy,80861,12129,movie
2051,Herbie Goes to Monte Carlo (1977),Adventure|Children|Comedy,76137,14140,movie
2052,Hocus Pocus (1993),Children|Comedy|Fantasy|Horror,107120,10439,movie
2053,"Honey, I Blew Up the Kid (1992)",Children|Comedy|Sci-Fi,104437,11158,movie
2054,"Honey, I Shrunk the Kids (1989)",Adventure|Children|Comedy|Fantasy|Sci-Fi,97523,9354,movie
2055,Hot Lead and Cold Feet (1978),Action|Comedy|Western,77698,28736,movie
2056,In Search of the Castaways (1962),Adventure|Children,56095,34774,movie
2057,"Incredible Journey, The (1963)",Adventure|Children,57180,37969,movie
2058,"Negotiator, The (1998)",Action|Crime|Drama|Mystery|Thriller,120768,9631,movie
2059,"Parent Trap, The (1998)",Children|Comedy|Romance,120783,9820,movie
2060,BASEketball (1998),Comedy,131857,14013,movie
2064,Roger & Me (1989),Documentary,98213,1779,movie
2065,"Purple Rose of Cairo, The (1985)",Comedy|Drama|Fantasy|Romance,89853,10849,movie
2066,Out of the Past (1947),Film-Noir,39689,678,movie
2067,Doctor Zhivago (1965),Drama|Romance|War,59113,907,movie
2068,Fanny and Alexander (Fanny och Alexander) (1982),Drama|Fantasy|Mystery,83922,5961,movie
2069,"Trip to Bountiful, The (1985)",Drama,90203,47908,movie
2070,Tender Mercies (1983),Drama|Romance|Western,86423,42121,movie
2071,And the Band Played On (1993),Drama,106273,2887,movie
2072,"'burbs, The (1989)",Comedy,96734,11974,movie
2073,Fandango (1985),Comedy,89126,20348,movie
2074,"Night Porter, The (Portiere di notte, Il) (1974)",Crime|Drama|Romance,71910,26648,movie
2075,Mephisto (1981),Drama|War,82736,11911,movie
2076,Blue Velvet (1986),Drama|Mystery|Thriller,90756,793,movie
2077,"Journey of Natty Gann, The (1985)",Adventure|Children,89385,35144,movie
2078,"Jungle Book, The (1967)",Animation|Children|Comedy|Musical,61852,9325,movie
2080,Lady and the Tramp (1955),Animation|Children|Comedy|Romance,48280,10340,movie
2081,"Little Mermaid, The (1989)",Animation|Children|Comedy|Musical|Romance,97757,10144,movie
2082,"Mighty Ducks, The (1992)",Children|Comedy,104868,10414,movie
2083,"Muppet Christmas Carol, The (1992)",Children|Comedy|Musical,104940,10437,movie
2084,Newsies (1992),Children|Musical,104990,15300,movie
2085,101 Dalmatians (One Hundred and One Dalmatians) (1961),Adventure|Animation|Children,55254,12230,movie
2087,Peter Pan (1953),Animation|Children|Fantasy|Musical,46183,10693,movie
2088,Popeye (1980),Adventure|Comedy|Musical,81353,11335,movie
2089,"Rescuers Down Under, The (1990)",Adventure|Animation|Children,100477,11135,movie
2090,"Rescuers, The (1977)",Adventure|Animation|Children|Crime|Drama,76618,11319,movie
2091,Return from Witch Mountain (1978),Children|Sci-Fi,78158,14822,movie
2092,"Return of Jafar, The (1994)",Adventure|Animation|Children|Fantasy|Musical|Romance,107952,15969,movie
2093,Return to Oz (1985),Adventure|Children|Fantasy,89908,13155,movie
2094,"Rocketeer, The (1991)",Action|Adventure|Sci-Fi,102803,10249,movie
2095,"Shaggy D.A., The (1976)",Children|Comedy,75200,15943,movie
2096,Sleeping Beauty (1959),Animation|Children|Musical,53285,10882,movie
2097,Something Wicked This Way Comes (1983),Children|Drama|Fantasy|Mystery|Thriller,86336,24808,movie
2098,Son of Flubber (1963),Children|Comedy,57518,19762,movie
2099,Song of the South (1946),Adventure|Animation|Children|Musical,38969,13850,movie
2100,Splash (1984),Comedy|Fantasy|Romance,88161,2619,movie
2102,Steamboat Willie (1928),Animation|Children|Comedy|Musical,19422,53565,movie
2103,Tall Tale (1995),Adventure|Children|Fantasy|Western,111359,41841,movie
2104,Tex (1982),Drama,84783,27332,movie
2105,Tron (1982),Action|Adventure|Sci-Fi,84827,97,movie
2106,Swing Kids (1993),Drama|War,108265,10419,movie
2107,Halloween H20: 20 Years Later (Halloween 7: The Revenge of Laurie Strode) (1998),Horror|Thriller,120694,11675,movie
2108,L.A. Story (1991),Comedy|Romance,102250,2107,movie
2109,"Jerk, The (1979)",Comedy,79367,6471,movie
2110,Dead Men Don't Wear Plaid (1982),Comedy|Crime|Thriller,83798,9442,movie
2111,"Man with Two Brains, The (1983)",Comedy,85894,11591,movie
2112,Grand Canyon (1991),Crime|Drama,101969,13697,movie
2114,"Outsiders, The (1983)",Drama,86066,227,movie
2115,Indiana Jones and the Temple of Doom (1984),Action|Adventure|Fantasy,87469,87,movie
2116,"Lord of the Rings, The (1978)",Adventure|Animation|Children|Fantasy,77869,123,movie
2117,1984 (Nineteen Eighty-Four) (1984),Drama|Sci-Fi,87803,9314,movie
2118,"Dead Zone, The (1983)",Thriller,85407,11336,movie
2119,Maximum Overdrive (1986),Horror,91499,9980,movie
2120,Needful Things (1993),Drama|Horror,107665,10657,movie
2121,Cujo (1983),Horror|Thriller,85382,10489,movie
2122,Children of the Corn (1984),Horror|Thriller,87050,10823,movie
2123,All Dogs Go to Heaven (1989),Animation|Children|Comedy|Drama|Fantasy,96787,11497,movie
2124,"Addams Family, The (1991)",Children|Comedy|Fantasy,101272,2907,movie
2125,Ever After: A Cinderella Story (1998),Comedy|Drama|Romance,120631,9454,movie
2126,Snake Eyes (1998),Action|Crime|Mystery|Thriller,120832,8688,movie
2130,Atlantic City (1980),Crime|Drama|Romance,80388,23954,movie
2131,Autumn Sonata (Höstsonaten) (1978),Drama,77711,12761,movie
2132,Who's Afraid of Virginia Woolf? (1966),Drama,61184,396,movie
2133,Adventures in Babysitting (1987),Adventure|Comedy,92513,14367,movie
2134,Weird Science (1985),Comedy|Fantasy|Sci-Fi,90305,11814,movie
2135,Doctor Dolittle (1967),Adventure|Children|Musical,61584,16081,movie
2136,"Nutty Professor, The (1963)",Comedy|Sci-Fi,57372,18331,movie
2137,Charlotte's Web (1973),Animation|Children,70016,15171,movie
2138,Watership Down (1978),Adventure|Animation|Children|Drama|Fantasy,78480,11837,movie
2139,"Secret of NIMH, The (1982)",Adventure|Animation|Children|Drama,84649,11704,movie
2140,"Dark Crystal, The (1982)",Adventure|Fantasy,83791,11639,movie
2141,"American Tail, An (1986)",Adventure|Animation|Children|Comedy,90633,4978,movie
2142,"American Tail: Fievel Goes West, An (1991)",Adventure|Animation|Children|Musical|Western,101329,10380,movie
2143,Legend (1985),Adventure|Fantasy|Romance,89469,11976,movie
2144,Sixteen Candles (1984),Comedy|Romance,88128,15144,movie
2145,Pretty in Pink (1986),Comedy|Drama|Romance,91790,11522,movie
2146,St. Elmo's Fire (1985),Drama|Romance,90060,11557,movie
2147,"Clan of the Cave Bear, The (1986)",Adventure|Drama|Fantasy,90848,13853,movie
2148,House (1986),Comedy|Fantasy|Horror,91223,11415,movie
2149,House II: The Second Story (1987),Comedy|Fantasy|Horror,93220,37530,movie
2150,"Gods Must Be Crazy, The (1980)",Adventure|Comedy,80801,8393,movie
2151,"Gods Must Be Crazy II, The (1989)",Comedy,97443,11937,movie
2152,Air Bud: Golden Receiver (1998),Children|Comedy,140796,21661,movie
2153,"Avengers, The (1998)",Action|Adventure,118661,9320,movie
2154,How Stella Got Her Groove Back (1998),Drama|Romance,120703,33644,movie
2155,"Slums of Beverly Hills, The (1998)",Comedy|Drama,120831,14662,movie
2156,"Best Man, The (Testimone dello sposo, Il) (1998)",Comedy|Drama|Romance,133413,125124,movie
2159,Henry: Portrait of a Serial Killer (1986),Crime|Horror|Thriller,99763,10692,movie
2160,Rosemary's Baby (1968),Drama|Horror|Thriller,63522,805,movie
2161,"NeverEnding Story, The (1984)",Adventure|Children|Fantasy,88323,34584,movie
2162,"NeverEnding Story II: The Next Chapter, The (1990)",Adventure|Children|Fantasy,100240,34636,movie
2163,Attack of the Killer Tomatoes! (1978),Comedy|Horror,80391,2182,movie
2164,Surf Nazis Must Die (1987),Action|Comedy|Drama|Horror,94077,28070,movie
2165,Your Friends and Neighbors (1998),Comedy|Drama,119517,77469,movie
2166,Return to Paradise (1998),Crime|Drama|Romance|Thriller,124595,10278,movie
2167,Blade (1998),Action|Horror|Thriller,120611,36647,movie
2169,Dead Man on Campus (1998),Comedy,118301,14557,movie
2170,Wrongfully Accused (1998),Action|Comedy,120901,9417,movie
2171,Next Stop Wonderland (1998),Comedy|Drama|Romance,119778,41469,movie
2172,"Strike! (a.k.a. All I Wanna Do, The Hairy Bird) (1998)",Comedy|Drama,120692,19381,movie
2174,Beetlejuice (1988),Comedy|Fantasy,94721,4011,movie
2175,Déjà Vu (1997),Drama|Romance,119033,161795,movie
2176,Rope (1948),Crime|Drama|Thriller,40746,1580,movie
2177,Family Plot (1976),Comedy|Thriller,74512,5854,movie
2178,Frenzy (1972),Thriller,68611,573,movie
2179,Topaz (1969),Thriller,65112,2370,movie
2180,Torn Curtain (1966),Thriller,61107,5780,movie
2181,Marnie (1964),Drama|Mystery|Romance|Thriller,58329,506,movie
2182,"Wrong Man, The (1956)",Drama|Film-Noir|Thriller,51207,22527,movie
2183,"Man Who Knew Too Much, The (1956)",Adventure|Drama|Mystery|Thriller,49470,574,movie
2184,"Trouble with Harry, The (1955)",Comedy|Mystery,48750,11219,movie
2185,I Confess (1953),Thriller,45897,30159,movie
2186,Strangers on a Train (1951),Crime|Drama|Film-Noir|Thriller,44079,845,movie
2187,Stage Fright (1950),Mystery|Romance|Thriller,42994,1978,movie
2188,54 (1998),Drama,120577,3682,movie
2190,Why Do Fools Fall In Love? (1998),Drama,123324,46702,movie
2193,Willow (1988),Action|Adventure|Fantasy,96446,847,movie
2194,"Untouchables, The (1987)",Action|Crime|Drama,94226,117,movie
2195,Dirty Work (1998),Comedy,120654,14577,movie
2196,Knock Off (1998),Action,120724,37498,movie
2201,"Paradine Case, The (1947)",Drama,39694,31667,movie
2202,Lifeboat (1944),Drama|War,37017,13321,movie
2203,Shadow of a Doubt (1943),Crime|Drama|Thriller,36342,21734,movie
2204,Saboteur (1942),Mystery|Thriller,35279,31997,movie
2205,Mr. & Mrs. Smith (1941),Comedy|Romance,33922,24197,movie
2206,Suspicion (1941),Film-Noir|Mystery|Thriller,34248,11462,movie
2207,Jamaica Inn (1939),Drama,31505,31995,movie
2208,"Lady Vanishes, The (1938)",Drama|Mystery|Thriller,30341,940,movie
2210,Sabotage (1936),Thriller,28212,12684,movie
2211,Secret Agent (1936),Thriller,28231,2761,movie
2212,"Man Who Knew Too Much, The (1934)",Drama|Thriller,25452,8208,movie
2226,"Ring, The (1927)",Drama,18328,36056,movie
2227,"Lodger: A Story of the London Fog, The (1927)",Crime|Drama|Thriller,17075,2760,movie
2231,Rounders (1998),Drama,128442,10220,movie
2232,Cube (1997),Horror|Mystery|Sci-Fi|Thriller,123755,431,movie
2236,Simon Birch (1998),Drama,124879,22796,movie
2239,Swept Away (Travolti da un insolito destino nell'azzurro mare d'Agosto) (1975),Comedy|Drama,73817,37916,movie
2240,My Bodyguard (1980),Drama,81207,21873,movie
2241,Class (1983),Comedy,85346,21500,movie
2243,Broadcast News (1987),Comedy|Drama|Romance,92699,12626,movie
2244,"Allnighter, The (1987)",Comedy|Romance,92537,37818,movie
2245,Working Girl (1988),Comedy|Drama|Romance,96463,3525,movie
2247,Married to the Mob (1988),Comedy,95593,2321,movie
2248,Say Anything... (1989),Comedy|Drama|Romance,98258,2028,movie
2249,My Blue Heaven (1990),Comedy,100212,16384,movie
2252,Hero (1992),Comedy|Drama,104412,10699,movie
2253,Toys (1992),Comedy|Fantasy,105629,11597,movie
2255,Young Doctors in Love (1982),Comedy,84938,47947,movie
2256,Parasite (1982),Horror|Sci-Fi,84472,48311,movie
2257,No Small Affair (1984),Comedy|Romance,87810,44772,movie
2259,Blame It on Rio (1984),Comedy|Romance,86973,14347,movie
2260,Wisdom (1986),Crime|Drama,92225,41090,movie
2261,One Crazy Summer (1986),Comedy,91680,18282,movie
2262,About Last Night... (1986),Comedy|Drama|Romance,90583,18169,movie
2263,"Seventh Sign, The (1988)",Drama|Fantasy|Thriller,96073,11082,movie
2264,We're No Angels (1989),Comedy|Crime,98625,5971,movie
2265,Nothing But Trouble (1991),Adventure|Comedy,102558,11933,movie
2266,"Butcher's Wife, The (1991)",Comedy|Romance,101523,20096,movie
2267,Mortal Thoughts (1991),Mystery|Thriller,102469,30815,movie
2268,"Few Good Men, A (1992)",Crime|Drama|Thriller,104257,881,movie
2269,Indecent Proposal (1993),Drama|Romance,107211,4478,movie
2271,Permanent Midnight (1998),Drama,120788,22318,movie
2272,One True Thing (1998),Drama,120776,53113,movie
2273,Rush Hour (1998),Action|Comedy|Crime|Thriller,120812,2109,movie
2275,Six-String Samurai (1998),Action|Adventure|Sci-Fi,118736,24746,movie
2278,Ronin (1998),Action|Crime|Thriller,122690,8195,movie
2279,Urban Legend (1998),Horror|Thriller,146336,9877,movie
2280,Clay Pigeons (1998),Crime,118863,26618,movie
2281,Monument Ave. (1998),Action|Crime|Drama,119802,21132,movie
2282,Pecker (1998),Comedy|Drama,126604,11855,movie
2283,"Sheltering Sky, The (1990)",Drama,100594,24016,movie
2286,"Fiendish Plot of Dr. Fu Manchu, The (1980)",Comedy,80731,3486,movie
2287,Them! (1954),Horror|Sci-Fi|Thriller,47573,11071,movie
2288,"Thing, The (1982)",Action|Horror|Sci-Fi|Thriller,84787,1091,movie
2289,"Player, The (1992)",Comedy|Crime|Drama,105151,10403,movie
2290,Stardust Memories (1980),Comedy|Drama,81554,11337,movie
2291,Edward Scissorhands (1990),Drama|Fantasy|Romance,99487,162,movie
2292,Overnight Delivery (1998),Comedy|Romance,117276,25723,movie
2294,Antz (1998),Adventure|Animation|Children|Comedy|Fantasy,120587,8916,movie
2295,"Impostors, The (1998)",Comedy,120823,28134,movie
2296,"Night at the Roxbury, A (1998)",Comedy,120770,9429,movie
2297,What Dreams May Come (1998),Adventure|Drama|Fantasy|Romance,120889,12159,movie
2298,Strangeland (1998),Thriller,124102,27791,movie
2300,"Producers, The (1968)",Comedy,63462,30197,movie
2301,History of the World: Part I (1981),Comedy|Musical,82517,10156,movie
2302,My Cousin Vinny (1992),Comedy,104952,10377,movie
2303,Nashville (1975),Drama|Musical,73440,3121,movie
2304,Love Is the Devil (1998),Drama,119577,4975,movie
2306,Holy Man (1998),Comedy,120701,9713,movie
2307,One Tough Cop (1998),Action|Crime,122642,134368,movie
2310,"Mighty, The (1998)",Drama,119670,9821,movie
2311,2010: The Year We Make Contact (1984),Sci-Fi,86837,4437,movie
2312,Children of a Lesser God (1986),Drama,90830,1890,movie
2313,"Elephant Man, The (1980)",Drama,80678,1955,movie
2314,Beloved (1998),Drama,120603,39437,movie
2315,Bride of Chucky (Child's Play 4) (1998),Comedy|Horror|Thriller,144120,11932,movie
2316,Practical Magic (1998),Drama|Fantasy|Mystery|Romance,120791,6435,movie
2318,Happiness (1998),Comedy|Drama,147612,10683,movie
2320,Apt Pupil (1998),Drama|Thriller,118636,9445,movie
2321,Pleasantville (1998),Comedy|Drama|Fantasy,120789,2657,movie
2322,Soldier (1998),Action|Sci-Fi|War,120157,9425,movie
2323,"Cruise, The (1998)",Documentary,150230,32326,movie
2324,Life Is Beautiful (La Vita è bella) (1997),Comedy|Drama|Romance|War,118799,637,movie
2325,Orgazmo (1997),Comedy,124819,8675,movie
2327,Tales from the Darkside: The Movie (1990),Fantasy|Horror|Thriller,100740,20701,movie
2328,Vampires (1998),Horror|Western,120877,9945,movie
2329,American History X (1998),Crime|Drama,120586,73,movie
2330,Hands on a Hard Body (1996),Comedy|Documentary,116481,18603,movie
2331,Living Out Loud (1998),Comedy|Drama|Romance,120722,46889,movie
2332,Belly (1998),Crime|Drama,158493,12888,movie
2333,Gods and Monsters (1998),Drama,120684,3033,movie
2334,"Siege, The (1998)",Action|Thriller,133952,9882,movie
2335,"Waterboy, The (1998)",Comedy,120484,10663,movie
2336,Elizabeth (1998),Drama,127536,4518,movie
2337,Velvet Goldmine (1998),Drama,120879,1808,movie
2338,I Still Know What You Did Last Summer (1998),Horror|Mystery|Thriller,130018,3600,movie
2339,I'll Be Home For Christmas (1998),Comedy|Romance,155753,17037,movie
2340,Meet Joe Black (1998),Romance,119643,297,movie
2342,Hard Core Logo (1996),Comedy|Drama,116488,21589,movie
2344,Runaway Train (1985),Action|Adventure|Drama|Thriller,89941,11893,movie
2346,"Stepford Wives, The (1975)",Mystery|Sci-Fi|Thriller,73747,12223,movie
2347,"Pope of Greenwich Village, The (1984)",Drama,87932,32081,movie
2348,Sid and Nancy (1986),Drama,91954,14924,movie
2349,Mona Lisa (1986),Comedy|Thriller,91538,10002,movie
2350,Heart Condition (1990),Comedy,99750,41817,movie
2351,"Nights of Cabiria (Notti di Cabiria, Le) (1957)",Drama,50783,19426,movie
2352,"Big Chill, The (1983)",Comedy|Drama,85244,12560,movie
2353,Enemy of the State (1998),Action|Thriller,120660,9798,movie
2354,"Rugrats Movie, The (1998)",Animation|Children|Comedy,134067,14444,movie
2355,"Bug's Life, A (1998)",Adventure|Animation|Children|Comedy,120623,9487,movie
2356,Celebrity (1998),Comedy,120533,9466,movie
2357,Central Station (Central do Brasil) (1998),Drama,140888,666,movie
2358,Savior (1998),Drama|War,120070,2042,movie
2359,Waking Ned Devine (a.k.a. Waking Ned) (1998),Comedy,166396,10162,movie
2360,"Celebration, The (Festen) (1998)",Drama,154420,309,movie
2361,Pink Flamingos (1972),Comedy,69089,692,movie
2362,Glen or Glenda (1953),Drama,45826,24018,movie
2363,Godzilla (Gojira) (1954),Drama|Horror|Sci-Fi,47034,1678,movie
2364,"Godzilla 1985: The Legend Is Reborn (Gojira) (Godzilla) (Return of Godzilla, The) (1984)",Action|Horror|Sci-Fi|Thriller,87344,39256,movie
2365,King Kong vs. Godzilla (Kingukongu tai Gojira) (1962),Action|Sci-Fi,56142,1680,movie
2366,King Kong (1933),Action|Adventure|Fantasy|Horror,24216,244,movie
2367,King Kong (1976),Adventure|Fantasy|Romance|Sci-Fi|Thriller,74751,10730,movie
2368,King Kong Lives (1986),Adventure|Sci-Fi,91344,31947,movie
2369,Desperately Seeking Susan (1985),Comedy|Drama|Romance,89017,8130,movie
2370,"Emerald Forest, The (1985)",Action|Adventure|Drama,89087,11532,movie
2371,Fletch (1985),Comedy|Crime|Mystery,89155,9749,movie
2372,Fletch Lives (1989),Comedy,97366,14628,movie
2373,Red Sonja (1985),Action|Adventure|Fantasy,89893,9626,movie
2374,Gung Ho (1986),Comedy|Drama,91159,13698,movie
2375,"Money Pit, The (1986)",Comedy,91541,10466,movie
2376,"View to a Kill, A (1985)",Action|Adventure|Thriller,90264,707,movie
2377,Lifeforce (1985),Horror|Sci-Fi,89489,11954,movie
2378,Police Academy (1984),Comedy|Crime,87928,9336,movie
2379,Police Academy 2: Their First Assignment (1985),Comedy|Crime,89822,10157,movie
2380,Police Academy 3: Back in Training (1986),Comedy|Crime,91777,12118,movie
2381,Police Academy 4: Citizens on Patrol (1987),Comedy|Crime,93756,10587,movie
2382,Police Academy 5: Assignment: Miami Beach (1988),Comedy|Crime,95882,11825,movie
2383,Police Academy 6: City Under Siege (1989),Comedy|Crime,98105,11895,movie
2384,Babe: Pig in the City (1998),Adventure|Children|Drama,120595,9447,movie
2385,Home Fries (1998),Comedy|Romance,119304,12257,movie
2387,Very Bad Things (1998),Comedy|Crime,124198,10029,movie
2388,Steam: The Turkish Bath (Hamam) (1997),Drama|Romance,119248,27104,movie
2389,Psycho (1998),Crime|Horror|Thriller,155975,11252,movie
2390,Little Voice (1998),Comedy,147004,8545,movie
2391,"Simple Plan, A (1998)",Crime|Drama|Thriller,120324,10223,movie
2392,Jack Frost (1998),Children|Comedy|Drama,141109,9745,movie
2393,Star Trek: Insurrection (1998),Action|Drama|Romance|Sci-Fi,120844,200,movie
2394,"Prince of Egypt, The (1998)",Animation|Musical,120794,9837,movie
2395,Rushmore (1998),Comedy|Drama,128445,11545,movie
2396,Shakespeare in Love (1998),Comedy|Drama|Romance,138097,1934,movie
2398,Miracle on 34th Street (1947),Comedy|Drama,39628,11881,movie
2399,Santa Claus: The Movie (1985),Adventure|Children|Fantasy,89961,13764,movie
2400,Prancer (1989),Children|Drama|Fantasy,98115,24951,movie
2401,Pale Rider (1985),Western,89767,8879,movie
2402,Rambo: First Blood Part II (1985),Action|Adventure|Thriller,89880,1369,movie
2403,First Blood (Rambo: First Blood) (1982),Action|Adventure|Drama|Thriller,83944,1368,movie
2404,Rambo III (1988),Action|Adventure|Thriller|War,95956,1370,movie
2405,"Jewel of the Nile, The (1985)",Action|Adventure|Comedy|Romance,89370,10303,movie
2406,Romancing the Stone (1984),Action|Adventure|Comedy|Romance,88011,9326,movie
2407,Cocoon (1985),Comedy|Sci-Fi,88933,10328,movie
2408,Cocoon: The Return (1988),Comedy|Sci-Fi,94890,11285,movie
2409,Rocky II (1979),Action|Drama,79817,1367,movie
2410,Rocky III (1982),Action|Drama,84602,1371,movie
2411,Rocky IV (1985),Action|Drama,89927,1374,movie
2412,Rocky V (1990),Action|Drama,100507,1375,movie
2413,Clue (1985),Comedy|Crime|Mystery|Thriller,88930,15196,movie
2414,Young Sherlock Holmes (1985),Action|Adventure|Children|Fantasy|Mystery|Thriller,90357,11904,movie
2415,Violets Are Blue... (1986),Drama|Romance,92173,215875,movie
2416,Back to School (1986),Comedy,90685,15596,movie
2417,Heartburn (1986),Comedy|Drama,91188,13818,movie
2418,Nothing in Common (1986),Comedy,91653,29968,movie
2419,Extremities (1986),Drama|Thriller,91024,44326,movie
2420,"Karate Kid, The (1984)",Drama,87538,1885,movie
2421,"Karate Kid, Part II, The (1986)",Action|Adventure|Drama,91326,8856,movie
2422,"Karate Kid, Part III, The (1989)",Action|Adventure|Children|Drama,97647,10495,movie
2423,Christmas Vacation (National Lampoon's Christmas Vacation) (1989),Comedy,97958,5825,movie
2424,You've Got Mail (1998),Comedy|Romance,128853,9489,movie
2425,"General, The (1998)",Crime,120706,16885,movie
2427,"Thin Red Line, The (1998)",Action|Drama|War,120863,8741,movie
2428,"Faculty, The (1998)",Horror|Sci-Fi,133751,9276,movie
2429,Mighty Joe Young (1998),Action|Adventure|Drama|Fantasy|Thriller,120751,9822,movie
2430,Mighty Joe Young (1949),Adventure|Children|Drama,41650,39314,movie
2431,Patch Adams (1998),Comedy|Drama,129290,10312,movie
2432,Stepmom (1998),Drama,120686,9441,movie
2433,"Civil Action, A (1998)",Drama,120633,9422,movie
2435,Hurlyburly (1998),Drama,119336,24525,movie
2436,Tea with Mussolini (1999),Comedy|Drama|War,120857,10368,movie
2439,Affliction (1997),Drama,118564,31662,movie
2442,Hilary and Jackie (1998),Drama,150915,46992,movie
2443,Playing by Heart (1998),Drama|Romance,145734,825,movie
2445,At First Sight (1999),Drama,132512,15556,movie
2446,In Dreams (1999),Horror|Thriller,120710,28902,movie
2447,Varsity Blues (1999),Comedy|Drama,139699,14709,movie
2448,Virus (1999),Horror|Sci-Fi,120458,9423,movie
2450,Howard the Duck (1986),Adventure|Comedy|Sci-Fi,91225,10658,movie
2451,"Gate, The (1987)",Horror,93075,6917,movie
2453,"Boy Who Could Fly, The (1986)",Drama|Fantasy,90768,24086,movie
2454,"Fly, The (1958)",Horror|Mystery|Sci-Fi,51622,11815,movie
2455,"Fly, The (1986)",Drama|Horror|Sci-Fi|Thriller,91064,9426,movie
2456,"Fly II, The (1989)",Horror|Sci-Fi,97368,10344,movie
2457,Running Scared (1986),Action|Comedy,91875,15698,movie
2458,Armed and Dangerous (1986),Comedy|Crime,90660,2620,movie
2459,"Texas Chainsaw Massacre, The (1974)",Horror,72271,30497,movie
2460,"Texas Chainsaw Massacre 2, The (1986)",Horror,92076,16337,movie
2462,Texas Chainsaw Massacre: The Next Generation (a.k.a. The Return of the Texas Chainsaw Massacre) (1994),Horror,110978,16780,movie
2463,Ruthless People (1986),Comedy,91877,12151,movie
2465,Deadly Friend (1986),Horror,90917,33278,movie
2467,"Name of the Rose, The (Name der Rose, Der) (1986)",Crime|Drama|Mystery|Thriller,91605,192,movie
2468,Jumpin' Jack Flash (1986),Action|Comedy|Romance|Thriller,91306,10945,movie
2469,Peggy Sue Got Married (1986),Comedy|Drama,91738,10013,movie
2470,Crocodile Dundee (1986),Adventure|Comedy,90555,9671,movie
2471,Crocodile Dundee II (1988),Action|Adventure|Comedy,92493,9396,movie
2472,Tough Guys (1986),Comedy,92105,11038,movie
2473,Soul Man (1986),Comedy,91991,12278,movie
2474,"Color of Money, The (1986)",Drama,90863,11873,movie
2475,52 Pick-Up (1986),Action|Mystery|Thriller,90567,18588,movie
2476,Heartbreak Ridge (1986),Action|War,91187,10015,movie
2477,Firewalker (1986),Adventure,91055,12715,movie
2478,¡Three Amigos! (1986),Comedy|Western,92086,8388,movie
2481,My Name Is Joe (1998),Drama|Romance,151691,8129,movie
2482,Still Crazy (1998),Comedy|Romance,149151,1618,movie
2483,"Day of the Beast, The (Día de la Bestia, El) (1995)",Adventure|Comedy|Thriller,112922,10722,movie
2485,She's All That (1999),Comedy|Romance,160862,10314,movie
2488,Peeping Tom (1960),Drama|Horror|Thriller,54167,11167,movie
2490,Payback (1999),Action|Thriller,120784,2112,movie
2491,Simply Irresistible (1999),Comedy|Romance,145893,16172,movie
2492,20 Dates (1998),Comedy|Romance,138987,111794,movie
2493,"Harmonists, The (1997)",Drama,128133,9524,movie
2494,"Last Days, The (1998)",Documentary,174852,20595,movie
2495,"Fantastic Planet, The (Planète sauvage, La) (1973)",Animation|Sci-Fi,70544,16306,movie
2496,Blast from the Past (1999),Comedy|Romance,124298,11622,movie
2497,Message in a Bottle (1999),Romance,139462,10207,movie
2498,My Favorite Martian (1999),Comedy|Sci-Fi,120764,9849,movie
2500,Jawbreaker (1999),Comedy,155776,18892,movie
2501,October Sky (1999),Drama,132477,13466,movie
2502,Office Space (1999),Comedy|Crime,151804,1542,movie
2503,"Apple, The (Sib) (1998)",Drama,156901,43978,movie
2504,200 Cigarettes (1999),Comedy|Drama,137338,15256,movie
2505,8MM (1999),Drama|Mystery|Thriller,134273,8224,movie
2506,"Other Sister, The (1999)",Comedy|Drama|Romance,123209,18417,movie
2511,"Long Goodbye, The (1973)",Crime|Film-Noir,70334,1847,movie
2512,"Ballad of Narayama, The (Narayama bushiko) (1983)",Drama,84390,42113,movie
2513,Pet Sematary (1989),Horror,98084,8913,movie
2514,Pet Sematary II (1992),Comedy|Horror,105128,10906,movie
2515,Children of the Corn II: The Final Sacrifice (1993),Horror,106557,25748,movie
2516,Children of the Corn III (1994),Horror,109415,25749,movie
2517,Christine (1983),Horror,85333,8769,movie
2518,Night Shift (1982),Comedy,84412,14742,movie
2520,Airport (1970),Drama,65377,10671,movie
2521,Airport 1975 (1974),Action|Drama|Thriller,71110,27932,movie
2522,Airport '77 (1977),Drama,75648,7227,movie
2523,Rollercoaster (1977),Drama|Thriller,76636,10670,movie
2524,"Towering Inferno, The (1974)",Action|Adventure|Drama|Thriller,72308,5919,movie
2525,Alligator (1980),Action|Horror|Sci-Fi,80354,33518,movie
2526,Meteor (1979),Sci-Fi,79550,40160,movie
2527,Westworld (1973),Action|Sci-Fi|Thriller|Western,70909,2362,movie
2528,Logan's Run (1976),Action|Adventure|Sci-Fi,74812,10803,movie
2529,Planet of the Apes (1968),Action|Drama|Sci-Fi,63442,871,movie
2530,Beneath the Planet of the Apes (1970),Action|Sci-Fi,65462,1685,movie
2531,Battle for the Planet of the Apes (1973),Action|Sci-Fi,69768,1705,movie
2532,Conquest of the Planet of the Apes (1972),Action|Sci-Fi,68408,1688,movie
2533,Escape from the Planet of the Apes (1971),Action|Sci-Fi,67065,1687,movie
2534,Avalanche (1978),Action,77189,166680,movie
2535,Earthquake (1974),Action|Drama|Thriller,71455,11123,movie
2537,Beyond the Poseidon Adventure (1979),Adventure,78856,31638,movie
2538,Dancemaker (1998),Documentary,175550,113286,movie
2539,Analyze This (1999),Comedy,122933,9535,movie
2540,"Corruptor, The (1999)",Action|Crime|Drama|Thriller,142192,9455,movie
2541,Cruel Intentions (1999),Drama,139134,796,movie
2542,"Lock, Stock & Two Smoking Barrels (1998)",Comedy|Crime|Thriller,120735,100,movie
2544,"School of Flesh, The (École de la chair, L') (1998)",Drama|Romance,157208,77936,movie
2546,"Deep End of the Ocean, The (1999)",Drama,120646,30943,movie
2548,"Rage: Carrie 2, The (1999)",Horror,144814,7341,movie
2549,Wing Commander (1999),Action|Sci-Fi,131646,10350,movie
2550,"Haunting, The (1963)",Horror|Thriller,57129,11772,movie
2551,Dead Ringers (1988),Drama|Horror|Thriller,94964,9540,movie
2552,My Boyfriend's Back (1993),Comedy,107626,31503,movie
2553,Village of the Damned (1960),Horror|Sci-Fi|Thriller,54443,11773,movie
2554,Children of the Damned (1963),Horror|Sci-Fi|Thriller,56931,30202,movie
2555,Baby Geniuses (1999),Comedy,118665,22345,movie
2557,I Stand Alone (Seul contre tous) (1998),Drama|Thriller,157016,1567,movie
2558,Forces of Nature (1999),Comedy|Romance,141098,1641,movie
2559,"King and I, The (1999)",Animation|Children,160429,47288,movie
2560,Ravenous (1999),Horror|Thriller,129332,10212,movie
2561,True Crime (1999),Crime|Thriller,139668,10354,movie
2563,Dangerous Beauty (1998),Drama,118892,8583,movie
2565,"King and I, The (1956)",Drama|Musical|Romance,49408,16520,movie
2566,Doug's 1st Movie (1999),Animation|Children,187819,16508,movie
2567,EDtv (1999),Comedy,131369,11374,movie
2568,"Mod Squad, The (1999)",Action|Crime,120757,16379,movie
2570,"Walk on the Moon, A (1999)",Drama|Romance,120613,28029,movie
2571,"Matrix, The (1999)",Action|Sci-Fi|Thriller,133093,603,movie
2572,10 Things I Hate About You (1999),Comedy|Romance,147800,4951,movie
2573,Tango (1998),Drama|Musical,120274,65749,movie
2574,"Out-of-Towners, The (1999)",Comedy,129280,8970,movie
2575,"Dreamlife of Angels, The (Vie rêvée des anges, La) (1998)",Drama,120449,9840,movie
2577,Metroland (1997),Comedy|Drama,119665,30950,movie
2579,Following (1998),Crime|Mystery|Thriller,154506,11660,movie
2580,Go (1999),Comedy|Crime,139239,9430,movie
2581,Never Been Kissed (1999),Comedy|Romance,151738,11355,movie
2582,Twin Dragons (Shuang long hui) (1992),Action|Comedy,105399,18764,movie
2583,Cookie's Fortune (1999),Comedy|Drama,126250,9465,movie
2585,"Lovers of the Arctic Circle, The (Los Amantes del Círculo Polar) (1998)",Drama|Romance,133363,1414,movie
2586,Goodbye Lover (1999),Comedy|Crime|Thriller,119219,49981,movie
2587,Life (1999),Comedy|Crime|Drama,123964,6522,movie
2589,Friends & Lovers (1999),Comedy|Drama|Romance,143261,114719,movie
2590,Hideous Kinky (1998),Drama,136244,10209,movie
2593,"Monster, The (Mostro, Il) (1994)",Comedy,110570,22826,movie
2594,Open Your Eyes (Abre los ojos) (1997),Drama|Romance|Sci-Fi|Thriller,125659,1902,movie
2596,SLC Punk! (1998),Comedy|Drama,133189,6396,movie
2597,Lost & Found (1999),Comedy|Romance,120836,39964,movie
2598,Pushing Tin (1999),Comedy,120797,12596,movie
2599,Election (1999),Comedy,126886,9451,movie
2600,eXistenZ (1999),Action|Sci-Fi|Thriller,120907,1946,movie
2605,Entrapment (1999),Crime|Thriller,137494,1844,movie
2606,Idle Hands (1999),Comedy|Horror,138510,6552,movie
2607,Get Real (1998),Drama|Romance,162973,24584,movie
2609,"King of Masks, The (Bian Lian) (1996)",Drama,115669,25471,movie
2611,"Winslow Boy, The (1999)",Drama,155388,28519,movie
2612,Mildred Pierce (1945),Drama|Film-Noir,37913,3309,movie
2613,Night of the Comet (1984),Comedy|Horror|Sci-Fi,87799,18462,movie
2614,Chopping Mall (a.k.a. Killbots) (1986),Action|Horror|Sci-Fi,90837,28941,movie
2615,My Science Project (1985),Adventure|Sci-Fi,89652,18252,movie
2616,Dick Tracy (1990),Action|Crime,99422,8592,movie
2617,"Mummy, The (1999)",Action|Adventure|Comedy|Fantasy|Horror|Thriller,120616,564,movie
2618,"Castle, The (1997)",Comedy,118826,13852,movie
2620,This Is My Father (1998),Drama|Romance,120865,25232,movie
2622,William Shakespeare's A Midsummer Night's Dream (1999),Comedy|Fantasy,140379,10210,movie
2623,Trippin' (1999),Comedy,160298,53862,movie
2624,After Life (Wandafuru raifu) (1998),Drama|Fantasy,165078,17962,movie
2625,Black Mask (Hak hap) (1996),Action|Adventure|Crime|Sci-Fi|Thriller,115693,9460,movie
2628,Star Wars: Episode I - The Phantom Menace (1999),Action|Adventure|Sci-Fi,120915,1893,movie
2629,"Love Letter, The (1999)",Comedy|Romance,166252,31342,movie
2630,Besieged (a.k.a. L' Assedio) (1998),Drama,149723,44297,movie
2632,"Saragossa Manuscript, The (Rekopis znaleziony w Saragossie) (1965)",Adventure|Drama|Mystery,59643,8785,movie
2633,"Mummy, The (1932)",Horror|Romance,23245,15849,movie
2634,"Mummy, The (1959)",Horror,53085,18990,movie
2639,Mommie Dearest (1981),Drama,82766,15660,movie
2640,Superman (1978),Action|Adventure|Sci-Fi,78346,1924,movie
2641,Superman II (1980),Action|Sci-Fi,81573,8536,movie
2642,Superman III (1983),Action|Adventure|Sci-Fi,86393,9531,movie
2643,Superman IV: The Quest for Peace (1987),Action|Adventure|Sci-Fi,94074,11411,movie
2644,Dracula (1931),Horror,21814,138,movie
2648,Frankenstein (1931),Drama|Horror|Sci-Fi,21884,3035,movie
2651,Frankenstein Meets the Wolf Man (1943),Horror,35899,3076,movie
2652,"Curse of Frankenstein, The (1957)",Horror,50280,3079,movie
2654,"Wolf Man, The (1941)",Drama|Fantasy|Horror,34398,13666,movie
2655,Howling II: Your Sister Is a Werewolf (1985),Horror,89308,29794,movie
2656,Tarantula (1955),Horror|Sci-Fi,48696,9077,movie
2657,"Rocky Horror Picture Show, The (1975)",Comedy|Horror|Musical|Sci-Fi,73629,36685,movie
2659,It Came from Hollywood (1982),Comedy|Documentary,84156,30168,movie
2660,"Thing from Another World, The (1951)",Horror|Sci-Fi,44121,10785,movie
2661,It Came from Outer Space (1953),Sci-Fi,45920,19483,movie
2662,"War of the Worlds, The (1953)",Action|Drama|Sci-Fi,46534,8974,movie
2664,Invasion of the Body Snatchers (1956),Horror|Sci-Fi|Thriller,49366,11549,movie
2665,Earth vs. the Flying Saucers (1956),Sci-Fi,49169,18158,movie
2668,Swamp Thing (1982),Horror|Sci-Fi,84745,17918,movie
2669,Pork Chop Hill (1959),War,53183,37305,movie
2670,Run Silent Run Deep (1958),War,52151,18784,movie
2671,Notting Hill (1999),Comedy|Romance,125439,509,movie
2672,"Thirteenth Floor, The (1999)",Drama|Sci-Fi|Thriller,139809,1090,movie
2674,"Loss of Sexual Innocence, The (1999)",Drama|Fantasy,126859,15059,movie
2676,Instinct (1999),Drama|Thriller,128278,12117,movie
2677,Buena Vista Social Club (1999),Documentary|Musical,186508,11779,movie
2681,Free Enterprise (1998),Comedy|Romance|Sci-Fi,141105,13533,movie
2682,Limbo (1999),Drama,164085,62676,movie
2683,Austin Powers: The Spy Who Shagged Me (1999),Action|Adventure|Comedy,145660,817,movie
2686,"Red Violin, The (Violon rouge, Le) (1998)",Drama|Mystery,120802,14283,movie
2687,Tarzan (1999),Adventure|Animation|Children|Drama,120855,37135,movie
2688,"General's Daughter, The (1999)",Crime|Drama|Mystery|Thriller,144214,2275,movie
2690,"Ideal Husband, An (1999)",Comedy|Romance,122541,24137,movie
2691,"Legend of 1900, The (a.k.a. The Legend of the Pianist on the Ocean) (Leggenda del pianista sull'oceano) (1998)",Drama,120731,10376,movie
2692,Run Lola Run (Lola rennt) (1998),Action|Crime,130827,104,movie
2693,Trekkies (1997),Documentary,120370,15800,movie
2694,Big Daddy (1999),Comedy,142342,9032,movie
2695,"Boys, The (1998)",Drama,139898,13821,movie
2696,"Dinner Game, The (Dîner de cons, Le) (1998)",Comedy,119038,9421,movie
2697,My Son the Fanatic (1997),Comedy|Drama|Romance,119743,55955,movie
2698,Zone 39 (1997),Sci-Fi,120554,67067,movie
2699,Arachnophobia (1990),Comedy|Horror,99052,6488,movie
2700,"South Park: Bigger, Longer and Uncut (1999)",Animation|Comedy|Musical,158983,9473,movie
2701,Wild Wild West (1999),Action|Comedy|Sci-Fi|Western,120891,8487,movie
2702,Summer of Sam (1999),Drama,162677,10279,movie
2706,American Pie (1999),Comedy|Romance,163651,2105,movie
2707,Arlington Road (1999),Thriller,137363,1073,movie
2708,"Autumn Tale, An (Conte d'automne) (1998)",Romance,137439,10239,movie
2709,Muppets From Space (1999),Children|Comedy,158811,10208,movie
2710,"Blair Witch Project, The (1999)",Drama|Horror|Thriller,185937,2667,movie
2712,Eyes Wide Shut (1999),Drama|Mystery|Thriller,120663,345,movie
2713,Lake Placid (1999),Horror|Thriller,139414,9825,movie
2716,Ghostbusters (a.k.a. Ghost Busters) (1984),Action|Comedy|Sci-Fi,87332,620,movie
2717,Ghostbusters II (1989),Comedy|Fantasy|Sci-Fi,97428,2978,movie
2718,Drop Dead Gorgeous (1999),Comedy,157503,10490,movie
2719,"Haunting, The (1999)",Horror|Thriller,171363,11618,movie
2720,Inspector Gadget (1999),Action|Adventure|Children|Comedy,141369,332,movie
2722,Deep Blue Sea (1999),Action|Horror|Sci-Fi|Thriller,149261,8914,movie
2723,Mystery Men (1999),Action|Comedy|Fantasy,132347,9824,movie
2724,Runaway Bride (1999),Comedy|Romance,163187,4806,movie
2725,Twin Falls Idaho (1999),Drama,162830,33430,movie
2726,"Killing, The (1956)",Crime|Film-Noir,49406,247,movie
2727,Killer's Kiss (1955),Crime|Film-Noir,48254,10056,movie
2728,Spartacus (1960),Action|Drama|Romance|War,54331,967,movie
2729,Lolita (1962),Drama|Romance,56193,802,movie
2730,Barry Lyndon (1975),Drama|Romance|War,72684,3175,movie
2731,"400 Blows, The (Les quatre cents coups) (1959)",Crime|Drama,53198,147,movie
2732,Jules and Jim (Jules et Jim) (1961),Drama|Romance,55032,1628,movie
2733,Vibes (1988),Adventure|Comedy|Romance,96378,21185,movie
2734,"Mosquito Coast, The (1986)",Adventure|Drama|Thriller,91557,11120,movie
2735,"Golden Child, The (1986)",Action|Adventure|Comedy|Fantasy|Mystery,91129,10136,movie
2736,Brighton Beach Memoirs (1986),Comedy,90774,32060,movie
2737,Assassination (1987),Action|Drama|Thriller,92585,48686,movie
2738,Crimes of the Heart (1986),Comedy|Drama,90886,48259,movie
2739,"Color Purple, The (1985)",Drama,88939,873,movie
2740,"Kindred, The (1986)",Horror|Sci-Fi,91343,48660,movie
2741,No Mercy (1986),Action|Crime|Thriller,91637,26789,movie
2742,Ménage (Tenue de soirée) (1986),Comedy|Drama,92068,3934,movie
2743,Native Son (1986),Drama,91613,108312,movie
2744,Otello (1986),Drama,91699,198469,movie
2745,"Mission, The (1986)",Drama,91530,11416,movie
2746,Little Shop of Horrors (1986),Comedy|Horror|Musical,91419,10776,movie
2747,"Little Shop of Horrors, The (1960)",Comedy|Horror,54033,24452,movie
2748,Allan Quatermain and the Lost City of Gold (1987),Action|Adventure|Comedy,92534,9710,movie
2749,"Morning After, The (1986)",Drama|Mystery,91554,31924,movie
2750,Radio Days (1987),Comedy|Drama,93818,30890,movie
2751,From the Hip (1987),Comedy|Drama,93051,24081,movie
2752,Outrageous Fortune (1987),Comedy|Mystery,93690,20242,movie
2754,Deadtime Stories (1987),Horror,92850,66194,movie
2757,Frances (1982),Drama,83967,3526,movie
2759,Dick (1999),Comedy,144168,16406,movie
2761,"Iron Giant, The (1999)",Adventure|Animation|Children|Drama|Sci-Fi,129167,10386,movie
2762,"Sixth Sense, The (1999)",Drama|Horror|Mystery,167404,745,movie
2763,"Thomas Crown Affair, The (1999)",Action|Mystery,155267,913,movie
2764,"Thomas Crown Affair, The (1968)",Crime|Drama|Romance|Thriller,63688,912,movie
2765,"Acid House, The (1998)",Comedy|Drama,122515,12229,movie
2766,"Adventures of Sebastian Cole, The (1998)",Comedy|Drama,168449,67323,movie
2769,"Yards, The (2000)",Crime|Drama,138946,19457,movie
2770,Bowfinger (1999),Comedy,131325,11353,movie
2771,Brokedown Palace (1999),Drama,120620,17707,movie
2772,Detroit Rock City (1999),Comedy,165710,9781,movie
2774,Better Than Chocolate (1999),Comedy|Romance,168987,18212,movie
2775,Head On (1998),Drama,138487,13817,movie
2779,Heaven Can Wait (1978),Comedy,77663,12185,movie
2782,Pit and the Pendulum (1961),Horror,55304,28501,movie
2784,"Masque of the Red Death, The (1964)",Horror,58333,25319,movie
2786,Haunted Honeymoon (1986),Comedy,91178,24103,movie
2787,Cat's Eye (1985),Horror,88889,10552,movie
2788,Monty Python's And Now for Something Completely Different (1971),Comedy,66765,9267,movie
2789,Damien: Omen II (1978),Horror,77394,10766,movie
2790,"Final Conflict, The (a.k.a. Omen III: The Final Conflict) (1981)",Horror|Thriller,82377,10768,movie
2791,Airplane! (1980),Comedy,80339,813,movie
2792,Airplane II: The Sequel (1982),Comedy,83530,2665,movie
2793,"American Werewolf in Paris, An (1997)",Comedy|Horror|Romance|Thriller,118604,9406,movie
2794,European Vacation (aka National Lampoon's European Vacation) (1985),Adventure|Comedy|Romance,89670,11418,movie
2795,National Lampoon's Vacation (1983),Comedy,85995,11153,movie
2796,Funny Farm (1988),Comedy,95188,14170,movie
2797,Big (1988),Comedy|Drama|Fantasy|Romance,94737,2280,movie
2798,Problem Child (1990),Children|Comedy,100419,11077,movie
2799,Problem Child 2 (1991),Comedy,102719,28597,movie
2800,Little Nemo: Adventures in Slumberland (1992),Adventure|Animation|Children|Drama|Fantasy,104740,22611,movie
2801,Oscar and Lucinda (a.k.a. Oscar & Lucinda) (1997),Drama|Romance,119843,39780,movie
2802,Tequila Sunrise (1988),Action|Drama|Romance|Thriller,96244,10396,movie
2803,"Pelican Brief, The (1993)",Crime|Drama|Mystery|Romance|Thriller,107798,9944,movie
2804,"Christmas Story, A (1983)",Children|Comedy,85334,850,movie
2805,Mickey Blue Eyes (1999),Comedy|Romance,130121,10154,movie
2806,Teaching Mrs. Tingle (1999),Comedy|Thriller,133046,10342,movie
2807,Universal Soldier: The Return (1999),Action|Sci-Fi,176269,10366,movie
2808,Universal Soldier (1992),Action|Sci-Fi,105698,9349,movie
2810,Perfect Blue (1997),Animation|Horror|Mystery|Thriller,156887,10494,movie
2812,In Too Deep (1999),Action|Thriller,160401,22314,movie
2813,"Source, The (1999)",Documentary,181833,51679,movie
2815,Iron Eagle (1986),Action|War,91278,11037,movie
2816,Iron Eagle II (1988),Action|War,95382,11955,movie
2817,Aces: Iron Eagle III (1992),Action,103617,2038,movie
2818,Iron Eagle IV (1995),Action|War,113438,28737,movie
2819,Three Days of the Condor (3 Days of the Condor) (1975),Drama|Mystery|Romance|Thriller,73802,11963,movie
2820,Hamlet (1964),Drama,58175,141489,movie
2822,Medicine Man (1992),Adventure|Romance,104839,9096,movie
2824,On the Ropes (1999),Documentary|Drama,181733,113273,movie
2826,"13th Warrior, The (1999)",Action|Adventure|Fantasy,120657,1911,movie
2827,"Astronaut's Wife, The (1999)",Horror|Sci-Fi|Thriller,138304,2900,movie
2828,Dudley Do-Right (1999),Children|Comedy,160236,17709,movie
2829,"Muse, The (1999)",Comedy,164108,37718,movie
2835,Chill Factor (1999),Action|Adventure|Comedy|Thriller,163579,2162,movie
2836,Outside Providence (1999),Comedy,125971,14578,movie
2837,Bedrooms & Hallways (1998),Comedy|Romance,126810,40694,movie
2839,West Beirut (West Beyrouth) (1998),Drama,157183,49184,movie
2840,Stigmata (1999),Drama|Thriller,145531,10307,movie
2841,Stir of Echoes (1999),Horror|Mystery|Thriller,164181,11601,movie
2843,"Black Cat, White Cat (Crna macka, beli macor) (1998)",Comedy|Romance,118843,1075,movie
2844,"Minus Man, The (1999)",Drama|Mystery,151582,21719,movie
2846,"Adventures of Milo and Otis, The (Koneko monogatari) (1986)",Adventure|Children|Comedy|Drama,97050,47951,movie
2847,Only Angels Have Wings (1939),Adventure|Drama|Romance,31762,43832,movie
2848,"Othello (Tragedy of Othello: The Moor of Venice, The) (1952)",Drama,45251,47697,movie
2852,"Soldier's Story, A (1984)",Drama,88146,26522,movie
2856,I Saw What You Did (1965),Thriller,59297,28295,movie
2857,Yellow Submarine (1968),Adventure|Animation|Comedy|Fantasy|Musical,63823,12105,movie
2858,American Beauty (1999),Drama|Romance,169547,14,movie
2859,Stop Making Sense (1984),Documentary|Musical,88178,24128,movie
2860,Blue Streak (1999),Comedy,181316,11001,movie
2861,For Love of the Game (1999),Comedy|Drama,126916,10390,movie
2862,Caligula (1979),Drama,80491,9453,movie
2863,"Hard Day's Night, A (1964)",Adventure|Comedy|Musical,58182,704,movie
2865,Sugar Town (1999),Comedy,173390,142132,movie
2866,"Buddy Holly Story, The (1978)",Drama,77280,24153,movie
2867,Fright Night (1985),Comedy|Horror|Thriller,89175,11797,movie
2868,Fright Night Part II (1988),Horror,97390,18086,movie
2870,Barefoot in the Park (1967),Comedy,61385,17887,movie
2871,Deliverance (1972),Adventure|Drama|Thriller,68473,10669,movie
2872,Excalibur (1981),Adventure|Fantasy,82348,11527,movie
2874,"Pajama Game, The (1957)",Comedy|Musical|Romance,50814,40867,movie
2875,Sommersby (1993),Drama|Mystery|Romance,108185,1049,movie
2876,Thumbelina (1994),Animation|Children|Fantasy,111419,28032,movie
2877,Tommy (1975),Musical,73812,11326,movie
2878,Hell Night (1981),Horror,82511,28377,movie
2879,Armour of God II: Operation Condor (Operation Condor) (Fei ying gai wak) (1991),Action|Adventure|Comedy,99558,10975,movie
2880,Armour of God (Long xiong hu di) (1987),Action|Adventure|Comedy,91431,10974,movie
2881,Double Jeopardy (1999),Action|Crime|Drama|Thriller,150377,10398,movie
2882,Jakob the Liar (1999),Drama,120716,2290,movie
2883,Mumford (1999),Comedy|Drama,140397,24071,movie
2884,Dog Park (1998),Comedy|Romance,129884,62994,movie
2885,Guinevere (1999),Drama|Romance,160338,60994,movie
2886,"Adventures of Elmo in Grouchland, The (1999)",Children|Comedy,159421,16112,movie
2887,Simon Sez (1999),Action|Comedy,168172,32305,movie
2888,Drive Me Crazy (1999),Comedy|Romance,164114,14429,movie
2889,"Mystery, Alaska (1999)",Comedy|Drama,134618,15198,movie
2890,Three Kings (1999),Action|Adventure|Comedy|Drama|War,120188,6415,movie
2891,"Happy, Texas (1999)",Comedy,162360,24066,movie
2892,New Rose Hotel (1998),Action|Drama,133122,21430,movie
2893,Plunkett & MaCleane (1999),Action|Adventure|Drama,134033,10381,movie
2894,Romance (1999),Drama|Romance,194314,171982,movie
2896,Alvarez Kelly (1966),Western,60095,60285,movie
2897,And the Ship Sails On (E la nave va) (1983),Comedy|War,87188,5622,movie
2898,"Dark Half, The (1993)",Horror|Mystery,106664,10349,movie
2899,Gulliver's Travels (1939),Adventure|Animation|Children,31397,42518,movie
2900,Monkey Shines (1988),Horror|Sci-Fi,95652,29787,movie
2901,Phantasm (1979),Horror|Sci-Fi,79714,9638,movie
2902,Psycho II (1983),Horror|Mystery|Thriller,86154,10576,movie
2903,Psycho III (1986),Horror|Thriller,91799,12662,movie
2905,Sanjuro (Tsubaki Sanjûrô) (1962),Action|Adventure|Drama,56443,11712,movie
2906,Random Hearts (1999),Drama|Romance,156934,12618,movie
2907,Superstar (1999),Comedy,167427,13824,movie
2908,Boys Don't Cry (1999),Drama,171804,226,movie
2912,"Limey, The (1999)",Crime|Drama|Thriller,165854,10388,movie
2915,Risky Business (1983),Comedy,86200,9346,movie
2916,Total Recall (1990),Action|Adventure|Sci-Fi|Thriller,100802,861,movie
2917,Body Heat (1981),Crime|Thriller,82089,14412,movie
2918,Ferris Bueller's Day Off (1986),Comedy,91042,9377,movie
2919,"Year of Living Dangerously, The (1982)",Drama|Romance|War,86617,11541,movie
2921,High Plains Drifter (1973),Western,68699,11901,movie
2922,Hang 'Em High (1968),Crime|Drama|Western,61747,4929,movie
2924,Drunken Master (Jui kuen) (1978),Action|Comedy,80179,11230,movie
2925,"Conformist, The (Conformista, Il) (1970)",Drama,65571,8416,movie
2926,Hairspray (1988),Comedy|Drama,95270,11054,movie
2927,Brief Encounter (1946),Drama|Romance,37558,851,movie
2928,"Razor's Edge, The (1984)",Drama,87980,24453,movie
2929,Reds (1981),Drama|Romance,82979,18254,movie
2930,Return with Honor (1998),Documentary,176093,56235,movie
2931,Time of the Gypsies (Dom za vesanje) (1989),Comedy|Crime|Drama|Fantasy,97223,20123,movie
2932,Days of Heaven (1978),Drama,77405,16642,movie
2935,"Lady Eve, The (1941)",Comedy|Romance,33804,3086,movie
2936,Sullivan's Travels (1941),Adventure|Comedy|Romance,34240,16305,movie
2937,"Palm Beach Story, The (1942)",Comedy,35169,32255,movie
2939,Niagara (1953),Drama|Thriller,46126,19997,movie
2940,Gilda (1946),Drama|Film-Noir|Mystery|Romance,38559,3767,movie
2941,South Pacific (1958),Musical|Romance|War,52225,17352,movie
2942,Flashdance (1983),Drama|Romance,85549,535,movie
2943,Indochine (1992),Drama|Romance,104507,2731,movie
2944,"Dirty Dozen, The (1967)",Action|Drama|War,61578,1654,movie
2946,Help! (1965),Comedy|Musical,59260,14831,movie
2947,Goldfinger (1964),Action|Adventure|Thriller,58150,658,movie
2948,From Russia with Love (1963),Action|Adventure|Thriller,57076,657,movie
2949,Dr. No (1962),Action|Adventure|Thriller,55928,646,movie
2950,"Blue Lagoon, The (1980)",Adventure|Drama|Romance,80453,5689,movie
2951,"Fistful of Dollars, A (Per un pugno di dollari) (1964)",Action|Western,58461,391,movie
2952,Sydney (Hard Eight) (1996),Crime|Drama|Thriller,119256,8052,movie
2953,Home Alone 2: Lost in New York (1992),Children|Comedy,104431,772,movie
2956,Someone to Watch Over Me (1987),Action|Crime|Thriller,94008,31650,movie
2959,Fight Club (1999),Action|Crime|Drama|Thriller,137523,550,movie
2961,"Story of Us, The (1999)",Comedy|Drama,160916,12220,movie
2962,Fever Pitch (1997),Comedy|Romance,119114,1610,movie
2964,Julien Donkey-Boy (1999),Drama,192194,42881,movie
2965,"Omega Code, The (1999)",Action,203408,29064,movie
2966,"Straight Story, The (1999)",Adventure|Drama,166896,404,movie
2967,"Bad Seed, The (1956)",Drama|Thriller,48977,42196,movie
2968,Time Bandits (1981),Adventure|Comedy|Fantasy|Sci-Fi,81633,36819,movie
2969,"Man and a Woman, A (Un homme et une femme) (1966)",Drama|Romance,61138,42726,movie
2970,Fitzcarraldo (1982),Adventure|Drama,83946,9343,movie
2971,All That Jazz (1979),Drama|Fantasy|Musical,78754,16858,movie
2972,Red Sorghum (Hong gao liang) (1987),Drama|War,93206,42006,movie
2973,Crimes and Misdemeanors (1989),Comedy|Crime|Drama,97123,11562,movie
2974,Bats (1999),Horror|Thriller,200469,10496,movie
2975,"Best Man, The (1999)",Comedy|Drama,168501,16162,movie
2976,Bringing Out the Dead (1999),Drama,163988,8649,movie
2977,Crazy in Alabama (1999),Comedy|Drama,142201,31306,movie
2978,Three to Tango (1999),Comedy|Romance,144640,10563,movie
2979,Body Shots (1999),Drama,172627,14484,movie
2982,"Guardian, The (1990)",Horror|Thriller,99710,32043,movie
2983,"Ipcress File, The (1965)",Thriller,59319,15247,movie
2984,On Any Sunday (1971),Documentary,67527,29251,movie
2985,RoboCop (1987),Action|Crime|Drama|Sci-Fi|Thriller,93870,5548,movie
2986,RoboCop 2 (1990),Action|Crime|Sci-Fi|Thriller,100502,5549,movie
2987,Who Framed Roger Rabbit? (1988),Adventure|Animation|Children|Comedy|Crime|Fantasy|Mystery,96438,856,movie
2988,Melvin and Howard (1980),Drama,81150,38772,movie
2989,For Your Eyes Only (1981),Action|Adventure|Thriller,82398,699,movie
2990,Licence to Kill (1989),Action|Adventure|Thriller,97742,709,movie
2991,Live and Let Die (1973),Action|Adventure|Thriller,70328,253,movie
2992,Rawhead Rex (1986),Horror|Thriller,91829,13511,movie
2993,Thunderball (1965),Action|Adventure|Thriller,59800,660,movie
2995,House on Haunted Hill (1999),Horror|Thriller,185371,11377,movie
2996,Music of the Heart (1999),Drama,166943,26149,movie
2997,Being John Malkovich (1999),Comedy|Drama|Fantasy,120601,492,movie
3000,Princess Mononoke (Mononoke-hime) (1997),Action|Adventure|Animation|Drama|Fantasy,119698,128,movie
3002,My Best Fiend (Mein liebster Feind) (1999),Documentary,200849,8672,movie
3003,Train of Life (Train de vie) (1998),Comedy|Drama|Romance|War,170705,8056,movie
3004,"Bachelor, The (1999)",Comedy|Romance,120596,2020,movie
3005,"Bone Collector, The (1999)",Thriller,145681,9481,movie
3006,"Insider, The (1999)",Drama|Thriller,140352,9008,movie
3007,American Movie (1999),Documentary,181288,14242,movie
3008,Last Night (1998),Drama|Sci-Fi,156729,16129,movie
3010,Rosetta (1999),Drama,200071,11489,movie
3011,"They Shoot Horses, Don't They? (1969)",Drama,65088,28145,movie
3013,Bride of Re-Animator (1990),Comedy|Horror,99180,18111,movie
3014,Bustin' Loose (1981),Comedy,82121,31361,movie
3015,Coma (1978),Thriller,77355,11223,movie
3016,Creepshow (1982),Horror,83767,16281,movie
3017,Creepshow 2 (1987),Horror,92796,16288,movie
3018,Re-Animator (1985),Comedy|Horror|Sci-Fi,89885,1694,movie
3019,Drugstore Cowboy (1989),Crime|Drama,97240,476,movie
3020,Falling Down (1993),Action|Drama,106856,37094,movie
3021,"Funhouse, The (1981)",Horror,82427,13555,movie
3022,"General, The (1926)",Comedy|War,17925,961,movie
3024,Piranha (1978),Horror|Sci-Fi,78087,24831,movie
3028,"Taming of the Shrew, The (1967)",Comedy,61407,25560,movie
3029,Nighthawks (1981),Action|Drama,82817,21610,movie
3030,Yojimbo (1961),Action|Adventure,55630,11878,movie
3031,Repossessed (1990),Comedy,100475,11510,movie
3032,"Omega Man, The (1971)",Action|Drama|Sci-Fi|Thriller,67525,11234,movie
3033,Spaceballs (1987),Comedy|Sci-Fi,94012,957,movie
3034,Robin Hood (1973),Adventure|Animation|Children|Comedy|Musical,70608,11886,movie
3035,Mister Roberts (1955),Comedy|Drama|War,48380,37853,movie
3036,"Quest for Fire (Guerre du feu, La) (1981)",Adventure|Drama,82484,62204,movie
3037,Little Big Man (1970),Western,65988,11040,movie
3038,"Face in the Crowd, A (1957)",Drama,50371,21849,movie
3039,Trading Places (1983),Comedy,86465,1621,movie
3040,Meatballs (1979),Comedy,79540,14035,movie
3041,Meatballs Part II (1984),Comedy,87700,40771,movie
3042,Meatballs III (1987),Comedy,93516,40772,movie
3043,Meatballs 4 (1992),Comedy,104837,40773,movie
3044,Dead Again (1991),Mystery|Romance|Thriller,101669,11498,movie
3045,Peter's Friends (1992),Comedy|Drama,105130,11790,movie
3046,"Incredibly True Adventure of Two Girls in Love, The (1995)",Comedy|Romance,113416,29371,movie
3048,Under the Rainbow (1981),Comedy,83254,47941,movie
3051,Anywhere But Here (1999),Comedy|Drama,149691,21349,movie
3052,Dogma (1999),Adventure|Comedy|Fantasy,120655,1832,movie
3053,"Messenger: The Story of Joan of Arc, The (1999)",Drama|War,151137,10047,movie
3054,Pokémon: The First Movie (1998),Adventure|Animation|Children|Fantasy|Sci-Fi,190641,10228,movie
3055,Felicia's Journey (1999),Thriller,165773,47692,movie
3056,Oxygen (1999),Crime|Drama|Thriller,160620,18561,movie
3057,Where's Marlowe? (1998),Comedy,118150,144953,movie
3060,"Commitments, The (1991)",Comedy|Drama|Musical,101605,11663,movie
3061,Holiday Inn (1942),Comedy|Musical,34862,13485,movie
3062,"Longest Day, The (1962)",Action|Drama|War,56197,9289,movie
3063,Poison Ivy (1992),Drama|Thriller,105156,9264,movie
3064,Poison Ivy: New Seduction (1997),Drama|Thriller,119908,18222,movie
3066,Tora! Tora! Tora! (1970),Action|Drama|War,66473,11165,movie
3067,Women on the Verge of a Nervous Breakdown (Mujeres al borde de un ataque de nervios) (1988),Comedy|Drama,95675,4203,movie
3068,"Verdict, The (1982)",Drama|Mystery,84855,24226,movie
3070,"Adventures of Buckaroo Banzai Across the 8th Dimension, The (1984)",Adventure|Comedy|Sci-Fi,86856,11379,movie
3071,Stand and Deliver (1988),Comedy|Drama,94027,29154,movie
3072,Moonstruck (1987),Comedy|Romance,93565,2039,movie
3073,"Sandpiper, The (1965)",Drama|Romance,59674,77915,movie
3074,Jeremiah Johnson (1972),Western,68762,11943,movie
3075,Repulsion (1965),Drama|Horror,59646,11481,movie
3076,Irma la Douce (1963),Comedy,57187,2690,movie
3077,42 Up (1998),Documentary,164312,20565,movie
3078,Liberty Heights (1999),Drama,165859,27141,movie
3079,Mansfield Park (1999),Comedy|Drama|Romance,178737,10399,movie
3081,Sleepy Hollow (1999),Fantasy|Horror|Mystery|Romance,162661,2668,movie
3082,"World Is Not Enough, The (1999)",Action|Adventure|Thriller,143145,36643,movie
3083,All About My Mother (Todo sobre mi madre) (1999),Drama,185125,99,movie
3086,Babes in Toyland (1934),Children|Comedy|Fantasy|Musical,24852,25898,movie
3087,Scrooged (1988),Comedy|Fantasy|Romance,96061,9647,movie
3088,Harvey (1950),Comedy|Fantasy,42546,11787,movie
3089,Bicycle Thieves (a.k.a. The Bicycle Thief) (a.k.a. The Bicycle Thieves) (Ladri di biciclette) (1948),Drama,40522,5156,movie
3090,Matewan (1987),Drama,93509,24276,movie
3091,Kagemusha (1980),Drama|War,80979,11953,movie
3093,McCabe & Mrs. Miller (1971),Drama|Western,67411,29005,movie
3094,Maurice (1987),Drama|Romance,93512,26371,movie
3095,"Grapes of Wrath, The (1940)",Drama,32551,596,movie
3096,My Man Godfrey (1957),Comedy,50738,52470,movie
3097,"Shop Around the Corner, The (1940)",Comedy|Drama|Romance,33045,20334,movie
3098,"Natural, The (1984)",Drama,87781,11393,movie
3099,Shampoo (1975),Comedy|Drama|Romance,73692,31121,movie
3100,"River Runs Through It, A (1992)",Drama,105265,293,movie
3101,Fatal Attraction (1987),Drama|Thriller,93010,10998,movie
3102,Jagged Edge (1985),Crime|Romance|Thriller,89360,12235,movie
3103,Stanley & Iris (1990),Drama|Romance,100680,36094,movie
3104,Midnight Run (1988),Action|Comedy|Crime|Thriller,95631,9013,movie
3105,Awakenings (1990),Drama|Mystery,99077,11005,movie
3106,Come See the Paradise (1990),Drama|Romance,99291,59820,movie
3107,Backdraft (1991),Action|Drama,101393,2924,movie
3108,"Fisher King, The (1991)",Comedy|Drama|Fantasy|Romance,101889,177,movie
3109,"River, The (1984)",Drama,88007,38557,movie
3111,Places in the Heart (1984),Drama,87921,13681,movie
3112,'night Mother (1986),Drama,90556,34760,movie
3113,End of Days (1999),Action|Fantasy|Horror|Mystery|Thriller,146675,9946,movie
3114,Toy Story 2 (1999),Adventure|Animation|Children|Comedy|Fantasy,120363,863,movie
3115,Flawless (1999),Drama,155711,31582,movie
3117,Ride with the Devil (1999),Drama|Romance|War,134154,22267,movie
3120,"Distinguished Gentleman, The (1992)",Comedy,104114,10411,movie
3125,"End of the Affair, The (1999)",Drama,172396,20024,movie
3127,Holy Smoke (1999),Comedy|Drama,144715,13787,movie
3129,Sweet and Lowdown (1999),Comedy|Drama,158371,9684,movie
3130,Bonfire of the Vanities (1990),Comedy|Crime|Drama,99165,9586,movie
3132,Daddy Long Legs (1919),Comedy|Drama,10040,70801,movie
3134,Grand Illusion (La grande illusion) (1937),Drama|War,28950,777,movie
3135,"Great Santini, The (1979)",Drama,79239,21887,movie
3138,Stealing Home (1988),Drama,96171,32331,movie
3141,"Two Jakes, The (1990)",Drama,100828,32669,movie
3142,U2: Rattle and Hum (1988),Documentary|Musical,96328,18161,movie
3143,Hell in the Pacific (1968),Drama|War,63056,31681,movie
3145,Cradle Will Rock (1999),Drama,150216,32274,movie
3146,Deuce Bigalow: Male Gigolo (1999),Comedy,205000,10402,movie
3147,"Green Mile, The (1999)",Crime|Drama,120689,497,movie
3148,"Cider House Rules, The (1999)",Drama,124315,1715,movie
3150,"War Zone, The (1999)",Drama|Thriller,141974,42739,movie
3152,"Last Picture Show, The (1971)",Drama,67328,25188,movie
3153,"7th Voyage of Sinbad, The (1958)",Action|Adventure|Fantasy,51337,15515,movie
3155,Anna and the King (1999),Drama|Romance,166485,1439,movie
3156,Bicentennial Man (1999),Drama|Romance|Sci-Fi,182789,2277,movie
3157,Stuart Little (1999),Children|Comedy|Fantasy,164912,10137,movie
3158,"Emperor and the Assassin, The (Jing ke ci qin wang) (1999)",Drama,162866,10387,movie
3159,Fantasia 2000 (1999),Animation|Children|Musical|IMAX,120910,49948,movie
3160,Magnolia (1999),Drama,175880,334,movie
3161,Onegin (1999),Drama|Romance,119079,30237,movie
3162,Simpatico (1999),Comedy|Drama,174204,50116,movie
3163,Topsy-Turvy (1999),Comedy|Drama|Musical,151568,46435,movie
3165,Boiling Point (1993),Action|Drama,106455,22213,movie
3167,Carnal Knowledge (1971),Comedy|Drama,66892,36492,movie
3168,Easy Rider (1969),Adventure|Drama,64276,624,movie
3169,The Falcon and the Snowman (1985),Crime|Drama|Thriller,87231,26578,movie
3171,Room at the Top (1959),Drama,53226,43103,movie
3173,Any Given Sunday (1999),Drama,146838,9563,movie
3174,Man on the Moon (1999),Comedy|Drama,125664,1850,movie
3175,Galaxy Quest (1999),Adventure|Comedy|Sci-Fi,177789,926,movie
3176,"Talented Mr. Ripley, The (1999)",Drama|Mystery|Thriller,134119,1213,movie
3177,Next Friday (2000),Comedy,195945,10471,movie
3178,"Hurricane, The (1999)",Drama,174856,10400,movie
3179,Angela's Ashes (1999),Drama,145653,10397,movie
3181,Titus (1999),Drama,120866,12524,movie
3182,"Mr. Death: The Rise and Fall of Fred A. Leuchter, Jr. (1999)",Documentary,192335,28216,movie
3183,"Third Miracle, The (1999)",Drama,174268,36773,movie
3185,Snow Falling on Cedars (1999),Drama,120834,10219,movie
3186,"Girl, Interrupted (1999)",Drama,172493,3558,movie
3189,My Dog Skip (1999),Children|Drama,156812,17908,movie
3190,Supernova (2000),Adventure|Sci-Fi|Thriller,134983,10384,movie
3192,"Terrorist, The (a.k.a. Malli) (Theeviravaathi) (1998)",Drama,169302,48233,movie
3194,"Way We Were, The (1973)",Drama|Romance,70903,10236,movie
3196,Stalag 17 (1953),Drama|War,46359,632,movie
3197,"Presidio, The (1988)",Action|Crime|Romance|Thriller,95897,11851,movie
3198,Papillon (1973),Crime|Drama,70511,5924,movie
3200,"Last Detail, The (1973)",Comedy|Drama,70290,14886,movie
3201,Five Easy Pieces (1970),Drama,65724,26617,movie
3203,Dead Calm (1989),Thriller,97162,10493,movie
3204,"Boys from Brazil, The (1978)",Action|Mystery|Thriller,77269,16241,movie
3206,Against All Odds (1984),Romance,86859,22160,movie
3208,Loaded Weapon 1 (National Lampoon's Loaded Weapon 1) (1993),Action|Comedy,107659,9644,movie
3210,Fast Times at Ridgemont High (1982),Comedy|Drama|Romance,83929,13342,movie
3211,"Cry in the Dark, A (1988)",Drama,94924,35119,movie
3213,Batman: Mask of the Phantasm (1993),Animation|Children,106364,14919,movie
3214,American Flyers (1985),Drama,88707,14040,movie
3217,"Star Is Born, A (1937)",Drama,29606,22692,movie
3219,Pacific Heights (1990),Mystery|Thriller,100318,2990,movie
3221,"Draughtsman's Contract, The (1982)",Drama,83851,10831,movie
3223,"Zed & Two Noughts, A (1985)",Drama,90366,33078,movie
3224,Woman in the Dunes (Suna no onna) (1964),Drama,58625,16672,movie
3225,Down to You (2000),Comedy|Romance,186975,10472,movie
3230,"Odessa File, The (1974)",Thriller,71935,21489,movie
3235,Where the Buffalo Roam (1980),Comedy,81748,13005,movie
3238,Eye of the Beholder (1999),Thriller,120662,18681,movie
3240,"Big Tease, The (1999)",Comedy,156639,20468,movie
3241,"Cup, The (Phörpa) (1999)",Comedy,201840,14521,movie
3243,Encino Man (1992),Comedy,104187,10406,movie
3244,"Goodbye Girl, The (1977)",Comedy|Romance,76095,14741,movie
3246,Malcolm X (1992),Drama,104797,1883,movie
3247,Sister Act (1992),Comedy|Crime,105417,2005,movie
3248,Sister Act 2: Back in the Habit (1993),Comedy,108147,6279,movie
3249,"Hand That Rocks the Cradle, The (1992)",Drama|Thriller,104389,11087,movie
3250,Alive (1993),Drama,106246,7305,movie
3251,Agnes of God (1985),Drama|Mystery,88683,24735,movie
3252,Scent of a Woman (1992),Drama,105323,9475,movie
3253,Wayne's World (1992),Comedy,105793,8872,movie
3254,Wayne's World 2 (1993),Comedy,108525,8873,movie
3255,"League of Their Own, A (1992)",Comedy|Drama,104694,11287,movie
3256,Patriot Games (1992),Action|Crime|Drama|Thriller,105112,9869,movie
3257,"Bodyguard, The (1992)",Drama|Romance|Thriller,103855,619,movie
3258,Death Becomes Her (1992),Comedy|Fantasy,104070,9374,movie
3259,Far and Away (1992),Adventure|Drama|Romance,104231,11259,movie
3260,Howards End (1992),Drama,104454,8293,movie
3261,Singles (1992),Comedy|Drama|Romance,105415,11068,movie
3262,Twin Peaks: Fire Walk with Me (1992),Crime|Drama|Mystery|Thriller,105665,1923,movie
3263,White Men Can't Jump (1992),Comedy|Drama,105812,10158,movie
3264,Buffy the Vampire Slayer (1992),Action|Comedy|Horror,103893,10206,movie
3265,Hard-Boiled (Lat sau san taam) (1992),Action|Crime|Drama|Thriller,104684,11782,movie
3266,Man Bites Dog (C'est arrivé près de chez vous) (1992),Comedy|Crime|Drama|Thriller,103905,10086,movie
3267,"Mariachi, El (1992)",Action|Crime|Thriller|Western,104815,9367,movie
3268,Stop! Or My Mom Will Shoot (1992),Action|Comedy,105477,9876,movie
3269,Forever Young (1992),Drama|Romance|Sci-Fi,104291,10326,movie
3270,"Cutting Edge, The (1992)",Comedy|Drama|Romance,104040,16562,movie
3271,Of Mice and Men (1992),Drama,105046,9609,movie
3272,Bad Lieutenant (1992),Crime|Drama,103759,12143,movie
3273,Scream 3 (2000),Comedy|Horror|Mystery|Thriller,134084,4234,movie
3274,Single White Female (1992),Drama|Thriller,105414,9605,movie
3275,"Boondock Saints, The (2000)",Action|Crime|Drama|Thriller,144117,8374,movie
3276,Gun Shy (2000),Comedy,171356,29076,movie
3280,"Baby, The (1973)",Horror,69754,28156,movie
3281,"Brandon Teena Story, The (1998)",Documentary,144801,113096,movie
3283,Minnie and Moskowitz (1971),Action,67433,24349,movie
3284,They Might Be Giants (1971),Comedy|Mystery|Romance,67848,27841,movie
3285,"Beach, The (2000)",Adventure|Drama,163978,1907,movie
3286,Snow Day (2000),Comedy,184907,15489,movie
3287,"Tigger Movie, The (2000)",Animation|Children,220099,15655,movie
3289,Not One Less (Yi ge dou bu neng shao) (1999),Drama,209189,36210,movie
3294,Eaten Alive (1977),Horror,74455,30062,movie
3295,Raining Stones (1993),Drama,107920,62463,movie
3296,To Sir with Love (1967),Drama,62376,25934,movie
3298,Boiler Room (2000),Crime|Drama|Thriller,181984,14181,movie
3299,Hanging Up (2000),Comedy|Drama,162983,10385,movie
3300,Pitch Black (2000),Horror|Sci-Fi|Thriller,134847,2787,movie
3301,"Whole Nine Yards, The (2000)",Comedy|Crime,190138,2069,movie
3302,Beautiful People (1999),Comedy,159272,61416,movie
3303,Black Tar Heroin: The Dark End of the Street (2000),Documentary,221023,79515,movie
3306,"Circus, The (1928)",Comedy,18773,28978,movie
3307,City Lights (1931),Comedy|Drama|Romance,21749,901,movie
3308,"Flamingo Kid, The (1984)",Comedy|Drama,87265,25010,movie
3310,"Kid, The (1921)",Comedy|Drama,12349,10098,movie
3313,Class Reunion (1982),Comedy,84395,33374,movie
3315,Happy Go Lovely (1951),Musical,43618,127602,movie
3316,Reindeer Games (2000),Action|Thriller,184858,2155,movie
3317,Wonder Boys (2000),Comedy|Drama,185014,11004,movie
3323,Chain of Fools (2000),Comedy|Crime,194368,20682,movie
3324,Drowning Mona (2000),Comedy,186045,25166,movie
3325,"Next Best Thing, The (2000)",Comedy|Drama,156841,1831,movie
3326,What Planet Are You From? (2000),Comedy|Sci-Fi,181151,10416,movie
3327,Beyond the Mat (1999),Documentary,218043,14271,movie
3328,Ghost Dog: The Way of the Samurai (1999),Crime|Drama,165798,4816,movie
3329,The Year My Voice Broke (1987),Drama|Romance,94347,19958,movie
3330,Splendor in the Grass (1961),Drama|Romance,55471,28569,movie
3331,My Tutor (1983),Drama,85980,2193,movie
3334,Key Largo (1948),Crime|Drama|Film-Noir|Thriller,40506,11016,movie
3338,For All Mankind (1989),Documentary,97372,20423,movie
3341,Born Yesterday (1950),Comedy,42276,24481,movie
3342,Birdy (1984),Drama|War,86969,11296,movie
3344,Blood Feast (1963),Horror,56875,28172,movie
3345,"Charlie, the Lonesome Cougar (1967)",Adventure|Children,62793,57855,movie
3347,Never Cry Wolf (1983),Adventure|Drama,86005,14280,movie
3350,"Raisin in the Sun, A (1961)",Drama,55353,29478,movie
3353,"Closer You Get, The (2000)",Comedy|Romance,218112,73642,movie
3354,Mission to Mars (2000),Sci-Fi,183523,2067,movie
3355,"Ninth Gate, The (1999)",Fantasy|Horror|Mystery|Thriller,142688,622,movie
3357,East-West (Est-ouest) (1999),Drama|Romance,181530,28463,movie
3358,Defending Your Life (1991),Comedy|Drama|Fantasy|Romance,101698,12186,movie
3359,Breaking Away (1979),Comedy|Drama,78902,20283,movie
3360,Hoosiers (a.k.a. Best Shot) (1986),Drama|Romance,91217,5693,movie
3361,Bull Durham (1988),Comedy|Drama|Romance,94812,287,movie
3362,Dog Day Afternoon (1975),Crime|Drama,72890,968,movie
3363,American Graffiti (1973),Comedy|Drama,69704,838,movie
3364,"Asphalt Jungle, The (1950)",Crime|Film-Noir,42208,16958,movie
3365,"Searchers, The (1956)",Drama|Western,49730,3114,movie
3368,"Big Country, The (1958)",Romance|Western,51411,12501,movie
3370,Betrayed (1988),Drama|Thriller,94731,31618,movie
3372,"Bridge at Remagen, The (1969)",Action|War,64110,15873,movie
3374,Daughters of the Dust (1991),Drama,104057,68427,movie
3378,"Ogre, The (Unhold, Der) (1996)",Drama,118043,48213,movie
3379,On the Beach (1959),Drama,53137,35412,movie
3384,"Taking of Pelham One Two Three, The (1974)",Action|Crime,72251,8333,movie
3385,Volunteers (1985),Comedy,90274,19259,movie
3386,JFK (1991),Drama|Mystery|Thriller,102138,820,movie
3387,Who's Harry Crumb? (1989),Comedy|Mystery,98645,11718,movie
3388,Harry and the Hendersons (1987),Children|Comedy,93148,8989,movie
3389,Let's Get Harry (1986),Action|Adventure,91400,32031,movie
3390,Shanghai Surprise (1986),Adventure|Crime|Drama|Romance,91934,58048,movie
3391,Who's That Girl? (1987),Comedy,94321,26827,movie
3392,She-Devil (1989),Comedy,98309,11157,movie
3393,Date with an Angel (1987),Comedy|Fantasy|Romance,92834,28370,movie
3394,Blind Date (1987),Comedy|Romance,92666,918,movie
3395,Nadine (1987),Comedy,93596,61178,movie
3396,"Muppet Movie, The (1979)",Adventure|Children|Comedy|Musical,79588,11176,movie
3397,"Great Muppet Caper, The (1981)",Children|Comedy,82474,14900,movie
3398,"Muppets Take Manhattan, The (1984)",Children|Comedy|Musical,87755,11899,movie
3400,We're Back! A Dinosaur's Story (1993),Adventure|Animation|Children|Fantasy,108526,18890,movie
3401,Baby... Secret of the Lost Legend (1985),Adventure|Sci-Fi,88760,19736,movie
3402,Turtle Diary (1985),Comedy|Drama|Romance,90219,123047,movie
3403,Raise the Titanic (1980),Drama|Thriller,81400,24575,movie
3404,Titanic (1953),Action|Drama,46435,16535,movie
3405,"Night to Remember, A (1958)",Action|Drama,51994,10971,movie
3406,Captain Horatio Hornblower R.N. (1951),Action|Adventure|Drama|War,43379,23928,movie
3408,Erin Brockovich (2000),Drama,195685,462,movie
3409,Final Destination (2000),Drama|Thriller,195714,9532,movie
3410,Soft Fruit (1999),Comedy|Drama,180181,117259,movie
3412,"Bear, The (Ours, L') (1988)",Adventure|Children|Drama,95800,2383,movie
3414,Love Is a Many-Splendored Thing (1955),Drama|Romance|War,48316,53879,movie
3415,"Mirror, The (Zerkalo) (1975)",Drama,72443,1396,movie
3417,"Crimson Pirate, The (1952)",Adventure|Comedy,44517,11570,movie
3418,Thelma & Louise (1991),Adventure|Crime|Drama,103074,1541,movie
3420,...And Justice for All (1979),Drama|Thriller,78718,17443,movie
3421,Animal House (1978),Comedy,77975,8469,movie
3422,She's Gotta Have It (1986),Comedy|Romance,91939,27995,movie
3423,School Daze (1988),Drama,96054,36739,movie
3424,Do the Right Thing (1989),Drama,97216,925,movie
3425,Mo' Better Blues (1990),Drama|Musical,100168,41823,movie
3426,Jungle Fever (1991),Drama|Romance,102175,1713,movie
3428,"Champ, The (1979)",Drama,78950,30547,movie
3429,Creature Comforts (1989),Animation|Comedy,99317,54825,movie
3430,Death Wish (1974),Action|Crime|Drama,71402,13939,movie
3431,Death Wish 2 (1982),Action|Drama,82250,14373,movie
3432,Death Wish 3 (1985),Action|Drama,89003,24873,movie
3433,Death Wish 4: The Crackdown (1987),Action|Drama,92857,26263,movie
3434,Death Wish 5: The Face of Death (1994),Action|Drama,109578,34746,movie
3435,Double Indemnity (1944),Crime|Drama|Film-Noir,36775,996,movie
3436,Dying Young (1991),Drama|Romance,101787,9079,movie
3438,Teenage Mutant Ninja Turtles (1990),Action|Children|Comedy|Fantasy|Sci-Fi,100758,1498,movie
3439,Teenage Mutant Ninja Turtles II: The Secret of the Ooze (1991),Action|Children|Fantasy,103060,1497,movie
3440,Teenage Mutant Ninja Turtles III (1993),Action|Adventure|Children|Comedy|Fantasy,108308,1499,movie
3441,Red Dawn (1984),Action|Drama|War,87985,1880,movie
3442,Band of the Hand (1986),Action|Crime|Drama,90693,33762,movie
3444,Bloodsport (1988),Action,92675,11690,movie
3445,Eyes of Laura Mars (1978),Mystery|Thriller,77530,29143,movie
3446,Funny Bones (1995),Comedy|Drama,113133,35292,movie
3447,"Good Earth, The (1937)",Drama,28944,36652,movie
3448,"Good Morning, Vietnam (1987)",Comedy|Drama|War,93105,801,movie
3449,"Good Mother, The (1988)",Drama,95238,104301,movie
3450,Grumpy Old Men (1993),Comedy,107050,11520,movie
3451,Guess Who's Coming to Dinner (1967),Drama,61735,1879,movie
3452,Romeo Must Die (2000),Action|Crime|Romance|Thriller,165929,2085,movie
3453,Here on Earth (2000),Drama|Romance,195778,13539,movie
3454,Whatever It Takes (2000),Comedy|Romance,202402,16222,movie
3455,Buddy Boy (1999),Drama|Thriller,146516,109479,movie
3456,"Color of Paradise, The (Rang-e khoda) (1999)",Drama,191043,17078,movie
3459,Gothic (1986),Drama|Horror,91142,33516,movie
3461,Lord of the Flies (1963),Adventure|Drama|Thriller,57261,9960,movie
3462,Modern Times (1936),Comedy|Drama|Romance,27977,3082,movie
3466,Heart and Souls (1993),Comedy|Fantasy,107091,12187,movie
3467,Hud (1963),Drama|Western,57163,24748,movie
3468,"Hustler, The (1961)",Drama,54997,990,movie
3469,Inherit the Wind (1960),Drama,53946,1908,movie
3470,Dersu Uzala (1975),Adventure|Drama,71411,9764,movie
3471,Close Encounters of the Third Kind (1977),Adventure|Drama|Sci-Fi,75860,840,movie
3473,Jonah Who Will Be 25 in the Year 2000 (Jonas qui aura 25 ans en l'an 2000) (1976),Comedy,74718,42237,movie
3474,Retroactive (1997),Sci-Fi|Thriller,117468,26689,movie
3475,"Place in the Sun, A (1951)",Drama|Romance,43924,25673,movie
3476,Jacob's Ladder (1990),Horror|Mystery,99871,2291,movie
3477,Empire Records (1995),Comedy|Drama,112950,13531,movie
3478,"Bamba, La (1987)",Drama,93378,16620,movie
3479,Ladyhawke (1985),Adventure|Fantasy|Romance,89457,526,movie
3480,Lucas (1986),Drama|Romance,91445,13346,movie
3481,High Fidelity (2000),Comedy|Drama|Romance,146882,243,movie
3483,"Road to El Dorado, The (2000)",Animation|Children,138749,10501,movie
3484,"Skulls, The (2000)",Thriller,192614,11478,movie
3489,Hook (1991),Adventure|Comedy|Fantasy,102057,879,movie
3492,"Son of the Sheik, The (1926)",Adventure|Comedy|Romance,17416,85689,movie
3494,True Grit (1969),Adventure|Drama|Western,65126,17529,movie
3496,Madame Sousatzka (1988),Drama,95564,118098,movie
3497,Max Dugan Returns (1983),Comedy,85919,1793,movie
3498,Midnight Express (1978),Drama,77928,11327,movie
3499,Misery (1990),Drama|Horror|Thriller,100157,1700,movie
3500,Mr. Saturday Night (1992),Comedy|Drama,104928,54087,movie
3501,Murphy's Romance (1985),Comedy|Romance,89643,34322,movie
3502,My Life (1993),Drama,107630,41659,movie
3503,Solaris (Solyaris) (1972),Drama|Mystery|Sci-Fi,69293,593,movie
3504,Network (1976),Comedy|Drama,74958,10774,movie
3505,No Way Out (1987),Drama|Mystery|Thriller,93640,10083,movie
3506,North Dallas Forty (1979),Comedy|Drama,79640,29786,movie
3507,"Odd Couple, The (1968)",Comedy,63374,11356,movie
3508,"Outlaw Josey Wales, The (1976)",Action|Adventure|Drama|Thriller|Western,75029,10747,movie
3510,Frequency (2000),Drama|Thriller,186151,10559,movie
3511,Ready to Rumble (2000),Comedy,217756,20697,movie
3512,Return to Me (2000),Drama|Romance,122459,2621,movie
3513,Rules of Engagement (2000),Drama|Thriller,160797,10479,movie
3514,Joe Gould's Secret (2000),Drama,172632,125709,movie
3515,Me Myself I (2000),Comedy|Romance,183503,49721,movie
3516,"Bell, Book and Candle (1958)",Comedy|Fantasy|Romance,51406,2006,movie
3519,Force 10 from Navarone (1978),Action|Drama|War,77572,17339,movie
3521,Mystery Train (1989),Comedy|Drama,97940,11305,movie
3524,Arthur (1981),Comedy|Romance,82031,13665,movie
3525,Bachelor Party (1984),Comedy,86927,12309,movie
3526,Parenthood (1989),Comedy|Drama,98067,1552,movie
3527,Predator (1987),Action|Sci-Fi|Thriller,93773,106,movie
3528,"Prince of Tides, The (1991)",Drama|Romance,102713,10333,movie
3529,"Postman Always Rings Twice, The (1981)",Crime|Thriller,82934,11027,movie
3531,All the Vermeers in New York (1990),Comedy|Drama|Romance,99014,123757,movie
3534,28 Days (2000),Drama,191754,10468,movie
3535,American Psycho (2000),Crime|Horror|Mystery|Thriller,144084,1359,movie
3536,Keeping the Faith (2000),Comedy|Drama|Romance,171433,4967,movie
3537,Where the Money Is (2000),Comedy|Drama,149367,31776,movie
3538,East is East (1999),Comedy,166175,10557,movie
3539,"Filth and the Fury, The (2000)",Documentary,236216,27745,movie
3543,Diner (1982),Comedy|Drama,83833,13776,movie
3544,Shakes the Clown (1992),Comedy,102898,26291,movie
3545,Cabaret (1972),Drama|Musical,68327,10784,movie
3546,What Ever Happened to Baby Jane? (1962),Drama|Horror|Thriller,56687,10242,movie
3548,Auntie Mame (1958),Comedy|Drama,51383,16347,movie
3549,Guys and Dolls (1955),Comedy|Musical|Romance,48140,4825,movie
3550,The Hunger (1983),Horror,85701,11654,movie
3551,Marathon Man (1976),Crime|Drama|Thriller,74860,10518,movie
3552,Caddyshack (1980),Comedy,80487,11977,movie
3553,Gossip (2000),Drama|Thriller,176783,18041,movie
3554,Love and Basketball (2000),Drama|Romance,199725,14736,movie
3555,U-571 (2000),Action|Thriller|War,141926,3536,movie
3556,"Virgin Suicides, The (1999)",Drama|Romance,159097,1443,movie
3557,Jennifer 8 (1992),Mystery|Thriller,104549,10424,movie
3559,Limelight (1952),Comedy|Drama|Romance,44837,28971,movie
3563,"Crow: Salvation, The (2000)",Action|Horror,132910,9456,movie
3564,"Flintstones in Viva Rock Vegas, The (2000)",Children|Comedy,158622,889,movie
3565,Where the Heart Is (2000),Comedy|Drama,198021,10564,movie
3566,"Big Kahuna, The (2000)",Comedy|Drama,189584,15723,movie
3567,Bossa Nova (2000),Comedy|Drama|Romance,180837,19600,movie
3568,Smiling Fish and Goat on Fire (1999),Comedy|Romance,162348,125537,movie
3569,"Idiots, The (Idioterne) (1998)",Comedy|Drama,154421,452,movie
3571,Time Code (2000),Comedy|Drama,220100,36234,movie
3572,Carnosaur (1993),Horror|Sci-Fi,106521,39283,movie
3573,Carnosaur 2 (1995),Horror|Sci-Fi,112634,65460,movie
3574,Carnosaur 3: Primal Species (1996),Horror|Sci-Fi,115834,55667,movie
3576,"Hidden, The (1987)",Action|Horror|Sci-Fi,93185,12476,movie
3577,Two Moon Junction (1988),Drama|Romance,96324,5241,movie
3578,Gladiator (2000),Action|Adventure|Drama,172495,98,movie
3580,Up at the Villa (2000),Drama,153464,47724,movie
3581,Human Traffic (1999),Comedy,188674,11129,movie
3584,Breathless (1983),Action|Drama|Romance|Thriller,85276,1058,movie
3586,The Idolmaker (1980),Drama|Romance,80913,42159,movie
3587,Inferno (1980),Horror,80923,16395,movie
3590,"Lords of Flatbush, The (1974)",Comedy|Drama,71772,38925,movie
3591,Mr. Mom (1983),Comedy|Drama,85970,13105,movie
3592,"Time Masters (Maîtres du temps, Les) (1982)",Animation|Sci-Fi,84315,22501,movie
3593,Battlefield Earth (2000),Action|Sci-Fi,185183,5491,movie
3594,Center Stage (2000),Drama|Musical,210616,10560,movie
3596,Screwed (2000),Comedy,156323,19419,movie
3597,Whipped (2000),Comedy,174336,23531,movie
3598,Hamlet (2000),Crime|Drama|Romance|Thriller,171359,10688,movie
3599,Anchors Aweigh (1945),Comedy|Musical,37514,17889,movie
3604,Gypsy (1962),Musical,56048,39391,movie
3606,On the Town (1949),Comedy|Musical|Romance,41716,31516,movie
3608,Pee-wee's Big Adventure (1985),Adventure|Comedy,89791,5683,movie
3609,Regret to Inform (1998),Documentary,181786,113279,movie
3614,Honeymoon in Vegas (1992),Comedy|Romance,104438,12518,movie
3615,Dinosaur (2000),Adventure|Animation|Children,130623,10567,movie
3616,Loser (2000),Comedy|Romance,217630,10642,movie
3617,Road Trip (2000),Comedy,215129,9285,movie
3618,Small Time Crooks (2000),Comedy|Crime,196216,10569,movie
3619,"Hollywood Knights, The (1980)",Comedy,80881,21879,movie
3622,"Twelve Chairs, The (1970)",Comedy,66495,24918,movie
3623,Mission: Impossible II (2000),Action|Adventure|Thriller,120755,955,movie
3624,Shanghai Noon (2000),Action|Adventure|Comedy|Western,184894,8584,movie
3625,Better Living Through Circuitry (1999),Documentary,207998,47295,movie
3626,8 ½ Women (a.k.a. 8 1/2 Women) (a.k.a. Eight and a Half Women) (1999),Comedy,154443,11332,movie
3627,Carnival of Souls (1962),Horror|Thriller,55830,16093,movie
3628,Flying Tigers (1942),Action|Drama|Romance|War,34742,29372,movie
3629,"Gold Rush, The (1925)",Adventure|Comedy|Romance,15864,962,movie
3632,Monsieur Verdoux (1947),Comedy|Crime,39631,30588,movie
3633,On Her Majesty's Secret Service (1969),Action|Adventure|Romance|Thriller,64757,668,movie
3634,Seven Days in May (1964),Thriller,58576,23518,movie
3635,"Spy Who Loved Me, The (1977)",Action|Adventure|Thriller,76752,691,movie
3637,Vagabond (Sans toit ni loi) (1985),Drama,89960,44018,movie
3638,Moonraker (1979),Action|Adventure|Sci-Fi|Thriller,79574,698,movie
3639,"Man with the Golden Gun, The (1974)",Action|Adventure|Thriller,71807,682,movie
3640,"King in New York, A (1957)",Comedy|Drama,50598,28973,movie
3641,"Woman of Paris, A (1923)",Drama,14624,28974,movie
3643,"Fighting Seabees, The (1944)",Action|Drama|War,36824,22994,movie
3646,Big Momma's House (2000),Comedy,208003,9600,movie
3648,"Abominable Snowman, The (Abominable Snowman of the Himalayas, The) (1957)",Horror|Sci-Fi,50095,38006,movie
3649,American Gigolo (1980),Drama,80365,2768,movie
3652,"City of the Living Dead (a.k.a. Gates of Hell, The) (Paura nella città dei morti viventi) (1980)",Horror,81318,24920,movie
3653,"Endless Summer, The (1966)",Documentary,60371,21,movie
3654,"Guns of Navarone, The (1961)",Action|Adventure|Drama|War,54953,10911,movie
3655,Blow-Out (La grande bouffe) (1973),Drama,70130,10102,movie
3658,Quatermass and the Pit (1967),Horror|Sci-Fi,62168,26912,movie
3660,Puppet Master (1989),Horror|Sci-Fi|Thriller,98143,26953,movie
3661,Puppet Master II (1991),Horror|Sci-Fi|Thriller,100438,26954,movie
3662,Puppet Master III: Toulon's Revenge (1991),Horror|Sci-Fi|Thriller,102728,26956,movie
3663,Puppet Master 4 (1993),Horror|Sci-Fi|Thriller,107899,26957,movie
3664,Puppet Master 5: The Final Chapter (1994),Horror|Sci-Fi|Thriller,110916,26958,movie
3667,Rent-A-Cop (1988),Action|Comedy|Crime,95977,80287,movie
3668,Romeo and Juliet (1968),Drama|Romance,63518,6003,movie
3669,Stay Tuned (1992),Comedy,105466,23939,movie
3671,Blazing Saddles (1974),Comedy|Western,71230,11072,movie
3672,Benji (1974),Adventure|Children,71206,23069,movie
3673,Benji the Hunted (1987),Adventure|Children,92638,21299,movie
3674,For the Love of Benji (1977),Adventure|Children|Comedy|Drama,76044,38802,movie
3675,White Christmas (1954),Comedy|Musical|Romance,47673,13368,movie
3676,Eraserhead (1977),Drama|Horror,74486,985,movie
3677,Baraka (1992),Documentary,103767,14002,movie
3678,"Man with the Golden Arm, The (1955)",Drama,48347,541,movie
3679,"Decline of Western Civilization, The (1981)",Documentary|Musical,82252,21137,movie
3680,"Decline of Western Civilization Part II: The Metal Years, The (1988)",Documentary,94980,36724,movie
3681,For a Few Dollars More (Per qualche dollaro in più) (1965),Action|Drama|Thriller|Western,59578,938,movie
3682,Magnum Force (1973),Action|Crime|Drama|Thriller,70355,10648,movie
3683,Blood Simple (1984),Crime|Drama|Film-Noir,86979,11368,movie
3684,"Fabulous Baker Boys, The (1989)",Drama|Romance,97322,10875,movie
3685,Prizzi's Honor (1985),Comedy|Drama|Romance,89841,2075,movie
3686,Flatliners (1990),Horror|Sci-Fi|Thriller,99582,1551,movie
3687,Light Years (Gandahar) (1988),Adventure|Animation|Fantasy|Sci-Fi,95525,22500,movie
3688,Porky's (1982),Comedy,84522,10246,movie
3689,Porky's II: The Next Day (1983),Comedy,86129,19698,movie
3690,Porky's Revenge (1985),Comedy,89826,23919,movie
3691,Private School (1983),Comedy,86143,18835,movie
3692,Class of Nuke 'Em High (1986),Comedy|Horror,90849,26554,movie
3693,"Toxic Avenger, The (1985)",Comedy|Horror,90190,15239,movie
3694,"Toxic Avenger, Part II, The (1989)",Comedy|Horror,98503,28165,movie
3695,"Toxic Avenger Part III: The Last Temptation of Toxie, The (1989)",Comedy|Horror,98502,28169,movie
3696,Night of the Creeps (1986),Comedy|Horror|Sci-Fi|Thriller,91630,15762,movie
3697,Predator 2 (1990),Action|Sci-Fi|Thriller,100403,169,movie
3698,"Running Man, The (1987)",Action|Sci-Fi,93894,865,movie
3699,Starman (1984),Adventure|Drama|Romance|Sci-Fi,88172,9663,movie
3700,"Brother from Another Planet, The (1984)",Drama|Sci-Fi,87004,26889,movie
3701,Alien Nation (1988),Crime|Drama|Sci-Fi|Thriller,94631,10128,movie
3702,Mad Max (1979),Action|Adventure|Sci-Fi,79501,9659,movie
3703,"Road Warrior, The (Mad Max 2) (1981)",Action|Adventure|Sci-Fi|Thriller,82694,8810,movie
3704,Mad Max Beyond Thunderdome (1985),Action|Adventure|Sci-Fi,89530,9355,movie
3705,Bird on a Wire (1990),Action|Comedy|Romance,99141,1727,movie
3706,Angel Heart (1987),Film-Noir|Horror|Mystery|Thriller,92563,635,movie
3707,9 1/2 Weeks (Nine 1/2 Weeks) (1986),Drama|Romance,91635,10068,movie
3708,Firestarter (1984),Horror|Thriller,87262,11495,movie
3709,Sleepwalkers (1992),Horror,105428,11428,movie
3710,Action Jackson (1988),Action|Comedy|Crime|Thriller,94612,10117,movie
3711,Sarafina! (1992),Drama,105316,35936,movie
3712,Soapdish (1991),Comedy,102951,25562,movie
3713,"Long Walk Home, The (1990)",Drama,100046,51763,movie
3714,Clara's Heart (1988),Drama,94882,73079,movie
3715,Burglar (1987),Comedy|Crime,92710,38921,movie
3716,Fatal Beauty (1987),Action|Comedy|Crime|Drama,93011,35463,movie
3717,Gone in 60 Seconds (2000),Action|Crime,187078,9679,movie
3719,Love's Labour's Lost (2000),Comedy|Romance,182295,51333,movie
3720,Sunshine (1999),Drama,145503,17771,movie
3723,Hamlet (1990),Drama,99726,10264,movie
3724,Coming Home (1978),Drama|War,77362,31657,movie
3725,American Pop (1981),Animation|Musical,82009,29204,movie
3726,Assault on Precinct 13 (1976),Action|Thriller,74156,17814,movie
3727,Near Dark (1987),Horror|Western,93605,11879,movie
3728,One False Move (1992),Crime|Drama|Film-Noir|Thriller,102592,21128,movie
3729,Shaft (1971),Action|Crime|Drama|Thriller,67741,482,movie
3730,"Conversation, The (1974)",Drama|Mystery,71360,592,movie
3731,Cutter's Way (1981),Drama|Thriller,82220,31593,movie
3732,"Fury, The (1978)",Horror,77588,12611,movie
3733,"Paper Chase, The (1973)",Drama,70509,14328,movie
3735,Serpico (1973),Crime|Drama,70666,9040,movie
3736,"Ace in the Hole (Big Carnival, The) (1951)",Drama,43338,25364,movie
3737,Lonely Are the Brave (1962),Drama|Western,56195,43002,movie
3738,"Sugarland Express, The (1974)",Drama,72226,5121,movie
3739,Trouble in Paradise (1932),Comedy|Romance,23622,195,movie
3740,Big Trouble in Little China (1986),Action|Adventure|Comedy|Fantasy,90728,6978,movie
3741,Badlands (1973),Crime|Drama|Thriller,69762,3133,movie
3742,Battleship Potemkin (1925),Drama|War,15648,643,movie
3743,Boys and Girls (2000),Comedy|Romance,204175,10571,movie
3744,Shaft (2000),Action|Crime|Thriller,162650,479,movie
3745,Titan A.E. (2000),Action|Adventure|Animation|Children|Sci-Fi,120913,7450,movie
3746,Butterfly (La lengua de las mariposas) (1999),Drama,188030,31023,movie
3747,Jesus' Son (1999),Drama,186253,25636,movie
3751,Chicken Run (2000),Animation|Children|Comedy,120630,7443,movie
3752,"Me, Myself & Irene (2000)",Adventure|Comedy,183505,2123,movie
3753,"Patriot, The (2000)",Action|Drama|War,187393,2024,movie
3754,"Adventures of Rocky and Bullwinkle, The (2000)",Adventure|Animation|Children|Comedy|Fantasy,131704,17711,movie
3755,"Perfect Storm, The (2000)",Drama|Thriller,177971,2133,movie
3756,"Golden Bowl, The (2000)",Drama,200669,29946,movie
3758,Communion (1989),Drama|Sci-Fi|Thriller,97100,28774,movie
3760,"Kentucky Fried Movie, The (1977)",Comedy,76257,11598,movie
3761,"Blood In, Blood Out (1993)",Action|Crime|Drama|Thriller,106469,9702,movie
3763,F/X (1986),Action|Crime|Thriller,89118,9873,movie
3764,F/X2 (a.k.a. F/X 2 - The Deadly Art of Illusion) (1991),Action|Crime|Thriller,101846,16820,movie
3765,"Hot Spot, The (1990)",Crime|Drama|Romance,99797,14864,movie
3766,Missing in Action (1984),Action|War,87727,15379,movie
3767,Missing in Action 2: The Beginning (1985),Action|War,89604,12764,movie
3768,Braddock: Missing in Action III (1988),Action|War,94792,27352,movie
3769,Thunderbolt and Lightfoot (1974),Action,72288,8348,movie
3770,Dreamscape (1984),Horror|Sci-Fi|Thriller,87175,24099,movie
3771,The Golden Voyage of Sinbad (1973),Action|Adventure|Fantasy,71569,17897,movie
3773,House Party (1990),Comedy,99800,16094,movie
3774,House Party 2 (1991),Comedy|Drama|Romance,102065,16096,movie
3783,Croupier (1998),Crime|Drama,159382,12706,movie
3784,"Kid, The (2000)",Comedy|Fantasy,219854,4244,movie
3785,Scary Movie (2000),Comedy|Horror,175142,4247,movie
3786,But I'm a Cheerleader (1999),Comedy,179116,20770,movie
3787,Shower (Xizao) (1999),Comedy,215369,1050,movie
3788,Blow-Up (Blowup) (1966),Drama|Mystery,60176,1052,movie
3789,"Pawnbroker, The (1964)",Drama,59575,20540,movie
3790,Groove (2000),Drama,212974,23655,movie
3791,Footloose (1984),Drama,87277,1788,movie
3792,Duel in the Sun (1946),Drama|Romance|Western,38499,32275,movie
3793,X-Men (2000),Action|Adventure|Sci-Fi,120903,36657,movie
3794,Chuck & Buck (2000),Comedy|Drama,200530,44490,movie
3795,"Five Senses, The (1999)",Drama,168794,47585,movie
3797,"In Crowd, The (2000)",Thriller,163676,36047,movie
3798,What Lies Beneath (2000),Drama|Horror|Mystery,161081,2655,movie
3799,Pokémon the Movie 2000 (2000),Animation|Children,210234,12599,movie
3801,Anatomy of a Murder (1959),Drama|Mystery,52561,93,movie
3802,Freejack (1992),Action|Sci-Fi,104299,9278,movie
3806,Mackenna's Gold (1969),Western,64615,18118,movie
3807,Sinbad and the Eye of the Tiger (1977),Adventure|Fantasy,76716,11940,movie
3808,"Two Women (Ciociara, La) (1960)",Drama|War,54749,24167,movie
3809,What About Bob? (1991),Comedy,103241,10276,movie
3810,White Sands (1992),Drama|Thriller,105813,19380,movie
3811,Breaker Morant (1980),Drama|War,80310,13783,movie
3812,Everything You Always Wanted to Know About Sex * But Were Afraid to Ask (1972),Comedy,68555,11624,movie
3813,Interiors (1978),Drama,77742,15867,movie
3814,Love and Death (1975),Comedy,73312,11686,movie
3816,"Official Story, The (La historia oficial) (1985)",Drama,89276,29263,movie
3819,Tampopo (1985),Comedy,92048,11830,movie
3821,Nutty Professor II: The Klumps (2000),Comedy,144528,12107,movie
3822,"Girl on the Bridge, The (Fille sur le pont, La) (1999)",Drama|Romance,144201,10401,movie
3823,Wonderland (1999),Drama,171865,32640,movie
3824,Autumn in New York (2000),Drama|Romance,174480,10641,movie
3825,Coyote Ugly (2000),Comedy|Drama|Romance,200550,6282,movie
3826,Hollow Man (2000),Horror|Sci-Fi|Thriller,164052,9383,movie
3827,Space Cowboys (2000),Action|Adventure|Comedy|Sci-Fi,186566,5551,movie
3830,Psycho Beach Party (2000),Comedy|Horror|Thriller,206226,27723,movie
3831,Saving Grace (2000),Comedy,195234,2360,movie
3832,"Black Sabbath (Tre volti della paura, I) (1963)",Horror,57603,28043,movie
3833,"Brain That Wouldn't Die, The (1962)",Horror|Sci-Fi,52646,33468,movie
3834,Bronco Billy (1980),Adventure|Drama|Romance,80472,21866,movie
3835,"Crush, The (1993)",Thriller,106627,33408,movie
3836,Kelly's Heroes (1970),Action|Comedy|War,65938,11589,movie
3837,Phantasm II (1988),Action|Fantasy|Horror|Sci-Fi|Thriller,95863,15158,movie
3838,Phantasm III: Lord of the Dead (1994),Horror,110823,16139,movie
3839,Phantasm IV: Oblivion (1998),Horror,138703,16146,movie
3840,Pumpkinhead (1988),Horror,95925,26515,movie
3841,Air America (1990),Action|Comedy,99005,11856,movie
3843,Sleepaway Camp (1983),Horror,86320,13567,movie
3844,Steel Magnolias (1989),Drama,98384,10860,movie
3845,And God Created Woman (Et Dieu... créa la femme) (1956),Drama,49189,8420,movie
3846,Easy Money (1983),Comedy,85470,18391,movie
3847,"Ilsa, She Wolf of the SS (1974)",Horror,71650,20850,movie
3849,The Spiral Staircase (1945),Horror|Mystery|Thriller,38975,27452,movie
3851,I'm the One That I Want (2000),Comedy,251739,38548,movie
3852,"Tao of Steve, The (2000)",Comedy,234853,20438,movie
3855,"Affair of Love, An (Liaison pornographique, Une) (1999)",Drama|Romance,204709,46991,movie
3857,Bless the Child (2000),Thriller,163983,10391,movie
3858,Cecil B. DeMented (2000),Comedy,173716,14195,movie
3859,"Eyes of Tammy Faye, The (2000)",Documentary,233687,15665,movie
3861,"Replacements, The (2000)",Comedy,191397,10393,movie
3862,About Adam (2000),Comedy,199314,18168,movie
3863,"Cell, The (2000)",Drama|Horror|Thriller,209958,8843,movie
3864,Godzilla 2000 (Gojira ni-sen mireniamu) (1999),Action|Adventure|Sci-Fi,188640,10643,movie
3865,"Original Kings of Comedy, The (2000)",Comedy|Documentary,236388,23618,movie
3868,"Naked Gun: From the Files of Police Squad!, The (1988)",Action|Comedy|Crime|Romance,95705,37136,movie
3869,"Naked Gun 2 1/2: The Smell of Fear, The (1991)",Comedy,102510,37137,movie
3870,Our Town (1940),Drama,32881,23283,movie
3871,Shane (1953),Drama|Western,46303,3110,movie
3872,"Suddenly, Last Summer (1959)",Drama,53318,14698,movie
3873,Cat Ballou (1965),Comedy|Western,59017,11694,movie
3877,Supergirl (1984),Action|Adventure|Fantasy,88206,9651,movie
3879,"Art of War, The (2000)",Action|Thriller,160009,11398,movie
3882,Bring It On (2000),Comedy,204946,1588,movie
3884,"Crew, The (2000)",Comedy,198386,19150,movie
3888,Skipped Parts (2000),Drama|Romance,209322,41282,movie
3889,Highlander: Endgame (Highlander IV) (2000),Action|Adventure|Fantasy,144964,12211,movie
3893,Nurse Betty (2000),Comedy|Crime|Drama|Romance|Thriller,171580,10480,movie
3894,Solas (1999),Drama,190798,80713,movie
3895,"Watcher, The (2000)",Crime|Thriller,204626,10685,movie
3896,"Way of the Gun, The (2000)",Crime|Thriller,202677,1619,movie
3897,Almost Famous (2000),Drama,181875,786,movie
3898,Bait (2000),Action|Comedy,211938,14805,movie
3899,Circus (2000),Crime|Drama|Thriller,191037,51179,movie
3900,Crime and Punishment in Suburbia (2000),Comedy|Drama,197384,46119,movie
3901,Duets (2000),Comedy|Drama,134630,18074,movie
3906,Under Suspicion (2000),Crime|Thriller,164212,10562,movie
3908,Urban Legends: Final Cut (2000),Horror,192731,12212,movie
3909,Woman on Top (2000),Comedy|Romance,206420,14629,movie
3910,Dancer in the Dark (2000),Drama|Musical,168629,16,movie
3911,Best in Show (2000),Comedy,218839,13785,movie
3912,Beautiful (2000),Comedy|Drama,210567,34299,movie
3914,"Broken Hearts Club, The (2000)",Drama,222850,22597,movie
3915,Girlfight (2000),Drama,210075,19348,movie
3916,Remember the Titans (2000),Drama,210945,10637,movie
3917,Hellraiser (1987),Horror,93177,9003,movie
3918,Hellbound: Hellraiser II (1988),Horror,95294,9064,movie
3919,Hellraiser III: Hell on Earth (1992),Horror,104409,11569,movie
3920,"Faraway, So Close (In weiter Ferne, so nah!) (1993)",Drama|Fantasy|Mystery|Romance,107209,10434,movie
3922,Bikini Beach (1964),Comedy,57887,39113,movie
3925,Stranger Than Paradise (1984),Comedy|Drama,88184,469,movie
3926,Voyage to the Bottom of the Sea (1961),Adventure|Sci-Fi,55608,2160,movie
3927,Fantastic Voyage (1966),Adventure|Sci-Fi,60397,2161,movie
3928,Abbott and Costello Meet Frankenstein (1948),Comedy|Horror,40068,3073,movie
3929,"Bank Dick, The (1940)",Comedy,32234,911,movie
3930,"Creature from the Black Lagoon, The (1954)",Adventure|Horror|Sci-Fi,46876,10973,movie
3932,"Invisible Man, The (1933)",Horror|Sci-Fi,24184,10787,movie
3933,"Killer Shrews, The (1959)",Horror|Sci-Fi,52969,43109,movie
3937,Runaway (1984),Sci-Fi|Thriller,88024,9507,movie
3938,"Slumber Party Massacre, The (1982)",Horror,84695,27475,movie
3939,Slumber Party Massacre II (1987),Horror,93996,27764,movie
3940,Slumber Party Massacre III (1990),Horror,100639,27767,movie
3941,Sorority House Massacre (1986),Horror,91990,40760,movie
3942,Sorority House Massacre II (1990),Horror,100663,40446,movie
3943,Bamboozled (2000),Comedy,215545,24664,movie
3945,Digimon: The Movie (2000),Adventure|Animation|Children,259974,20455,movie
3946,Get Carter (2000),Action|Drama|Thriller,208988,10461,movie
3947,Get Carter (1971),Action|Crime|Drama|Thriller,67128,1485,movie
3948,Meet the Parents (2000),Comedy,212338,1597,movie
3949,Requiem for a Dream (2000),Drama,180093,641,movie
3950,Tigerland (2000),Drama,170691,10687,movie
3951,Two Family House (2000),Drama,202641,63956,movie
3952,"Contender, The (2000)",Drama|Thriller,208874,6521,movie
3953,Dr. T and the Women (2000),Comedy|Romance,205271,10763,movie
3955,"Ladies Man, The (2000)",Comedy,213790,16888,movie
3957,Billy Jack (1971),Action|Drama,66832,21142,movie
3958,Billy Jack Goes to Washington (1977),Drama,75754,78140,movie
3959,"Time Machine, The (1960)",Action|Adventure|Sci-Fi,54387,2134,movie
3962,Ghoulies II (1987),Comedy|Horror,93091,28605,movie
3963,"Unsinkable Molly Brown, The (1964)",Musical,58708,42797,movie
3964,"Adventures of Ichabod and Mr. Toad, The (1949)",Animation|Children,41094,13465,movie
3965,"Strange Love of Martha Ivers, The (1946)",Drama|Film-Noir,38988,27033,movie
3966,Detour (1945),Crime|Film-Noir,37638,20367,movie
3967,Billy Elliot (2000),Drama,249462,71,movie
3968,Bedazzled (2000),Comedy,230030,1636,movie
3969,Pay It Forward (2000),Drama,223897,10647,movie
3971,"Private Eyes, The (1981)",Comedy|Mystery,81376,13762,movie
3972,"Legend of Drunken Master, The (Jui kuen II) (1994)",Action|Comedy,111512,12207,movie
3973,Book of Shadows: Blair Witch 2 (2000),Crime|Horror|Mystery|Thriller,229260,11531,movie
3974,"Little Vampire, The (2000)",Adventure|Children,192255,24100,movie
3977,Charlie's Angels (2000),Action|Comedy,160127,4327,movie
3978,"Legend of Bagger Vance, The (2000)",Drama|Romance,146984,4958,movie
3979,Little Nicky (2000),Comedy,185431,9678,movie
3980,Men of Honor (2000),Drama,203019,11978,movie
3981,Red Planet (2000),Action|Sci-Fi|Thriller,199753,8870,movie
3983,You Can Count on Me (2000),Drama|Romance,203230,14295,movie
3984,Diamonds Are Forever (1971),Action|Adventure|Thriller,66995,681,movie
3985,"Eagle Has Landed, The (1976)",Drama|War,74452,11372,movie
3986,"6th Day, The (2000)",Action|Sci-Fi|Thriller,216216,8452,movie
3987,Bounce (2000),Drama|Romance,186894,10862,movie
3988,How the Grinch Stole Christmas (a.k.a. The Grinch) (2000),Children|Comedy|Fantasy,170016,8871,movie
3989,One Day in September (1999),Documentary,230591,34045,movie
3990,Rugrats in Paris: The Movie (2000),Animation|Children|Comedy,213203,16340,movie
3991,102 Dalmatians (2000),Children|Comedy,211181,10481,movie
3992,Malèna (2000),Drama|Romance|War,213847,10867,movie
3993,Quills (2000),Drama|Romance,180073,10876,movie
3994,Unbreakable (2000),Drama|Sci-Fi,217869,9741,movie
3996,"Crouching Tiger, Hidden Dragon (Wo hu cang long) (2000)",Action|Drama|Romance,190332,146,movie
3997,Dungeons & Dragons (2000),Action|Adventure|Comedy|Fantasy,190374,11849,movie
3998,Proof of Life (2000),Drama,228750,11983,movie
3999,Vertical Limit (2000),Action|Adventure,190865,11678,movie
4000,"Bounty, The (1984)",Adventure|Drama,86993,2669,movie
4002,"Planes, Trains & Automobiles (1987)",Comedy,93748,2609,movie
4003,She's Having a Baby (1988),Comedy,96094,12714,movie
4005,"Living Daylights, The (1987)",Action|Adventure|Thriller,93428,708,movie
4006,Transformers: The Movie (1986),Adventure|Animation|Children|Sci-Fi,92106,1857,movie
4007,Wall Street (1987),Drama,94291,10673,movie
4008,Born on the Fourth of July (1989),Drama|War,96969,2604,movie
4009,Talk Radio (1988),Drama,96219,10132,movie
4010,Brewster's Millions (1985),Comedy,88850,11064,movie
4011,Snatch (2000),Comedy|Crime|Thriller,208092,107,movie
4012,Punchline (1988),Comedy|Drama,95927,40820,movie
4014,Chocolat (2000),Drama|Romance,241303,392,movie
4015,"Dude, Where's My Car? (2000)",Comedy|Sci-Fi,242423,8859,movie
4016,"Emperor's New Groove, The (2000)",Adventure|Animation|Children|Comedy|Fantasy,120917,11688,movie
4017,Pollock (2000),Drama,183659,12509,movie
4018,What Women Want (2000),Comedy|Romance,207201,3981,movie
4019,Finding Forrester (2000),Drama,181536,711,movie
4020,"Gift, The (2000)",Thriller,219699,2046,movie
4021,Before Night Falls (2000),Drama,247196,5001,movie
4022,Cast Away (2000),Drama,162222,8358,movie
4023,"Family Man, The (2000)",Comedy|Drama|Romance,218967,5994,movie
4024,"House of Mirth, The (2000)",Romance,200720,25520,movie
4025,Miss Congeniality (2000),Comedy|Crime,212346,1493,movie
4027,"O Brother, Where Art Thou? (2000)",Adventure|Comedy|Crime,190590,134,movie
4029,State and Main (2000),Comedy|Drama,120202,21991,movie
4030,Dracula 2000 (2000),Horror,219653,10577,movie
4031,All the Pretty Horses (2000),Drama|Romance|Western,149624,21355,movie
4032,"Everlasting Piece, An (2000)",Comedy,218182,29122,movie
4033,Thirteen Days (2000),Drama|Thriller|War,146309,11973,movie
4034,Traffic (2000),Crime|Drama|Thriller,181865,1900,movie
4035,"Claim, The (2000)",Romance|Western,218378,44853,movie
4036,Shadow of the Vampire (2000),Drama|Horror,189998,10873,movie
4037,House of Games (1987),Crime|Film-Noir|Mystery|Thriller,93223,26719,movie
4039,Annie (1982),Children|Musical,83564,15739,movie
4040,Don't Tell Mom the Babysitter's Dead (1991),Comedy,101757,15413,movie
4041,"Officer and a Gentleman, An (1982)",Drama|Romance,84434,2623,movie
4042,"Alamo, The (1960)",Action|Drama|War|Western,53580,11209,movie
4043,At Close Range (1986),Crime|Drama,90670,13715,movie
4046,Friendly Persuasion (1956),Drama,49233,43258,movie
4047,Gettysburg (1993),Drama|War,107007,10655,movie
4051,Horrors of Spider Island (Ein Toter Hing im Netz) (1960),Horror|Sci-Fi,54333,31392,movie
4052,Antitrust (2001),Crime|Drama|Thriller,218817,9989,movie
4053,Double Take (2001),Action|Comedy,238948,18828,movie
4054,Save the Last Dance (2001),Drama|Romance,206275,9816,movie
4055,Panic (2000),Drama,194218,20637,movie
4056,"Pledge, The (2001)",Crime|Drama|Mystery|Thriller,237572,5955,movie
4061,The Man in the Moon (1991),Drama|Romance,102388,17474,movie
4062,Mystic Pizza (1988),Comedy|Drama|Romance,95690,11191,movie
4063,Prelude to a Kiss (1992),Comedy|Drama|Romance,105165,2613,movie
4064,Coffy (1973),Action|Crime|Thriller,69897,22021,movie
4065,Foxy Brown (1974),Action|Crime|Drama,71517,22048,movie
4066,I'm Gonna Git You Sucka (1988),Action|Comedy,95348,17006,movie
4067,Untamed Heart (1993),Drama|Romance,108451,26333,movie
4068,Sugar & Spice (2001),Comedy,186589,16723,movie
4069,"Wedding Planner, The (2001)",Comedy|Romance,209475,2018,movie
4074,"Legend of Rita, The (Stille nach dem Schuß, Die) (1999)",Drama,234805,10499,movie
4077,"With a Friend Like Harry... (Harry, un ami qui vous veut du bien) (2000)",Drama|Thriller,216800,47943,movie
4078,Amazing Grace and Chuck (1987),Drama,92545,74340,movie
4079,Amazon Women on the Moon (1987),Comedy|Sci-Fi,92546,5709,movie
4080,Baby Boom (1987),Comedy,92605,11215,movie
4081,Back to the Beach (1987),Comedy,92608,26477,movie
4082,Barfly (1987),Comedy|Drama|Romance,92618,10937,movie
4083,Best Seller (1987),Thriller,92641,4639,movie
4084,Beverly Hills Cop II (1987),Action|Comedy|Crime|Thriller,92644,96,movie
4085,Beverly Hills Cop (1984),Action|Comedy|Crime|Drama,86960,90,movie
4086,"Big Easy, The (1987)",Action|Crime|Mystery|Romance|Thriller,92654,11028,movie
4089,Born in East L.A. (1987),Comedy,92690,19324,movie
4090,"Brave Little Toaster, The (1987)",Animation|Children,92695,19933,movie
4091,Can't Buy Me Love (1987),Comedy|Romance,92718,12919,movie
4092,Cherry 2000 (1987),Romance|Sci-Fi,92746,15785,movie
4093,Cop (1988),Thriller,92783,31701,movie
4102,Eddie Murphy Raw (1987),Comedy|Documentary,92948,17159,movie
4103,Empire of the Sun (1987),Action|Adventure|Drama|War,92965,10110,movie
4104,Ernest Goes to Camp (1987),Comedy,92974,18935,movie
4105,"Evil Dead, The (1981)",Fantasy|Horror|Thriller,83907,764,movie
4109,Flowers in the Attic (1987),Drama|Thriller,93036,15658,movie
4110,"Fourth Protocol, The (1987)",Thriller,93044,4918,movie
4111,Gardens of Stone (1987),Drama|War,93073,28368,movie
4113,"Glass Menagerie, The (1987)",Drama,93093,52780,movie
4115,Hiding Out (1987),Comedy,93186,26156,movie
4116,Hollywood Shuffle (1987),Comedy,93200,34101,movie
4117,Hope and Glory (1987),Drama,93209,32054,movie
4121,Innerspace (1987),Action|Adventure|Comedy|Sci-Fi,93260,2614,movie
4123,Ishtar (1987),Comedy,93278,12704,movie
4124,Jaws: The Revenge (1987),Horror|Thriller,93300,580,movie
4125,Leonard Part 6 (1987),Comedy|Sci-Fi,93405,24828,movie
4126,Less Than Zero (1987),Drama,93407,13703,movie
4127,"Like Father, Like Son (1987)",Comedy,93418,36914,movie
4128,"Lost Boys, The (1987)",Comedy|Horror|Thriller,93437,1547,movie
4129,Made in Heaven (1987),Fantasy|Romance,93467,42010,movie
4130,Maid to Order (1987),Comedy|Fantasy,93476,2608,movie
4131,Making Mr. Right (1987),Comedy|Romance|Sci-Fi,93477,32058,movie
4132,Mannequin (1987),Comedy|Romance,93493,10019,movie
4133,Masters of the Universe (1987),Action|Adventure|Fantasy|Sci-Fi,93507,11649,movie
4135,"Monster Squad, The (1987)",Adventure|Comedy|Horror,93560,13509,movie
4138,My Demon Lover (1987),Comedy|Horror,93589,51521,movie
4139,No Man's Land (1987),Crime|Drama,93638,34379,movie
4141,Head Over Heels (2001),Comedy|Romance,192111,24940,movie
4142,Left Behind: The Movie (2000),Action|Adventure|Drama|Thriller,190524,37302,movie
4143,Valentine (2001),Horror|Mystery,242998,10984,movie
4144,In the Mood For Love (Fa yeung nin wa) (2000),Drama|Romance,118694,843,movie
4146,"Million Dollar Hotel, The (2001)",Drama|Mystery|Romance,120753,318,movie
4147,Nico and Dani (Krámpack) (2000),Comedy|Drama|Romance,250478,12806,movie
4148,Hannibal (2001),Horror|Thriller,212985,9740,movie
4149,Saving Silverman (Evil Woman) (2001),Comedy|Romance,239948,10878,movie
4152,Vatel (2000),Drama,190861,7093,movie
4153,Down to Earth (2001),Comedy|Fantasy|Romance,231775,16300,movie
4154,Recess: School's Out (2001),Animation|Children,265632,19405,movie
4155,Sweet November (2001),Drama|Romance,230838,1921,movie
4156,Company Man (2000),Comedy,177650,44412,movie
4157,"Price of Milk, The (2000)",Comedy|Drama|Fantasy|Romance,249893,21620,movie
4158,Monkeybone (2001),Animation|Comedy|Fantasy,166276,23685,movie
4159,3000 Miles to Graceland (2001),Action|Thriller,233142,12138,movie
4160,"Widow of St. Pierre, The (Veuve de Saint-Pierre, La) (2000)",Drama|Romance,191636,48217,movie
4161,"Mexican, The (2001)",Action|Comedy,236493,6073,movie
4164,"Caveman's Valentine, The (2001)",Drama,182000,25208,movie
4166,Series 7: The Contenders (2001),Action|Drama,251031,19513,movie
4167,15 Minutes (2001),Thriller,179626,2749,movie
4168,Get Over It (2001),Comedy|Romance,192071,10050,movie
4171,Long Night's Journey Into Day (2000),Documentary,236447,95682,movie
4174,Avalon (1990),Drama,99073,2302,movie
4175,Gray's Anatomy (1996),Comedy|Drama,116447,32686,movie
4178,Of Mice and Men (1939),Drama,31742,51802,movie
4180,Reform School Girls (1986),Action|Drama,91836,29492,movie
4181,Tapeheads (1988),Comedy,96223,25447,movie
4184,"Bishop's Wife, The (1947)",Comedy|Drama|Romance,39190,19490,movie
4187,Lilies of the Field (1963),Drama,57251,38805,movie
4189,"Greatest Story Ever Told, The (1965)",Drama,59245,2428,movie
4190,Elmer Gantry (1960),Drama,53793,22013,movie
4191,Alfie (1966),Comedy|Drama|Romance,60086,15598,movie
4193,"Fantasticks, The (1995)",Musical,113026,62127,movie
4194,I Know Where I'm Going! (1945),Drama|Romance|War,37800,56137,movie
4195,"Abominable Dr. Phibes, The (1971)",Horror|Mystery,66740,17965,movie
4197,Real Life (1979),Comedy,79781,33250,movie
4198,Battle Beyond the Stars (1980),Sci-Fi,80421,14460,movie
4200,Double Impact (1991),Action,101764,9594,movie
4202,Fuzz (1972),Drama,68617,4986,movie
4203,Harley Davidson and the Marlboro Man (1991),Action|Crime|Drama,102005,2453,movie
4204,Losin' It (1983),Comedy,85868,33676,movie
4205,Mermaids (1990),Comedy|Drama|Romance,100140,4587,movie
4207,Navy Seals (1990),Action|Adventure|War,100232,427910,movie
4210,Manhunter (1986),Action|Crime|Drama|Horror|Thriller,91474,11454,movie
4211,Reversal of Fortune (1990),Drama,100486,38718,movie
4212,Death on the Nile (1978),Crime|Mystery,77413,4192,movie
4214,Revenge of the Nerds (1984),Comedy,88000,14052,movie
4215,Revenge of the Nerds II: Nerds in Paradise (1987),Comedy,93857,16889,movie
4217,4 Little Girls (1997),Documentary,118540,26580,movie
4218,River's Edge (1986),Crime|Drama,91860,21309,movie
4219,Girls Just Want to Have Fun (1985),Comedy,89208,16263,movie
4220,"Longest Yard, The (1974)",Comedy,71771,4985,movie
4221,Necessary Roughness (1991),Comedy,102517,20704,movie
4223,Enemy at the Gates (2001),Drama|War,215750,853,movie
4224,Exit Wounds (2001),Action|Thriller,242445,10877,movie
4225,"Dish, The (2001)",Comedy,205873,5257,movie
4226,Memento (2000),Mystery|Thriller,209144,77,movie
4228,Heartbreakers (2001),Comedy|Crime|Romance,125022,10833,movie
4229,Say It Isn't So (2001),Comedy|Romance,239949,20309,movie
4231,Someone Like You (2001),Comedy|Romance,244970,12658,movie
4232,Spy Kids (2001),Action|Adventure|Children|Comedy,227538,10054,movie
4233,Tomcats (2001),Comedy,246989,10646,movie
4234,"Tailor of Panama, The (2001)",Drama|Thriller,236784,2575,movie
4235,Amores Perros (Love's a Bitch) (2000),Drama|Thriller,245712,55,movie
4236,Keep the River on Your Right: A Modern Cannibal Tale (2000),Documentary,206187,65075,movie
4237,"Gleaners & I, The (Les glaneurs et la glaneuse) (2000)",Documentary,247380,44379,movie
4238,Along Came a Spider (2001),Action|Crime|Mystery|Thriller,164334,2043,movie
4239,Blow (2001),Crime|Drama,221027,4133,movie
4240,Just Visiting (2001),Comedy|Fantasy,189192,56715,movie
4241,Pokémon 3: The Movie (2001),Animation|Children,266860,10991,movie
4242,Beautiful Creatures (2000),Comedy|Crime|Drama|Thriller,221889,15940,movie
4243,Brigham City (2001),Crime|Drama|Mystery,268200,26791,movie
4246,Bridget Jones's Diary (2001),Comedy|Drama|Romance,243155,634,movie
4247,Joe Dirt (2001),Adventure|Comedy|Mystery|Romance,245686,10956,movie
4248,Josie and the Pussycats (2001),Comedy,236348,19366,movie
4251,Chopper (2000),Drama|Thriller,221073,9519,movie
4252,"Circle, The (Dayereh) (2000)",Drama,255094,13898,movie
4254,Crocodile Dundee in Los Angeles (2001),Comedy|Drama,231402,9290,movie
4255,Freddy Got Fingered (2001),Comedy,240515,13166,movie
4256,"Center of the World, The (2001)",Drama,240402,32590,movie
4259,"Luzhin Defence, The (2000)",Drama|Romance,211492,52654,movie
4260,"Visit, The (2000)",Drama,199129,70282,movie
4262,Scarface (1983),Action|Crime|Drama,86250,111,movie
4263,Days of Wine and Roses (1962),Drama,55895,32488,movie
4265,Driven (2001),Action|Thriller,132245,10477,movie
4267,One Night at McCool's (2001),Comedy,203755,2144,movie
4268,Town & Country (2001),Comedy,141907,24113,movie
4270,"Mummy Returns, The (2001)",Action|Adventure|Comedy|Thriller,209163,1734,movie
4273,Under the Sand (2000),Drama,240913,4973,movie
4275,Krull (1983),Action|Adventure|Fantasy|Sci-Fi,85811,849,movie
4276,Lost in America (1985),Comedy,89504,27223,movie
4278,Triumph of the Will (Triumph des Willens) (1934),Documentary,25913,39266,movie
4280,"World According to Garp, The (1982)",Comedy|Drama|Romance,84917,11307,movie
4282,Fellini Satyricon (1969),Drama|Fantasy,64940,11163,movie
4284,Frankie and Johnny (1966),Comedy,60429,18691,movie
4285,Frankie and Johnny (1991),Comedy|Romance,101912,3784,movie
4289,"City of Women, The (Città delle donne, La) (1980)",Comedy|Drama,80539,11936,movie
4290,For the Boys (1991),Comedy|Drama|Musical,101902,25221,movie
4291,Nine to Five (a.k.a. 9 to 5) (1980),Comedy|Crime,80319,19494,movie
4292,Norma Rae (1979),Drama,79638,40842,movie
4293,Summer Rental (1985),Comedy,90098,19357,movie
4294,"5,000 Fingers of Dr. T, The (1953)",Children|Fantasy|Musical,45464,33743,movie
4296,Love Story (1970),Drama|Romance,66011,9062,movie
4297,Pelle the Conqueror (Pelle erobreren) (1987),Drama,93713,11174,movie
4298,Rififi (Du rififi chez les hommes) (1955),Crime|Film-Noir|Thriller,48021,934,movie
4299,"Knight's Tale, A (2001)",Action|Comedy|Romance,183790,9476,movie
4300,Bread and Roses (2000),Drama,212826,37691,movie
4304,Startup.com (2001),Documentary,256408,14268,movie
4305,Angel Eyes (2001),Romance|Thriller,225071,5852,movie
4306,Shrek (2001),Adventure|Animation|Children|Comedy|Fantasy|Romance,126029,808,movie
4307,"Fast Food, Fast Women (2000)",Comedy|Romance,206742,49453,movie
4308,Moulin Rouge (2001),Drama|Musical|Romance,203009,824,movie
4310,Pearl Harbor (2001),Action|Drama|Romance|War,213149,676,movie
4312,Himalaya (Himalaya - l'enfance d'un chef) (1999),Adventure|Drama,210727,26813,movie
4313,"Man Who Cried, The (2000)",Drama,206917,29572,movie
4316,Ice Castles (1978),Drama,77716,50541,movie
4317,Love Potion #9 (1992),Comedy|Romance,102343,26255,movie
4321,City Slickers (1991),Comedy|Western,101587,1406,movie
4322,Eight Men Out (1988),Drama,95082,13554,movie
4323,"Horse Soldiers, The (1959)",Adventure|War|Western,52902,17664,movie
4325,"Night, The (Notte, La) (1960)",Drama,54130,41050,movie
4326,Mississippi Burning (1988),Crime|Drama|Thriller,95647,1632,movie
4327,"Magnificent Seven, The (1960)",Adventure|Western,54047,966,movie
4329,Rio Bravo (1959),Western,53221,301,movie
4333,Throw Momma from the Train (1987),Comedy|Crime,94142,11896,movie
4334,Yi Yi (2000),Drama,244316,25538,movie
4337,"Sand Pebbles, The (1966)",Drama|Romance|War,60934,5923,movie
4338,Twelve O'Clock High (1949),Drama|War,41996,15497,movie
4339,Von Ryan's Express (1965),Action|Adventure|Drama|War,59885,21876,movie
4340,"Animal, The (2001)",Comedy,255798,11090,movie
4342,Big Eden (2000),Drama|Romance,212815,21056,movie
4343,Evolution (2001),Comedy|Sci-Fi,251075,9397,movie
4344,Swordfish (2001),Action|Crime|Drama,244244,9705,movie
4345,"Anniversary Party, The (2001)",Drama,254099,26475,movie
4347,Divided We Fall (Musíme si pomáhat) (2000),Comedy|Drama,234288,29937,movie
4349,Catch-22 (1970),Comedy|War,65528,10364,movie
4350,Forgotten Silver (1996),Comedy|Documentary,116344,32458,movie
4351,Point Break (1991),Action|Crime|Thriller,102685,1089,movie
4353,Uncommon Valor (1983),Action|War,86508,9967,movie
4354,Unlawful Entry (1992),Crime|Thriller,105699,17494,movie
4355,Youngblood (1986),Action|Drama,92272,17465,movie
4356,Gentlemen Prefer Blondes (1953),Comedy|Musical|Romance,45810,759,movie
4357,How to Marry a Millionaire (1953),Comedy|Drama|Romance,45891,10297,movie
4359,"Seven Year Itch, The (1955)",Comedy,48605,10653,movie
4361,Tootsie (1982),Comedy|Romance,84805,9576,movie
4366,Atlantis: The Lost Empire (2001),Adventure|Animation|Children|Fantasy,230011,10865,movie
4367,Lara Croft: Tomb Raider (2001),Action|Adventure,146316,1995,movie
4368,Dr. Dolittle 2 (2001),Comedy,240462,10808,movie
4369,"Fast and the Furious, The (2001)",Action|Crime|Thriller,232500,9799,movie
4370,A.I. Artificial Intelligence (2001),Adventure|Drama|Sci-Fi,212720,644,movie
4371,Baby Boy (2001),Crime|Drama,255819,16161,movie
4372,Crazy/Beautiful (2001),Drama|Romance,250224,10691,movie
4373,Pootie Tang (2001),Comedy,258038,10615,movie
4374,Let It Snow (1999),Comedy|Romance,212517,47596,movie
4378,Sexy Beast (2000),Crime|Drama,203119,11826,movie
4380,"Princess and the Warrior, The (Krieger und die Kaiserin, Der) (2000)",Drama|Romance,203632,9301,movie
4381,"Closet, The (Placard, Le) (2001)",Comedy,243493,11444,movie
4383,"Crimson Rivers, The (Rivières pourpres, Les) (2000)",Crime|Drama|Mystery|Thriller,228786,60670,movie
4384,Lumumba (2000),Drama,246765,55551,movie
4386,Cats & Dogs (2001),Children|Comedy,239395,10992,movie
4387,Kiss of the Dragon (2001),Action,271027,2140,movie
4388,Scary Movie 2 (2001),Comedy,257106,4248,movie
4389,Lost and Delirious (2001),Drama,245238,17612,movie
4390,Rape Me (Baise-moi) (2000),Crime|Drama|Thriller,249380,3134,movie
4392,Alice (1990),Comedy|Drama|Fantasy|Romance,99012,8217,movie
4393,Another Woman (1988),Drama,94663,22478,movie
4394,Beach Blanket Bingo (1965),Comedy|Musical,58953,26483,movie
4395,Big Deal on Madonna Street (I Soliti Ignoti) (1958),Comedy|Crime,52216,24382,movie
4396,"Cannonball Run, The (1981)",Action|Comedy,82136,11286,movie
4397,Cannonball Run II (1984),Action|Comedy,87032,11950,movie
4399,"Diary of a Chambermaid (Journal d'une femme de chambre, Le) (1964)",Comedy|Drama,58249,36245,movie
4402,Dr. Goldfoot and the Bikini Machine (1965),Comedy,59124,26573,movie
4403,"Fall of the House of Usher, The (House of Usher) (1960)",Horror,53925,23439,movie
4404,Faust (1926),Drama|Fantasy|Horror,16847,10728,movie
4406,"Man Who Shot Liberty Valance, The (1962)",Crime|Drama|Western,56217,11697,movie
4407,Salvador (1986),Drama|Thriller|War,91886,6106,movie
4408,September (1987),Drama,93940,22477,movie
4409,Shadows and Fog (1991),Comedy|Drama|Mystery|Thriller,105378,19200,movie
4410,Something Wild (1986),Comedy|Crime|Drama,91983,11300,movie
4412,"Thing with Two Heads, The (1972)",Comedy|Horror|Sci-Fi,69372,28650,movie
4419,All That Heaven Allows (1955),Drama|Romance,47811,43316,movie
4420,"Barefoot Contessa, The (1954)",Drama,46754,34689,movie
4422,Cries and Whispers (Viskningar och rop) (1972),Drama,69467,10238,movie
4424,"Garden of the Finzi-Continis, The (Giardino dei Finzi-Contini, Il) (1970)",Drama,65777,4789,movie
4426,Kiss Me Deadly (1955),Film-Noir,48261,18030,movie
4427,"Lion in Winter, The (1968)",Drama,63227,18988,movie
4428,"Misfits, The (1961)",Comedy|Drama|Romance|Western,55184,11536,movie
4429,Moby Dick (1956),Drama,49513,10339,movie
4432,Sweet Smell of Success (1957),Drama|Film-Noir,51036,976,movie
4433,Written on the Wind (1956),Drama,49966,69605,movie
4434,"10th Victim, The (La decima vittima) (1965)",Action|Comedy|Sci-Fi|Thriller,59095,65632,movie
4436,Obsession (1976),Mystery|Thriller,74991,4780,movie
4437,Suspiria (1977),Horror,76786,11906,movie
4438,"Fist of Fury (Chinese Connection, The) (Jing wu men) (1972)",Action|Drama|Romance|Thriller,68767,11713,movie
4439,Christiane F. (a.k.a. We Children from Bahnhof Zoo) (Christiane F. - Wir Kinder vom Bahnhof Zoo) (1981),Drama,82176,9589,movie
4440,"Big Boss, The (Fists of Fury) (Tang shan da xiong) (1971)",Action|Thriller,67824,12481,movie
4441,Game of Death (1978),Action,77594,13333,movie
4442,"Last Dragon, The (1985)",Action|Comedy|Drama,89461,13938,movie
4443,Outland (1981),Action|Sci-Fi|Thriller,82869,10540,movie
4444,"Way of the Dragon, The (a.k.a. Return of the Dragon) (Meng long guo jiang) (1972)",Action|Crime,68935,9462,movie
4445,T-Rex: Back to the Cretaceous (1998),Adventure|Documentary|IMAX,163862,82623,movie
4446,Final Fantasy: The Spirits Within (2001),Adventure|Animation|Fantasy|Sci-Fi,173840,2114,movie
4447,Legally Blonde (2001),Comedy|Romance,250494,8835,movie
4448,"Score, The (2001)",Action|Drama,227445,11371,movie
4449,Adanggaman (2000),Drama,262210,78248,movie
4450,Bully (2001),Crime|Drama|Thriller,242193,9517,movie
4451,Jump Tomorrow (2001),Comedy|Drama|Romance,273300,25985,movie
4452,Made (2001),Comedy,227005,15745,movie
4453,Michael Jordan to the Max (2000),Documentary|IMAX,245280,24977,movie
4454,More (1998),Animation|Drama|Sci-Fi|IMAX,188913,36107,movie
4458,Africa: The Serengeti (1994),Documentary|IMAX,109049,13794,movie
4459,Alaska: Spirit of the Wild (1997),Documentary|IMAX,130445,13795,movie
4462,18 Again! (1988),Comedy|Fantasy,94593,38965,movie
4463,1969 (1988),Drama|War,94594,47817,movie
4464,"Accidental Tourist, The (1988)",Comedy|Drama|Romance,94606,31052,movie
4465,"Accused, The (1988)",Drama,94608,10868,movie
4466,Above the Law (1988),Action|Crime|Drama,94602,9395,movie
4467,"Adventures of Baron Munchausen, The (1988)",Adventure|Comedy|Fantasy,96764,14506,movie
4470,Ariel (1988),Drama,94675,2,movie
4471,Arthur 2: On the Rocks (1988),Comedy|Romance,94678,26044,movie
4473,Bat*21 (1988),Drama|War,94712,14911,movie
4474,Beaches (1988),Comedy|Drama|Musical,94715,15592,movie
4475,"Beast of War, The (Beast, The) (1988)",Drama|War,94716,15267,movie
4476,Big Business (1988),Comedy,94739,12710,movie
4477,Big Top Pee-Wee (1988),Adventure|Children|Comedy,94744,30502,movie
4478,Biloxi Blues (1988),Comedy|Drama,94746,19382,movie
4480,"Blob, The (1988)",Horror|Sci-Fi,94761,9599,movie
4482,"Bright Lights, Big City (1988)",Drama,94799,17170,movie
4483,Caddyshack II (1988),Comedy,94824,18509,movie
4484,Camille Claudel (1988),Drama,94828,110428,movie
4487,Cocktail (1988),Drama|Romance,94889,7520,movie
4488,Colors (1988),Action|Crime|Drama,94894,10126,movie
4489,Coming to America (1988),Comedy|Romance,94898,9602,movie
4490,"Couch Trip, The (1988)",Comedy,94910,23752,movie
4492,Critters (1986),Comedy|Sci-Fi,90887,3980,movie
4495,Crossing Delancey (1988),Comedy|Romance,94921,27397,movie
4496,D.O.A. (1988),Film-Noir|Mystery|Thriller,94933,9748,movie
4497,Dead Heat (1988),Action|Comedy|Horror|Sci-Fi,94961,40095,movie
4498,"Dead Pool, The (1988)",Action|Crime|Thriller,94963,10651,movie
4499,Dirty Rotten Scoundrels (1988),Comedy,95031,10141,movie
4500,Drowning by Numbers (1988),Comedy|Drama,92929,27362,movie
4502,Ernest Saves Christmas (1988),Children|Comedy,95107,26386,movie
4504,Feds (1988),Comedy,95145,25884,movie
4505,For Keeps (1988),Drama|Romance,95169,26355,movie
4506,Frantic (1988),Crime|Mystery|Thriller,95174,10675,movie
4508,Gorillas in the Mist (1988),Drama,95243,10130,movie
4509,"Great Outdoors, The (1988)",Comedy,95253,2617,movie
4511,High Spirits (1988),Comedy,95304,21362,movie
4516,Johnny Be Good (1988),Comedy,95409,20443,movie
4517,Lady in White (a.k.a. The Mystery of the Lady in White) (1988),Horror|Mystery|Thriller,95484,49365,movie
4518,The Lair of the White Worm (1988),Comedy|Horror,95488,11347,movie
4519,"Land Before Time, The (1988)",Adventure|Animation|Children|Fantasy,95489,12144,movie
4520,License to Drive (1988),Comedy,95519,13704,movie
4521,Little Nikita (1988),Drama,95532,12505,movie
4522,Masquerade (1988),Mystery|Romance|Thriller,95599,41963,movie
4523,Milagro Beanfield War (1988),Comedy|Drama|Fantasy,95638,13482,movie
4524,Moon Over Parador (1988),Comedy,95654,34014,movie
4526,My Stepmother Is an Alien (1988),Comedy|Romance|Sci-Fi,95687,12120,movie
4527,"Night in the Life of Jimmy Reardon, A (1988)",Comedy|Romance,95736,47818,movie
4529,Bagdad Cafe (Out of Rosenheim) (1987),Comedy|Drama,95801,3543,movie
4531,Red Heat (1988),Action,95963,9604,movie
4533,"Return of the Living Dead, The (1985)",Comedy|Horror|Sci-Fi,89907,10925,movie
4534,Return to Snowy River (a.k.a. The Man From Snowy River II) (1988),Adventure|Drama|Western,95993,13965,movie
4535,"Man from Snowy River, The (1982)",Drama|Romance|Western,84296,24266,movie
4537,Running on Empty (1988),Drama,96018,18197,movie
4541,"Serpent and the Rainbow, The (1988)",Horror,96071,11503,movie
4544,Short Circuit 2 (1988),Comedy|Sci-Fi,96101,11966,movie
4545,Short Circuit (1986),Comedy|Sci-Fi,91949,2605,movie
4546,"Vanishing, The (Spoorloos) (1988)",Drama|Thriller,96163,8740,movie
4552,"Tetsuo, the Ironman (Tetsuo) (1988)",Action|Horror|Sci-Fi|Thriller,96251,41428,movie
4553,They Live (1988),Action|Sci-Fi|Thriller,96256,8337,movie
4557,Tucker: The Man and His Dream (1988),Drama,96316,28176,movie
4558,Twins (1988),Comedy,96320,9493,movie
4562,Without a Clue (1988),Comedy|Mystery,96454,12582,movie
4563,Young Einstein (1988),Comedy,96486,10001,movie
4564,Always (1989),Drama|Fantasy|Romance,96794,11352,movie
4565,American Ninja (1985),Action|Adventure,88708,12500,movie
4568,Best of the Best (1989),Action,96913,238751,movie
4571,Bill & Ted's Excellent Adventure (1989),Adventure|Comedy|Sci-Fi,96928,1648,movie
4572,Black Rain (1989),Action|Crime|Drama,96933,4105,movie
4573,Blaze (1989),Comedy|Drama,96943,22711,movie
4574,Blind Fury (1989),Action|Thriller,96945,19124,movie
4577,Casualties of War (1989),Drama|War,97027,10142,movie
4578,Chances Are (1989),Comedy|Romance,97044,3064,movie
4580,Cyborg (1989),Action|Sci-Fi,97138,10134,movie
4581,Dad (1989),Drama,97142,21291,movie
4583,Disorganized Crime (1989),Action|Comedy,97211,30352,movie
4584,Dream a Little Dream (1989),Comedy|Drama|Romance,97236,15142,movie
4585,"Dream Team, The (1989)",Comedy,97235,14550,movie
4587,Earth Girls Are Easy (1988),Comedy|Musical|Sci-Fi,97257,2210,movie
4589,Eddie and the Cruisers (1983),Drama|Musical|Mystery,85475,21721,movie
4591,Erik the Viking (1989),Adventure|Comedy|Fantasy,97289,11828,movie
4593,Family Business (1989),Comedy,97328,10551,movie
4594,Farewell to the King (1989),Action|War,97334,20713,movie
4595,Fat Man and Little Boy (1989),Drama,97336,27461,movie
4597,Gleaming the Cube (1989),Action|Drama|Mystery,97438,1380,movie
4599,Great Balls of Fire! (1989),Drama,97457,11465,movie
4600,Gross Anatomy (a.k.a. A Cut Above) (1989),Comedy|Drama,97458,17190,movie
4602,Harlem Nights (1989),Comedy|Crime|Romance,97481,9085,movie
4603,Her Alibi (1989),Comedy|Romance,97500,17819,movie
4605,How to Get Ahead in Advertising (1989),Comedy|Fantasy,97531,14776,movie
4608,"Innocent Man, An (1989)",Crime|Drama,97579,29185,movie
4610,"January Man, The (1989)",Comedy|Crime|Mystery|Thriller,97613,32059,movie
4611,Johnny Handsome (1989),Crime|Drama,97626,505,movie
4612,Jesus of Montreal (Jésus de Montréal) (1989),Drama,97635,4486,movie
4613,K-9 (1989),Action|Comedy|Crime,97637,10345,movie
4614,Kickboxer (1989),Action,97659,10222,movie
4615,Last Exit to Brooklyn (1989),Drama,97714,12774,movie
4616,Lean on Me (1989),Drama,97722,14621,movie
4617,Let It Ride (1989),Comedy,97731,19118,movie
4619,Little Monsters (1989),Comedy,97758,15138,movie
4621,Look Who's Talking (1989),Comedy|Romance,97778,9494,movie
4622,Loverboy (1989),Comedy,97790,17362,movie
4623,Major League (1989),Comedy,97815,9942,movie
4624,Meet the Feebles (1989),Animation|Comedy|Musical,97858,8216,movie
4625,Millennium (1989),Drama|Sci-Fi|Thriller,97883,4296,movie
4626,Miracle Mile (1989),Drama|Romance|Sci-Fi,97889,24739,movie
4628,New York Stories (1989),Comedy|Drama,97965,9686,movie
4629,Next of Kin (1989),Action|Crime|Thriller,97967,27418,movie
4630,No Holds Barred (1989),Action,97987,39002,movie
4632,"Package, The (1989)",Action|Thriller,98051,31606,movie
4634,Penn & Teller Get Killed (1989),Adventure|Comedy,98073,37146,movie
4635,Pink Cadillac (1989),Action|Comedy|Drama,98097,20006,movie
4636,"Punisher, The (1989)",Action,98141,8867,movie
4638,Jurassic Park III (2001),Action|Adventure|Sci-Fi|Thriller,163025,331,movie
4639,America's Sweethearts (2001),Comedy|Romance,265029,11467,movie
4640,Brother (2000),Action|Crime|Thriller,222851,327,movie
4641,Ghost World (2001),Comedy|Drama,162346,1548,movie
4642,Hedwig and the Angry Inch (2000),Comedy|Drama|Musical,248845,13403,movie
4643,Planet of the Apes (2001),Action|Adventure|Drama|Sci-Fi,133152,869,movie
4644,Bread and Tulips (Pane e tulipani) (2000),Comedy|Drama|Romance,237539,552,movie
4645,Cure (1997),Crime|Horror|Thriller,123948,36095,movie
4646,Greenfingers (2000),Comedy|Drama,203540,33379,movie
4649,Wet Hot American Summer (2001),Comedy,243655,2171,movie
4653,"Return of the Musketeers, The (1989)",Adventure|Comedy,98194,41946,movie
4654,Road House (1989),Action|Drama,98206,10135,movie
4658,Santa Sangre (1989),Drama|Horror|Mystery|Thriller,98253,19236,movie
4660,Scenes from the Class Struggle in Beverly Hills (1989),Comedy,98261,60276,movie
4661,Sea of Love (1989),Crime|Drama|Thriller,98273,12150,movie
4662,"See No Evil, Hear No Evil (1989)",Comedy|Crime,98282,11185,movie
4663,She's Out of Control (1989),Comedy,98308,47045,movie
4666,Skin Deep (1989),Comedy,98343,12478,movie
4670,"Stepfather, The (1987)",Horror|Thriller,94035,25155,movie
4671,Sweetie (1989),Drama,98725,65015,movie
4672,"Tall Guy, The (1989)",Comedy|Romance,98436,24077,movie
4673,Tango & Cash (1989),Action|Comedy|Crime|Thriller,98439,9618,movie
4675,Three Fugitives (1989),Action|Comedy,98471,31608,movie
4676,Troop Beverly Hills (1989),Comedy,98519,22102,movie
4677,Turner & Hooch (1989),Comedy|Crime,98536,6951,movie
4678,UHF (1989),Comedy,98546,11959,movie
4679,Uncle Buck (1989),Comedy,98554,2616,movie
4681,"War of the Roses, The (1989)",Comedy|Drama,98621,249,movie
4683,"Wizard, The (1989)",Adventure|Children|Comedy|Drama,98663,183,movie
4686,Weekend at Bernie's II (1993),Adventure|Comedy,108539,8494,movie
4687,Billy Liar (1963),Comedy,56868,26535,movie
4688,Black Robe (1991),Adventure|Drama,101465,41784,movie
4689,"Cat o' Nine Tails, The (Gatto a nove code, Il) (1971)",Mystery|Thriller,65761,27431,movie
4690,"Cotton Club, The (1984)",Crime|Musical,87089,2148,movie
4695,Who'll Stop the Rain (1978),Crime|Drama,78490,31941,movie
4697,Basket Case (1982),Comedy|Horror,83624,27813,movie
4699,Original Sin (2001),Drama|Romance|Thriller,218922,2057,movie
4700,"Princess Diaries, The (2001)",Children|Comedy|Romance,247638,9880,movie
4701,Rush Hour 2 (2001),Action|Comedy,266915,5175,movie
4703,Chocolat (1988),Drama,94868,41951,movie
4704,Hatari! (1962),Adventure|Comedy,56059,11385,movie
4705,"Cage aux Folles, La (1978)",Comedy,77288,4484,movie
4708,Marat/Sade (1966),Drama|Musical,60668,44258,movie
4709,Paint Your Wagon (1969),Comedy|Musical|Western,64782,20391,movie
4710,"Shootist, The (1976)",Drama|Western,75213,12584,movie
4711,Theremin: An Electronic Odyssey (1993),Documentary,108323,70042,movie
4713,Altered States (1980),Drama|Sci-Fi,80360,11542,movie
4714,Any Which Way You Can (1980),Comedy,80377,17169,movie
4715,"Awakening, The (1980)",Horror,80402,39176,movie
4717,"Battle Creek Brawl (Big Brawl, The) (1980)",Action|Comedy,80436,19267,movie
4718,American Pie 2 (2001),Comedy,252866,2770,movie
4719,Osmosis Jones (2001),Action|Animation|Comedy|Crime|Drama|Romance|Thriller,181739,12610,movie
4720,"Others, The (2001)",Drama|Horror|Mystery|Thriller,230600,1933,movie
4721,American Outlaws (2001),Action|Comedy|Western,244000,13496,movie
4722,All Over the Guy (2001),Comedy,250202,21055,movie
4723,"Deep End, The (2001)",Drama,250323,24936,movie
4725,Session 9 (2001),Horror|Thriller,261983,10972,movie
4727,Captain Corelli's Mandolin (2001),Drama|Romance|War,238112,1722,movie
4728,Rat Race (2001),Comedy,250687,9896,movie
4732,Bubble Boy (2001),Comedy,258470,9683,movie
4733,"Curse of the Jade Scorpion, The (2001)",Comedy,256524,2779,movie
4734,Jay and Silent Bob Strike Back (2001),Adventure|Comedy,261392,2294,movie
4735,Ghosts of Mars (2001),Horror|Sci-Fi|Thriller,228333,10016,movie
4736,Summer Catch (2001),Comedy|Drama|Romance,234829,26602,movie
4738,Happy Accidents (2000),Romance|Sci-Fi,208196,22230,movie
4740,Maybe Baby (2000),Comedy|Romance,206926,13966,movie
4741,Together (Tillsammans) (2000),Comedy|Drama|Romance,203166,742,movie
4743,Tortilla Soup (2001),Comedy|Romance,255653,15104,movie
4744,Jeepers Creepers (2001),Horror,263488,8922,movie
4745,O (2001),Drama,184791,11065,movie
4748,3 Ninjas (1992),Action|Children|Comedy,103596,16314,movie
4749,3 Ninjas Kick Back (1994),Action|Children|Comedy,109015,18885,movie
4750,3 Ninjas Knuckle Up (1995),Action|Children,112255,40508,movie
4754,"Wicker Man, The (1973)",Drama|Horror|Mystery|Thriller,70917,16307,movie
4756,"Musketeer, The (2001)",Action|Adventure|Drama|Romance,246544,11370,movie
4757,Rock Star (2001),Comedy|Drama|Musical,202470,12508,movie
4759,Two Can Play That Game (2001),Comedy|Drama,269341,25462,movie
4765,L.I.E. (2001),Drama,242587,18734,movie
4766,"Our Lady of the Assassins (Virgen de los sicarios, La) (2000)",Crime|Drama|Romance,250809,44321,movie
4769,Into the Arms of Strangers: Stories of the Kindertransport (2000),Documentary,248912,58062,movie
4770,"Glass House, The (2001)",Thriller,221218,2176,movie
4771,Hardball (2001),Drama,180734,20857,movie
4772,Dinner Rush (2000),Drama,229340,22617,movie
4773,Haiku Tunnel (2001),Comedy,273253,75386,movie
4774,Big Trouble (2002),Comedy|Crime,246464,2185,movie
4775,Glitter (2001),Drama|Musical|Romance,118589,10696,movie
4776,Training Day (2001),Crime|Drama|Thriller,139654,2034,movie
4777,"American Astronaut, The (2001)",Comedy|Musical|Sci-Fi,243759,21538,movie
4780,Liam (2000),Drama,255321,48834,movie
4782,Sidewalks of New York (2001),Comedy|Romance,239986,31016,movie
4783,"Endurance: Shackleton's Legendary Antarctic Expedition, The (2000)",Documentary,264578,32567,movie
4784,"French Lieutenant's Woman, The (1981)",Drama,82416,12537,movie
4785,"Great Silence, The (Grande silenzio, Il) (1969)",Drama|Western,63032,9028,movie
4786,"Legend of Hell House, The (1973)",Horror|Thriller,70294,16180,movie
4787,Little Man Tate (1991),Drama,102316,11521,movie
4788,Moscow Does Not Believe in Tears (Moskva slezam ne verit) (1979),Drama|Romance,79579,21028,movie
4789,Phantom of the Paradise (1974),Comedy|Fantasy|Horror|Musical|Thriller,71994,27327,movie
4792,13 Ghosts (1960),Horror,53559,29756,movie
4794,Opera (1987),Crime|Horror|Mystery,93677,20115,movie
4795,Father Goose (1964),Adventure|Comedy|Romance|War,58092,30295,movie
4796,"Grass Is Greener, The (1960)",Comedy|Romance,53877,25767,movie
4798,Indiscreet (1958),Comedy|Romance,51773,22874,movie
4799,"It's a Mad, Mad, Mad, Mad World (1963)",Action|Adventure|Comedy|Crime,57193,11576,movie
4800,King Solomon's Mines (1937),Action|Adventure|Drama|Romance|Thriller,29081,43860,movie
4801,"Little Foxes, The (1941)",Drama,33836,43802,movie
4802,Operation Petticoat (1959),Action|Comedy|Romance|War,53143,9660,movie
4803,Play Misty for Me (1971),Drama|Thriller,67588,15393,movie
4804,Pocketful of Miracles (1961),Comedy|Drama,55312,248,movie
4808,"Vanishing, The (1993)",Mystery|Thriller,108473,1644,movie
4809,Silkwood (1983),Drama,86312,12502,movie
4810,I Never Promised You a Rose Garden (1977),Drama,76172,66092,movie
4811,Quadrophenia (1979),Drama|Musical,79766,10373,movie
4812,SpaceCamp (1986),Adventure|Sci-Fi,91993,13766,movie
4813,When Worlds Collide (1951),Sci-Fi,44207,16380,movie
4814,Don't Say a Word (2001),Thriller,260866,12103,movie
4815,Hearts in Atlantis (2001),Drama,252501,11313,movie
4816,Zoolander (2001),Comedy,196229,9398,movie
4818,Extreme Days (2001),Action|Adventure|Comedy|Drama,245891,45864,movie
4821,Joy Ride (2001),Adventure|Thriller,206314,10866,movie
4822,Max Keeble's Big Move (2001),Children|Comedy,273799,34549,movie
4823,Serendipity (2001),Comedy|Romance,240890,9778,movie
4825,"Swamp, The (Ciénaga, La) (2001)",Comedy|Drama,240419,58429,movie
4826,"Big Red One, The (1980)",Action|Adventure|Drama|War,80437,16121,movie
4827,"Boogeyman, The (1980)",Horror,80464,40220,movie
4828,"Party, The (Boum, La) (1980)",Comedy|Romance,82100,166,movie
4830,Brubaker (1980),Crime|Drama,80474,1623,movie
4831,Can't Stop the Music (1980),Comedy|Musical,80492,40932,movie
4833,"Changeling, The (1980)",Horror|Mystery|Thriller,80516,13550,movie
4835,Coal Miner's Daughter (1980),Drama,80549,16769,movie
4836,"Competition, The (1980)",Drama|Romance,80556,42158,movie
4840,"Last Metro, The (Dernier métro, Le) (1980)",Drama|Romance,80610,1716,movie
4844,Bandits (2001),Comedy|Crime|Romance,219965,3172,movie
4845,Corky Romano (2001),Comedy|Crime,250310,17708,movie
4846,Iron Monkey (Siu nin Wong Fei-hung ji: Tit Ma Lau) (1993),Action|Comedy,108148,12780,movie
4847,Fat Girl (À ma soeur!) (2001),Drama,243255,570,movie
4848,Mulholland Drive (2001),Crime|Drama|Film-Noir|Mystery|Thriller,166924,1018,movie
4849,My First Mister (2001),Comedy|Drama,206963,25641,movie
4850,Spriggan (Supurigan) (1998),Action|Animation|Sci-Fi,164917,16767,movie
4852,Bones (2001),Horror,166110,11380,movie
4855,Dirty Harry (1971),Action|Crime|Thriller,66999,984,movie
4857,Fiddler on the Roof (1971),Drama|Musical,67093,14811,movie
4860,Making the Grade (1984),Comedy,87666,55727,movie
4862,Not Without My Daughter (1991),Drama,102555,9585,movie
4863,Female Trouble (1975),Comedy|Crime,72979,14267,movie
4864,Titanica (1992),Documentary|IMAX,105601,45929,movie
4865,From Hell (2001),Crime|Horror|Mystery|Thriller,120681,768,movie
4866,"Last Castle, The (2001)",Action,272020,2100,movie
4867,Riding in Cars with Boys (2001),Comedy|Drama,200027,11091,movie
4871,Focus (2001),Drama,246628,18192,movie
4873,Waking Life (2001),Animation|Drama|Fantasy,243017,9081,movie
4874,K-PAX (2001),Drama|Fantasy|Mystery|Sci-Fi,272152,167,movie
4876,Thirteen Ghosts (a.k.a. Thir13en Ghosts) (2001),Horror|Thriller,245674,9378,movie
4877,Better Than Sex (2000),Comedy|Romance,236019,27444,movie
4878,Donnie Darko (2001),Drama|Mystery|Sci-Fi|Thriller,246578,141,movie
4879,High Heels and Low Lifes (2001),Action|Comedy|Crime|Drama,253126,10034,movie
4880,Life as a House (2001),Drama,264796,11457,movie
4881,"Man Who Wasn't There, The (2001)",Crime|Drama,243133,10778,movie
4883,"Town is Quiet, The (Ville est tranquille, La) (2000)",Drama,234988,67385,movie
4885,Domestic Disturbance (2001),Thriller,249478,11456,movie
4886,"Monsters, Inc. (2001)",Adventure|Animation|Children|Comedy|Fantasy,198781,585,movie
4887,"One, The (2001)",Action|Sci-Fi|Thriller,267804,10796,movie
4888,Tape (2001),Drama,275719,23949,movie
4889,Heist (2001),Crime|Drama,252503,11088,movie
4890,Shallow Hal (2001),Comedy|Fantasy|Romance,256380,9889,movie
4893,When a Stranger Calls (1979),Horror|Thriller,80130,45964,movie
4896,Harry Potter and the Sorcerer's Stone (a.k.a. Harry Potter and the Philosopher's Stone) (2001),Adventure|Children|Fantasy,241527,671,movie
4898,Novocaine (2001),Comedy|Crime|Mystery|Thriller,234354,20794,movie
4899,Black Knight (2001),Adventure|Comedy|Fantasy,265087,11469,movie
4900,Out Cold (2001),Comedy,253798,14369,movie
4901,Spy Game (2001),Action|Crime|Drama|Thriller,266987,1535,movie
4902,"Devil's Backbone, The (Espinazo del diablo, El) (2001)",Drama|Fantasy|Horror|Thriller|War,256009,1433,movie
4903,In the Bedroom (2001),Drama,247425,1999,movie
4909,"Incredible Shrinking Woman, The (1981)",Comedy|Sci-Fi,82558,12472,movie
4911,Jabberwocky (1977),Adventure|Comedy|Fantasy,76221,11834,movie
4912,Funny Girl (1968),Drama|Musical|Romance,62994,16085,movie
4914,Breathless (À bout de souffle) (1960),Crime|Drama|Romance,53472,269,movie
4915,"Beastmaster, The (1982)",Action|Adventure|Fantasy,83630,16441,movie
4916,Midway (1976),Drama|War,74899,11422,movie
4917,MacArthur (1977),Drama,76342,31037,movie
4919,Subway (1985),Crime|Drama|Romance|Thriller,90095,10656,movie
4920,"Now, Voyager (1942)",Drama|Romance,35140,32847,movie
4921,Little Women (1933),Drama|Romance,24264,39938,movie
4925,"Cheap Detective, The (1978)",Comedy,77321,14584,movie
4926,Everybody's Famous! (Iedereen beroemd!) (2000),Comedy|Drama|Musical,209037,58886,movie
4927,"Last Wave, The (1977)",Fantasy|Mystery|Thriller,76299,72277,movie
4928,That Obscure Object of Desire (Cet obscur objet du désir) (1977),Drama,75824,5781,movie
4929,"Toy, The (1982)",Comedy,84809,23805,movie
4932,Dressed to Kill (1980),Mystery|Thriller,80661,11033,movie
4936,Fame (1980),Drama|Musical,80716,3537,movie
4939,"Final Countdown, The (1980)",Action|Sci-Fi,80736,8738,movie
4941,Flash Gordon (1980),Action|Adventure|Sci-Fi,80745,3604,movie
4942,"Angry Red Planet, The (1959)",Sci-Fi,52564,6974,movie
4945,"Enforcer, The (1976)",Crime,74483,10649,movie
4946,"Eye for an Eye, An (1981)",Action|Crime|Thriller,82350,42566,movie
4947,"Gauntlet, The (1977)",Action,76070,17689,movie
4951,Lord of the Flies (1990),Adventure|Drama|Thriller,100054,10847,movie
4952,Morons From Outer Space (1985),Comedy|Sci-Fi,89622,33525,movie
4953,"People That Time Forgot, The (1977)",Adventure|Sci-Fi,76535,27591,movie
4954,Ocean's Eleven (a.k.a. Ocean's 11) (1960),Comedy|Crime,54135,299,movie
4956,"Stunt Man, The (1980)",Action|Adventure|Comedy|Drama|Romance|Thriller,81568,42160,movie
4957,Sudden Impact (1983),Crime|Thriller,86383,10650,movie
4958,Behind Enemy Lines (2001),Action|Drama|War,159273,8007,movie
4959,"Affair of the Necklace, The (2001)",Drama,242252,19076,movie
4961,Pornstar: The Legend of Ron Jeremy (2001),Documentary,282856,50562,movie
4962,Texas Rangers (2001),Adventure|Western,193560,13503,movie
4963,Ocean's Eleven (2001),Crime|Thriller,240772,161,movie
4964,Baran (2001),Adventure|Drama|Romance,233841,43774,movie
4965,"Business of Strangers, The (2001)",Action|Drama|Thriller,270259,31064,movie
4966,"Incredible Shrinking Man, The (1957)",Sci-Fi|Thriller,50539,31682,movie
4967,No Man's Land (2001),Drama|War,283509,8342,movie
4969,And Then There Were None (1945),Crime|Mystery,37515,4886,movie
4970,"Blue Angel, The (Blaue Engel, Der) (1930)",Drama,20697,228,movie
4971,Moscow on the Hudson (1984),Comedy|Drama,87747,23111,movie
4973,"Amelie (Fabuleux destin d'Amélie Poulain, Le) (2001)",Comedy|Romance,211915,194,movie
4974,Not Another Teen Movie (2001),Comedy,277371,11397,movie
4975,Vanilla Sky (2001),Mystery|Romance|Sci-Fi|Thriller,259711,1903,movie
4976,Iris (2001),Drama,280778,11889,movie
4977,Kandahar (Safar e Ghandehar) (2001),Drama,283431,28171,movie
4978,Lantana (2001),Drama|Mystery|Thriller,259393,9523,movie
4979,"Royal Tenenbaums, The (2001)",Comedy|Drama,265666,9428,movie
4980,Bill & Ted's Bogus Journey (1991),Adventure|Comedy|Fantasy|Sci-Fi,101452,1649,movie
4981,Clockwise (1986),Comedy,90852,11938,movie
4985,Sheena (1984),Action|Adventure|Fantasy,88103,24264,movie
4987,Spacehunter: Adventures in the Forbidden Zone (1983),Action|Adventure|Sci-Fi,86346,26978,movie
4988,White Water Summer (1987),Adventure,94318,19209,movie
4989,How High (2001),Comedy,278488,8386,movie
4990,Jimmy Neutron: Boy Genius (2001),Adventure|Animation|Children|Comedy,268397,12589,movie
4991,Joe Somebody (2001),Comedy|Drama|Romance,279889,12312,movie
4992,Kate & Leopold (2001),Comedy|Romance,35423,11232,movie
4993,"Lord of the Rings: The Fellowship of the Ring, The (2001)",Adventure|Fantasy,120737,120,movie
4994,"Majestic, The (2001)",Comedy|Drama|Romance,268995,11086,movie
4995,"Beautiful Mind, A (2001)",Drama|Romance,268978,453,movie
4998,"Defiant Ones, The (1958)",Adventure|Crime|Drama|Thriller,51525,11414,movie
5004,"Party, The (1968)",Comedy,63415,10794,movie
5007,Topkapi (1964),Adventure|Comedy|Thriller,58672,5052,movie
5008,Witness for the Prosecution (1957),Drama|Mystery|Thriller,51201,37257,movie
5009,Ali (2001),Drama,248667,8489,movie
5010,Black Hawk Down (2001),Action|Drama|War,265086,855,movie
5011,Charlotte Gray (2001),Drama|Romance,245046,12660,movie
5012,Yentl (1983),Drama|Musical|Romance,86619,10269,movie
5013,Gosford Park (2001),Comedy|Drama|Mystery,280707,5279,movie
5014,I Am Sam (2001),Drama,277027,10950,movie
5015,Monster's Ball (2001),Drama|Romance,285742,1365,movie
5016,"Shipping News, The (2001)",Drama,120824,6440,movie
5021,Murder by Death (1976),Comedy|Crime|Mystery|Thriller,74937,6037,movie
5023,"Waterdance, The (1992)",Drama,105789,61418,movie
5025,Orange County (2002),Comedy,273923,11857,movie
5026,"Brotherhood of the Wolf (Pacte des loups, Le) (2001)",Action|Mystery|Thriller,237534,6312,movie
5027,Another 48 Hrs. (1990),Action|Comedy|Crime|Drama|Thriller,99044,11595,movie
5028,What Time Is It There? (Ni neibian jidian) (2001),Drama,269746,24166,movie
5033,"Russia House, The (1990)",Drama|Thriller,100530,10170,movie
5034,"Truly, Madly, Deeply (1991)",Drama|Romance,103129,18317,movie
5039,Dragonslayer (1981),Action|Adventure|Fantasy,82288,848,movie
5040,Conan the Destroyer (1984),Action|Adventure|Fantasy,87078,9610,movie
5041,Fire and Ice (1983),Animation|Fantasy,85542,15035,movie
5046,Impostor (2002),Action|Drama|Sci-Fi|Thriller,160399,4965,movie
5047,Kung Pow: Enter the Fist (2002),Action|Comedy,240468,11891,movie
5048,Snow Dogs (2002),Adventure|Children|Comedy,281373,11888,movie
5049,48 Hrs. (1982),Action|Comedy|Crime|Drama,83511,150,movie
5051,Italian for Beginners (Italiensk for begyndere) (2000),Comedy|Drama|Romance,243862,112,movie
5053,Blankman (1994),Comedy,109288,20678,movie
5054,Brainstorm (1983),Sci-Fi|Thriller,85271,15050,movie
5055,Dragon: The Bruce Lee Story (1993),Action|Drama,106770,10423,movie
5059,Little Dieter Needs to Fly (1997),Documentary,145046,57976,movie
5060,M*A*S*H (a.k.a. MASH) (1970),Comedy|Drama|War,66026,651,movie
5062,Seconds (1966),Mystery|Sci-Fi|Thriller,60955,20620,movie
5063,One-Eyed Jacks (1961),Western,55257,18647,movie
5064,The Count of Monte Cristo (2002),Action|Adventure|Drama|Thriller,245844,11362,movie
5065,"Mothman Prophecies, The (2002)",Drama|Fantasy|Horror|Mystery|Thriller,265349,2637,movie
5066,"Walk to Remember, A (2002)",Drama|Romance,281358,10229,movie
5068,Beijing Bicycle (Shiqi sui de dan che) (2001),Drama,276501,12659,movie
5069,Escaflowne: The Movie (Escaflowne) (2000),Action|Adventure|Animation|Drama|Fantasy,270933,16990,movie
5071,Maelström (2000),Drama|Romance,220627,35650,movie
5072,Metropolis (2001),Animation|Sci-Fi,293416,9606,movie
5073,"Son's Room, The (Stanza del figlio, La) (2001)",Drama,208990,11447,movie
5074,Storytelling (2001),Comedy|Drama,250081,16550,movie
5075,Waydowntown (2000),Comedy,219405,13915,movie
5076,"Adventures of Huck Finn, The (1993)",Adventure|Children|Comedy|Drama,106223,34723,movie
5077,Cousins (1989),Comedy|Romance,97116,31674,movie
5080,Slackers (2002),Comedy,240900,20009,movie
5081,Birthday Girl (2001),Drama|Romance,188453,2084,movie
5083,Rare Birds (2001),Comedy|Drama,295552,74692,movie
5088,"Going Places (Valseuses, Les) (1974)",Comedy|Crime|Drama,72353,4031,movie
5092,Big Fat Liar (2002),Children|Comedy,265298,11870,movie
5093,Collateral Damage (2002),Action|Thriller,233469,9884,movie
5094,Rollerball (2002),Action|Sci-Fi,246894,11535,movie
5095,"Scotland, Pa. (2001)",Comedy|Crime,265713,27593,movie
5096,Baby's Day Out (1994),Comedy,109190,11212,movie
5099,Heidi (1937),Children|Drama,28988,28345,movie
5102,Rookie of the Year (1993),Comedy|Fantasy,107985,21845,movie
5103,"Sandlot, The (1993)",Children|Comedy|Drama,108037,11528,movie
5105,Don't Look Now (1973),Drama|Horror|Thriller,69995,931,movie
5106,Crossroads (2002),Comedy|Musical|Romance,275022,17130,movie
5107,Hart's War (2002),Drama|War,251114,10592,movie
5108,John Q (2002),Crime|Drama|Thriller,251160,8470,movie
5109,Return to Never Land (2002),Adventure|Animation|Children,280030,16690,movie
5110,Super Troopers (2001),Comedy|Crime|Mystery,247745,39939,movie
5111,"Good Son, The (1993)",Drama|Thriller,107034,9272,movie
5112,Last Orders (2001),Drama,253200,14778,movie
5113,After the Fox (Caccia alla volpe) (1966),Comedy|Crime,60200,19137,movie
5114,"Bad and the Beautiful, The (1952)",Drama,44391,32499,movie
5116,Designing Woman (1957),Comedy,50306,33668,movie
5120,Sleuth (1972),Comedy|Mystery|Thriller,69281,993,movie
5121,Stroszek (1977),Comedy|Drama,75276,11698,movie
5127,Dragonfly (2002),Drama|Fantasy|Mystery|Romance|Thriller,259288,10052,movie
5128,Queen of the Damned (2002),Fantasy|Horror,238546,11979,movie
5131,How to Kill Your Neighbor's Dog (2000),Comedy|Drama,207524,13791,movie
5134,Mean Machine (2001),Comedy|Drama,291341,9991,movie
5135,Monsoon Wedding (2001),Comedy|Romance,265343,480,movie
5136,Wendigo (2001),Drama|Horror,275067,44340,movie
5137,Scratch (2001),Documentary,143861,18984,movie
5139,"Bad News Bears, The (1976)",Comedy,74174,23479,movie
5146,Vampire Hunter D: Bloodlust (Banpaia hantâ D) (2000),Animation|Fantasy|Horror|Sci-Fi,216651,15999,movie
5147,Wild Strawberries (Smultronstället) (1957),Drama,50986,614,movie
5151,40 Days and 40 Nights (2002),Comedy|Romance,243736,2752,movie
5152,We Were Soldiers (2002),Action|Drama|War,277434,10590,movie
5155,"Big Bird Cage, The (1972)",Action,68273,22910,movie
5156,"Big Doll House, The (1971)",Action,66830,42517,movie
5159,Ferngully: The Last Rainforest (1992),Animation|Children|Comedy|Musical,104254,13225,movie
5165,Zombie (a.k.a. Zombie 2: The Dead Are Among Us) (Zombi 2) (1979),Horror,80057,7219,movie
5168,Royal Wedding (1951),Comedy|Musical|Romance,43983,18646,movie
5170,All About the Benjamins (2002),Action|Comedy|Crime,278295,13950,movie
5171,"Time Machine, The (2002)",Action|Adventure|Sci-Fi,268695,2135,movie
5177,"Magnificent Ambersons, The (1942)",Drama|Romance,35015,965,movie
5178,Fun (1994),Crime|Drama,109855,33135,movie
5181,Hangar 18 (1980),Action|Sci-Fi|Thriller,80836,54287,movie
5187,Hopscotch (1980),Comedy,80889,32030,movie
5189,Humanoids from the Deep (1980),Horror|Sci-Fi,80904,29343,movie
5197,Little Darlings (1980),Drama,81060,27458,movie
5198,"Long Good Friday, The (1980)",Drama|Thriller,81070,14807,movie
5202,Mon oncle d'Amérique (1980),Drama,81176,39543,movie
5205,Motel Hell (1980),Comedy|Horror,81184,30924,movie
5209,Ffolkes (1979),Action|Adventure|Thriller,81809,390253,movie
5212,"Octagon, The (1980)",Action,81259,24825,movie
5213,"Oh, God! Book II (1980)",Comedy,81268,38147,movie
5214,"Oh, God! (1977)",Comedy|Fantasy,76489,24032,movie
5218,Ice Age (2002),Adventure|Animation|Children|Comedy,268380,425,movie
5219,Resident Evil (2002),Action|Horror|Sci-Fi|Thriller,120804,1576,movie
5220,Showtime (2002),Action|Comedy,284490,5851,movie
5221,Harrison's Flowers (2000),Drama,216799,25014,movie
5222,Kissing Jessica Stein (2001),Comedy|Romance,264761,15647,movie
5224,Promises (2001),Documentary,282864,38880,movie
5225,And Your Mother Too (Y tu mamá también) (2001),Drama|Romance,245574,1391,movie
5226,All the Right Moves (1983),Drama|Romance,85154,18172,movie
5231,Road to Morocco (1942),Comedy,35262,31805,movie
5237,Taps (1981),Drama,83169,10627,movie
5238,Return of the Secaucus 7 (1980),Drama,81420,42750,movie
5239,Rude Boy (1980),Documentary|Drama,81441,27930,movie
5240,Running Scared (1980),Action|Drama,81445,259557,movie
5241,Seems Like Old Times (1980),Comedy|Romance,81480,28124,movie
5244,Shogun Assassin (1980),Action|Adventure,81506,15119,movie
5246,Smokey and the Bandit II (1980),Action|Comedy,81529,12705,movie
5247,Smokey and the Bandit (1977),Action|Comedy,76729,11006,movie
5248,Smokey and the Bandit III (1983),Action|Comedy,86325,15120,movie
5250,Stir Crazy (1980),Comedy,81562,21629,movie
5254,Blade II (2002),Action|Horror|Thriller,187738,36586,movie
5255,Sorority Boys (2002),Comedy,279781,6020,movie
5256,Stolen Summer (2002),Drama,286162,39541,movie
5258,George Washington (2000),Drama,262432,18292,movie
5264,Clockstoppers (2002),Action|Adventure|Sci-Fi|Thriller,250305,15028,movie
5265,Death to Smoochy (2002),Comedy|Crime|Drama,266452,9275,movie
5266,Panic Room (2002),Thriller,258000,4547,movie
5267,"Rookie, The (2002)",Drama,265662,14635,movie
5268,No Such Thing (2001),Drama|Fantasy|Romance,248190,29135,movie
5269,"Piano Teacher, The (La pianiste) (2001)",Drama,254686,1791,movie
5272,Time Out (L'emploi du temps) (2001),Drama,279065,35651,movie
5275,Boxcar Bertha (1972),Drama,68309,22784,movie
5278,Fraternity Vacation (1985),Comedy|Romance,89167,24585,movie
5279,Impromptu (1991),Comedy|Romance,102103,17990,movie
5282,High Crimes (2002),Thriller,257756,11560,movie
5283,National Lampoon's Van Wilder (2002),Comedy,283111,11452,movie
5284,Crush (2001),Comedy|Romance,245407,18435,movie
5285,Lucky Break (2001),Comedy|Crime,246134,35944,movie
5288,"Atomic Cafe, The (1982)",Documentary|War,83590,26851,movie
5291,Rashomon (Rashômon) (1950),Crime|Drama|Mystery,42876,548,movie
5292,Slap Shot (1977),Comedy,76723,11590,movie
5293,Changing Lanes (2002),Drama|Thriller,264472,1537,movie
5294,Frailty (2001),Crime|Drama|Thriller,264616,12149,movie
5296,"Sweetest Thing, The (2002)",Comedy|Romance,253867,11812,movie
5297,"Cat's Meow, The (2002)",Drama|Thriller,266391,35080,movie
5298,Human Nature (2001),Comedy|Romance,219822,441,movie
5299,My Big Fat Greek Wedding (2002),Comedy|Romance,259446,8346,movie
5300,3:10 to Yuma (1957),Action|Adventure|Drama|Thriller|Western,50086,14168,movie
5303,Joe Versus the Volcano (1990),Comedy|Romance,99892,2565,movie
5304,"Rome, Open City (a.k.a. Open City) (Roma, città aperta) (1945)",Drama|War,38890,307,movie
5307,Taking Care of Business (1990),Comedy,103035,6393,movie
5308,Three Men and a Baby (1987),Comedy,94137,12154,movie
5309,Three Men and a Little Lady (1990),Comedy|Romance,98966,11630,movie
5311,"Watcher in the Woods, The (1980)",Children|Horror|Mystery|Thriller,81738,21970,movie
5312,Murder by Numbers (2002),Crime|Thriller,264935,11892,movie
5313,The Scorpion King (2002),Action|Adventure|Fantasy|Thriller,277296,9334,movie
5316,Enigma (2001),Romance|Thriller,157583,10491,movie
5319,Nine Queens (Nueve reinas) (2000),Crime|Thriller,247586,18079,movie
5321,"Triumph of Love, The (2001)",Comedy,253840,35337,movie
5322,World Traveler (2001),Drama,262911,59199,movie
5323,Jason X (2002),Horror|Sci-Fi|Thriller,211443,11470,movie
5324,Life or Something Like It (2002),Comedy|Romance,282687,16643,movie
5325,Dogtown and Z-Boyz (2001),Documentary,275309,1282,movie
5328,Rain (2001),Drama|Romance,287645,69324,movie
5329,"Salton Sea, The (2002)",Crime|Drama|Thriller,235737,11468,movie
5333,Bob le Flambeur (1955),Crime|Drama,47892,26030,movie
5334,Cadillac Man (1990),Comedy|Crime,99204,10164,movie
5337,Delirious (1991),Comedy,101701,28117,movie
5338,Full Moon in Blue Water (1988),Drama,95186,40555,movie
5339,Husbands and Wives (1992),Comedy|Drama,104466,28384,movie
5341,Lenny (1974),Drama,71746,27094,movie
5345,Triumph of the Spirit (1989),Drama,98513,56179,movie
5346,Wild Orchid (1990),Drama|Romance,100934,5203,movie
5347,Deuces Wild (2002),Drama,231448,13201,movie
5348,Hollywood Ending (2002),Comedy|Drama,278823,9689,movie
5349,Spider-Man (2002),Action|Adventure|Sci-Fi|Thriller,145487,557,movie
5353,Butterflies Are Free (1972),Comedy|Drama,68326,55106,movie
5356,"Giant Spider Invasion, The (1975)",Horror|Sci-Fi,73043,39154,movie
5357,Iron Will (1994),Adventure,110157,24767,movie
5358,Mountains of the Moon (1990),Adventure,100196,33796,movie
5361,White Fang (1991),Adventure,103247,12227,movie
5363,"New Guy, The (2002)",Comedy,241760,10985,movie
5364,Unfaithful (2002),Drama|Thriller,250797,2251,movie
5365,"Lady and the Duke, The (Anglaise et le duc, L') (2001)",Drama|Romance,239234,2894,movie
5372,Calamity Jane (1953),Musical|Western,45591,14117,movie
5373,"Cranes Are Flying, The (Letyat zhuravli) (1957)",Drama|Romance|War,50634,38360,movie
5375,"Harvey Girls, The (1946)",Comedy|Musical|Western,38589,28907,movie
5377,About a Boy (2002),Comedy|Drama|Romance,276751,245,movie
5378,Star Wars: Episode II - Attack of the Clones (2002),Action|Adventure|Sci-Fi|IMAX,121765,1894,movie
5379,"Believer, The (2001)",Drama,247199,4012,movie
5380,"Importance of Being Earnest, The (2002)",Comedy|Drama|Romance,278500,9026,movie
5382,Every Which Way But Loose (1978),Comedy,77523,15417,movie
5384,I Want to Live! (1958),Crime|Drama,51758,28577,movie
5385,"Last Waltz, The (1978)",Documentary,77838,13963,movie
5387,Enough (2002),Drama|Thriller,278435,1957,movie
5388,Insomnia (2002),Action|Crime|Drama|Mystery|Thriller,278504,320,movie
5389,Spirit: Stallion of the Cimarron (2002),Adventure|Animation|Children|Western,166813,9023,movie
5390,CQ (2001),Drama,254199,27834,movie
5391,Thirteen Conversations About One Thing (a.k.a. 13 Conversations) (2001),Drama,268690,17734,movie
5397,Monkey Business (1952),Comedy|Sci-Fi,44916,24008,movie
5398,Requiem for a Heavyweight (1962),Drama,56406,53229,movie
5400,"Sum of All Fears, The (2002)",Drama|Thriller,164184,4614,movie
5401,Undercover Brother (2002),Comedy,279493,12277,movie
5404,84 Charing Cross Road (1987),Drama|Romance,90570,15677,movie
5409,Rapid Fire (1992),Action,105219,13153,movie
5410,Silent Running (1972),Drama|Sci-Fi,67756,811,movie
5414,Bad Company (2002),Action|Comedy|Crime,280486,3132,movie
5415,Divine Secrets of the Ya-Ya Sisterhood (2002),Comedy|Drama,279778,9583,movie
5416,Cherish (2002),Comedy|Drama|Thriller,298798,18408,movie
5417,"Fast Runner, The (Atanarjuat) (2001)",Drama|Fantasy,285441,13245,movie
5418,"Bourne Identity, The (2002)",Action|Mystery|Thriller,258463,2501,movie
5419,Scooby-Doo (2002),Adventure|Children|Comedy|Fantasy|Mystery,267913,9637,movie
5420,Windtalkers (2002),Action|Drama|War,245562,12100,movie
5421,"Dangerous Lives of Altar Boys, The (2002)",Drama,238924,16857,movie
5422,"Emperor's New Clothes, The (2001)",Comedy,282768,52258,movie
5423,Gangster No. 1 (2000),Action|Crime|Thriller,210065,10394,movie
5424,Harvard Man (2001),Crime|Drama|Romance|Thriller,242508,27451,movie
5425,Dark Blue World (Tmavomodrý svet) (2001),Drama|War,244479,15813,movie
5427,Caveman (1981),Comedy,82146,18905,movie
5428,Cheech & Chong's The Corsican Brothers (1984),Comedy,87042,14774,movie
5433,Silver Bullet (Stephen King's Silver Bullet) (1985),Adventure|Drama|Horror|Mystery|Thriller,90021,17898,movie
5434,"Sorry, Wrong Number (1948)",Drama|Film-Noir|Thriller,40823,21635,movie
5435,Hombre (1967),Western,61770,27945,movie
5437,"Manhattan Project, The (1986)",Comedy|Sci-Fi|Thriller,91472,30194,movie
5438,Men at Work (1990),Action|Comedy,100135,10169,movie
5440,She Wore a Yellow Ribbon (1949),Western,41866,13909,movie
5442,V. I. Warshawski (1991),Action|Comedy|Crime,103184,41805,movie
5443,Juwanna Mann (2002),Comedy,247444,35696,movie
5444,Lilo & Stitch (2002),Adventure|Animation|Children|Sci-Fi,275847,11544,movie
5445,Minority Report (2002),Action|Crime|Mystery|Sci-Fi|Thriller,181689,180,movie
5446,Rabbit-Proof Fence (2002),Adventure|Drama,252444,9555,movie
5447,Sunshine State (2002),Drama,286179,57022,movie
5448,Hey Arnold! The Movie (2002),Adventure|Animation|Children|Comedy,314166,17710,movie
5449,Mr. Deeds (2002),Comedy|Romance,280590,2022,movie
5450,Lovely & Amazing (2001),Comedy|Drama|Romance,258273,50035,movie
5451,Pumpkin (2002),Comedy|Drama|Romance,265591,9719,movie
5452,Look Who's Talking Now (1993),Children|Comedy|Romance,107438,11982,movie
5454,Mo' Money (1992),Comedy|Romance,104897,12251,movie
5455,"Object of Beauty, The (1991)",Comedy|Drama,102573,88818,movie
5456,Wagons East (1994),Comedy|Western,111653,30114,movie
5458,Like Mike (2002),Children|Comedy|Fantasy,308506,21972,movie
5459,Men in Black II (a.k.a. MIIB) (a.k.a. MIB 2) (2002),Action|Comedy|Sci-Fi,120912,608,movie
5460,"Powerpuff Girls, The (2002)",Action|Animation|Children|Comedy,289408,59387,movie
5461,Me Without You (2001),Comedy|Drama,263725,26290,movie
5462,"Crocodile Hunter: Collision Course, The (2002)",Adventure|Comedy,305396,17043,movie
5463,Reign of Fire (2002),Action|Adventure|Fantasy,253556,6278,movie
5464,Road to Perdition (2002),Crime|Drama,257044,4147,movie
5465,All About Lily Chou-Chou (Riri Shushu no subete) (2001),Crime|Drama|Thriller,297721,16664,movie
5466,My Wife is an Actress (Ma Femme est une Actrice) (2001),Comedy|Drama|Romance,269499,14651,movie
5468,20 Million Miles to Earth (1957),Sci-Fi,50084,15096,movie
5470,The Importance of Being Earnest (1952),Comedy|Romance,44744,20324,movie
5471,Perfect (1985),Drama|Romance,89798,49370,movie
5472,1776 (1972),Children|Drama|Musical,68156,14902,movie
5475,Z (1969),Drama|Mystery|Thriller,65234,2721,movie
5476,Halloween: Resurrection (Halloween 8) (2002),Horror|Thriller,220506,11442,movie
5477,Sex and Lucia (Lucía y el sexo) (2001),Drama|Romance,254455,1364,movie
5478,Eight Legged Freaks (2002),Action|Comedy|Horror|Sci-Fi,271367,8869,movie
5479,K-19: The Widowmaker (2002),Action|Adventure|Drama|Thriller,267626,8665,movie
5480,Stuart Little 2 (2002),Children|Comedy,243585,10996,movie
5481,Austin Powers in Goldmember (2002),Comedy,295178,818,movie
5483,"Kid Stays in the Picture, The (2002)",Documentary,303353,29047,movie
5485,Tadpole (2002),Comedy|Drama|Romance,271219,39141,movie
5486,Who Is Cletis Tout? (2001),Comedy,246500,33152,movie
5489,Nosferatu the Vampyre (Nosferatu: Phantom der Nacht) (1979),Horror,79641,6404,movie
5490,The Big Bus (1976),Action|Comedy,74205,19133,movie
5493,In Like Flint (1967),Action|Adventure|Comedy,61810,24130,movie
5497,Our Man Flint (1965),Adventure|Comedy|Sci-Fi,59557,23728,movie
5498,Red Beard (Akahige) (1965),Drama,58888,3780,movie
5499,Robin and Marian (1976),Adventure|Drama|Romance,75147,10786,movie
5500,Top Secret! (1984),Comedy,88286,8764,movie
5501,"Master of Disguise, The (2002)",Comedy|Mystery,295427,13908,movie
5502,Signs (2002),Horror|Sci-Fi|Thriller,286106,2675,movie
5503,"Last Kiss, The (Ultimo bacio, L') (2001)",Comedy|Drama|Romance,265930,12308,movie
5504,Spy Kids 2: The Island of Lost Dreams (2002),Adventure|Children,287717,9488,movie
5505,"Good Girl, The (2002)",Comedy|Drama,279113,9962,movie
5506,Blood Work (2002),Crime|Drama|Mystery|Thriller,309377,9573,movie
5507,xXx (2002),Action|Crime|Thriller,295701,7451,movie
5508,24 Hour Party People (2002),Comedy|Drama|Musical,274309,2750,movie
5512,Secret Ballot (Raye makhfi) (2001),Comedy,290823,43772,movie
5513,Martin Lawrence Live: Runteldat (2002),Comedy|Documentary,327036,20337,movie
5515,Songs From the Second Floor (Sånger från andra våningen) (2000),Drama,120263,34070,movie
5521,"Principal, The (1987)",Action|Crime|Drama,93780,10081,movie
5522,Rollerball (1975),Action|Drama|Sci-Fi,73631,11484,movie
5523,"Adventures of Pluto Nash, The (2002)",Action|Adventure|Comedy|Sci-Fi,180052,11692,movie
5524,Blue Crush (2002),Adventure|Drama|Romance,300532,9266,movie
5525,Mostly Martha (Bella Martha) (2001),Comedy|Drama|Romance,246772,3640,movie
5527,Possession (2002),Drama|Romance,256276,30072,movie
5528,One Hour Photo (2002),Drama|Thriller,265459,9357,movie
5529,Serving Sara (2002),Comedy|Romance,261289,12771,movie
5530,Simone (S1m0ne) (2002),Comedy|Drama|Fantasy|Sci-Fi,258153,9296,movie
5531,Undisputed (2002),Drama,281322,15070,movie
5532,Amy's O (a.k.a. Amy's Orgasm) (2001),Comedy|Romance,280424,26942,movie
5537,Satin Rouge (2002),Drama|Musical,300453,97447,movie
5538,"Care Bears Movie, The (1985)",Animation|Children|Fantasy,88885,11243,movie
5539,Care Bears Movie II: A New Generation (1986),Animation|Children,90799,19975,movie
5540,Clash of the Titans (1981),Action|Adventure|Fantasy|Romance,82186,10323,movie
5541,Hot Shots! (1991),Action|Comedy|Romance|War,102059,9595,movie
5543,"Swarm, The (1978)",Action|Horror|Sci-Fi,78350,46878,movie
5544,Time After Time (1979),Sci-Fi|Thriller,80025,24750,movie
5548,Down and Out in Beverly Hills (1986),Comedy,90966,9941,movie
5550,Love Me Tender (1956),Musical|Western,49452,39833,movie
5553,Stakeout (1987),Comedy|Crime|Romance|Thriller,94025,10859,movie
5556,FearDotCom (a.k.a. Fear.com) (a.k.a. Fear Dot Com) (2002),Crime|Horror|Thriller,295254,9544,movie
5560,À nous la liberté (Freedom for Us) (1931),Comedy|Musical,22599,31514,movie
5562,Snipes (2001),Drama|Thriller,275688,26056,movie
5563,City by the Sea (2002),Crime|Drama,269095,13536,movie
5564,Swimfan (2002),Thriller,283026,20616,movie
5568,Johnny Dangerously (1984),Comedy,87507,16806,movie
5569,"Last House on the Left, The (1972)",Crime|Horror|Thriller,68833,15516,movie
5570,Thesis (Tesis) (1996),Drama|Horror|Thriller,117883,9299,movie
5572,Barbershop (2002),Comedy,303714,10611,movie
5573,Stealing Harvard (2002),Comedy|Crime,265808,12770,movie
5574,"Transporter, The (2002)",Action|Crime,293662,4108,movie
5575,Alias Betty (Betty Fisher et autres histoires) (2001),Crime|Drama,269329,55903,movie
5577,Igby Goes Down (2002),Comedy|Drama,280760,9685,movie
5580,Aspen Extreme (1993),Action,106315,16370,movie
5581,Betsy's Wedding (1990),Comedy,99128,18913,movie
5582,Captain Ron (1992),Adventure|Comedy,103924,14361,movie
5584,Ernest Goes to Jail (1990),Comedy,99512,18943,movie
5585,Ernest Scared Stupid (1991),Comedy,101821,32685,movie
5588,"Hills Have Eyes, The (1977)",Horror,77681,12262,movie
5589,Indian Summer (1993),Comedy|Drama,107212,33506,movie
5590,"Mack, The (1973)",Crime,70350,29515,movie
5591,Monkey Trouble (1994),Children|Comedy,110557,41582,movie
5596,Spaced Invaders (1990),Adventure|Comedy|Sci-Fi,100666,34086,movie
5597,Suburban Commando (1991),Comedy|Sci-Fi,103003,11504,movie
5601,"Yearling, The (1946)",Children|Drama,39111,19049,movie
5602,"Ladykillers, The (1955)",Comedy|Crime,48281,5506,movie
5603,"Lavender Hill Mob, The (1951)",Comedy|Crime,44829,32961,movie
5604,"Man in the White Suit, The (1951)",Comedy|Sci-Fi,44876,32568,movie
5607,"Son of the Bride (Hijo de la novia, El) (2001)",Comedy|Drama,292542,19460,movie
5608,"Das Experiment (Experiment, The) (2001)",Drama|Thriller,250258,575,movie
5609,Ballistic: Ecks vs. Sever (2002),Action|Thriller,308208,10550,movie
5610,"Banger Sisters, The (2002)",Comedy|Drama,280460,9034,movie
5611,"Four Feathers, The (2002)",Adventure|War,240510,9093,movie
5612,Trapped (2002),Action|Thriller,280380,9039,movie
5613,8 Women (2002),Comedy|Crime|Musical|Mystery,283832,1958,movie
5614,"His Secret Life (a.k.a. Ignorant Fairies, The) (Fate ignoranti, Le) (2001)",Drama|Romance,274497,23550,movie
5615,Invincible (2001),Drama,245171,68569,movie
5617,Secretary (2002),Comedy|Drama|Romance,274812,11013,movie
5618,Spirited Away (Sen to Chihiro no kamikakushi) (2001),Adventure|Animation|Fantasy,245429,129,movie
5619,"Trials of Henry Kissinger, The (2002)",Documentary,326306,54714,movie
5620,Sweet Home Alabama (2002),Comedy|Romance,256415,11529,movie
5621,"Tuxedo, The (2002)",Action|Comedy,290095,10771,movie
5625,Moonlight Mile (2002),Drama|Romance,179098,31005,movie
5628,Wasabi (2001),Action|Comedy|Crime|Drama|Thriller,281364,2110,movie
5629,Jonah: A VeggieTales Movie (2002),Animation|Children|Musical,298388,15173,movie
5630,Red Dragon (2002),Crime|Mystery|Thriller,289765,9533,movie
5632,Bloody Sunday (2002),Drama,280491,4107,movie
5633,Heaven (2002),Drama,246677,10575,movie
5635,"Man from Elysian Fields, The (2001)",Drama,265307,15720,movie
5636,Welcome to Collinwood (2002),Comedy|Crime,271259,9260,movie
5637,Flirting (1991),Drama,101898,21828,movie
5638,Godzilla vs. Mothra (Mosura tai Gojira) (1964),Action|Adventure|Fantasy|Sci-Fi,58379,1682,movie
5640,"Godzilla, King of the Monsters! (Kaijû-ô Gojira) (1956)",Horror|Sci-Fi,197521,18983,movie
5643,Powaqqatsi (1988),Documentary,95895,24348,movie
5644,"Pride of the Yankees, The (1942)",Drama,35211,19140,movie
5646,Valmont (1989),Drama|Romance,98575,37606,movie
5649,Horror of Dracula (Dracula) (1958),Horror,51554,11868,movie
5650,Strange Brew (1983),Comedy,86373,12921,movie
5651,"Incredible Mr. Limpet, The (1964)",Animation|Comedy|War,58230,19953,movie
5657,Flashback (1990),Action|Adventure|Comedy|Crime|Drama,99581,12719,movie
5663,Below (2002),Horror,276816,12590,movie
5664,Brown Sugar (2002),Romance,297037,37964,movie
5665,Knockaround Guys (2002),Action|Comedy|Crime,211465,7501,movie
5666,"Rules of Attraction, The (2002)",Comedy|Drama|Romance|Thriller,292644,1809,movie
5667,Tuck Everlasting (2002),Drama|Fantasy,283084,13768,movie
5668,White Oleander (2002),Drama,283139,10994,movie
5669,Bowling for Columbine (2002),Documentary,310793,1430,movie
5670,Comedian (2002),Comedy|Documentary,328962,19973,movie
5672,Pokemon 4 Ever (a.k.a. Pokémon 4: The Movie) (2002),Adventure|Animation|Children|Fantasy,313487,12600,movie
5673,Punch-Drunk Love (2002),Comedy|Drama|Romance,272338,8051,movie
5675,Swept Away (2002),Comedy|Romance,291502,12779,movie
5678,Formula 51 (2001),Action|Comedy|Crime|Thriller,227984,1613,movie
5679,"Ring, The (2002)",Horror|Mystery|Thriller,298130,565,movie
5680,Auto Focus (2002),Crime|Drama,298744,14112,movie
5682,"Grey Zone, The (2001)",Drama,252480,15192,movie
5684,Naqoyqatsi (2002),Documentary,145937,21925,movie
5685,Real Women Have Curves (2002),Comedy|Drama,296166,30309,movie
5688,Tully (2000),Drama,212604,20861,movie
5689,Billy Bathgate (1991),Crime|Drama,101453,12647,movie
5690,Grave of the Fireflies (Hotaru no haka) (1988),Animation|Drama|War,95327,12477,movie
5693,Saturday Night Fever (1977),Comedy|Drama|Romance,76666,11009,movie
5694,Staying Alive (1983),Comedy|Drama|Musical,86361,10805,movie
5696,Urban Cowboy (1980),Drama,81696,17496,movie
5699,Tom Horn (1980),Western,80031,5917,movie
5700,The Pumaman (1980),Action|Adventure|Fantasy|Sci-Fi,81693,31278,movie
5704,Without Warning (a.k.a. Alien Warning) (a.k.a. It Came Without Warning) (1980),Horror|Sci-Fi,81764,44932,movie
5706,...All the Marbles (1981),Comedy|Drama,81964,30709,movie
5707,Absence of Malice (1981),Drama|Romance,81974,19429,movie
5710,Banana Joe (1981),Comedy,82045,11340,movie
5712,Blow Out (1981),Mystery|Thriller,82085,11644,movie
5720,"Friend Is a Treasure, A (Chi Trova Un Amico, Trova un Tesoro) (Who Finds a Friend Finds a Treasure) (1981)",Action|Adventure|Comedy,85327,6399,movie
5721,"Chosen, The (1981)",Drama,82175,25773,movie
5723,Continental Divide (1981),Comedy|Romance,82200,26560,movie
5733,"Eyewitness (Janitor, The) (1981)",Thriller,82353,31679,movie
5735,Faces of Death (1978),Documentary|Horror,77533,12237,movie
5736,Faces of Death 3 (1985),Documentary|Horror,121261,15901,movie
5741,"Woman Next Door, The (Femme d'à côté, La) (1981)",Drama|Romance,82370,12579,movie
5742,First Monday in October (1981),Comedy|Drama,82382,85058,movie
5745,"Four Seasons, The (1981)",Comedy|Drama,82405,25113,movie
5746,Galaxy of Terror (Quest) (1981),Action|Horror|Mystery|Sci-Fi,82431,28893,movie
5747,Gallipoli (1981),Drama|War,82432,11646,movie
5749,Ghost Story (1981),Drama|Horror,82449,24634,movie
5752,Gregory's Girl (1981),Comedy|Romance,82477,21764,movie
5755,Happy Birthday to Me (1981),Horror|Mystery,82498,37936,movie
5764,Looker (1981),Drama|Horror|Sci-Fi|Thriller,82677,21874,movie
5767,Teddy Bear (Mis) (1981),Comedy|Crime,82755,31407,movie
5768,Modern Problems (1981),Comedy|Fantasy,82763,16471,movie
5771,My Bloody Valentine (1981),Drama|Horror|Thriller,82782,39874,movie
5772,My Dinner with André (1981),Drama,82783,25468,movie
5773,Neighbors (1981),Comedy,82801,19507,movie
5779,Piranha II: The Spawning (1981),Horror|Sci-Fi,82910,31646,movie
5780,Polyester (1981),Comedy,82926,14269,movie
5782,"Professional, The (Le professionnel) (1981)",Action|Drama|Thriller,82949,1672,movie
5784,Ghost Ship (2002),Horror,288477,9645,movie
5785,Jackass: The Movie (2002),Action|Comedy|Documentary,322802,9012,movie
5786,Paid in Full (2002),Action|Drama,259484,13098,movie
5787,"Truth About Charlie, The (2002)",Mystery|Thriller,270707,13440,movie
5788,All or Nothing (2002),Drama,286261,12454,movie
5791,Frida (2002),Drama|Romance,120679,1360,movie
5792,Roger Dodger (2002),Comedy|Drama,299117,13441,movie
5796,Casino Royale (1967),Action|Adventure|Comedy,61452,12208,movie
5797,"Company of Wolves, The (1984)",Fantasy|Horror,87075,11905,movie
5799,Exodus (1960),Drama|Romance|War,53804,1941,movie
5801,"Russians Are Coming, the Russians Are Coming, The (1966)",Comedy|War,60921,31918,movie
5802,"World of Henry Orient, The (1964)",Comedy,58756,19662,movie
5803,I Spy (2002),Action|Adventure|Comedy|Crime,297181,8427,movie
5804,"Santa Clause 2, The (2002)",Children|Comedy|Fantasy|Romance,304669,9021,movie
5809,Femme Fatale (2002),Crime|Thriller,280665,9280,movie
5810,8 Mile (2002),Drama,298203,65,movie
5812,Far from Heaven (2002),Drama|Romance,297884,10712,movie
5816,Harry Potter and the Chamber of Secrets (2002),Adventure|Fantasy,295297,672,movie
5817,Ararat (2002),Drama|War,273435,16351,movie
5818,"Crime of Father Amaro, The (Crimen del padre Amaro, El) (2002)",Drama|Romance,313196,542,movie
5820,Standing in the Shadows of Motown (2002),Documentary|Musical,314725,30192,movie
5826,Rio Grande (1950),Romance|Western,42895,11617,movie
5828,Blackrock (1997),Drama|Thriller,118735,81530,movie
5829,Men with Brooms (2002),Comedy|Drama|Romance,263734,34341,movie
5833,Dog Soldiers (2002),Action|Horror,280609,11880,movie
5836,Houseboat (1958),Comedy|Romance,51745,1377,movie
5838,Madame Bovary (1991),Drama,102368,2528,movie
5839,My Father's Glory (La gloire de mon père) (1990),Adventure|Drama,99669,12716,movie
5840,"My Mother's Castle (Château de ma mère, Le) (1990)",Comedy|Drama,99266,12717,movie
5841,Return to the Blue Lagoon (1991),Adventure|Romance,102782,13888,movie
5843,Toy Soldiers (1991),Action|Drama,103112,10750,movie
5847,Ragtime (1981),Drama,82970,25566,movie
5849,I'm Starting From Three (Ricomincio da Tre) (1981),Comedy,81427,13386,movie
5853,Scanners (1981),Horror|Sci-Fi|Thriller,81455,9538,movie
5856,"Do You Remember Dolly Bell? (Sjecas li se, Dolly Bell) (1981)",Comedy|Drama|Romance,83089,49934,movie
5863,Take This Job and Shove It (1981),Comedy,83163,42371,movie
5867,Thief (1981),Crime|Drama|Thriller,83190,11524,movie
5872,Die Another Day (2002),Action|Adventure|Thriller,246460,36669,movie
5873,The Emperor's Club (2002),Drama,283530,17187,movie
5874,Friday After Next (2002),Comedy,293815,10426,movie
5875,Personal Velocity (2002),Drama,295238,32625,movie
5876,"Quiet American, The (2002)",Drama|Thriller|War,258068,8198,movie
5878,Talk to Her (Hable con Ella) (2002),Drama|Romance,287467,64,movie
5879,Eight Crazy Nights (Adam Sandler's Eight Crazy Nights) (2002),Animation|Comedy|Musical,271263,13376,movie
5880,Extreme Ops (2002),Action|Adventure|Crime|Thriller,283160,15074,movie
5881,Solaris (2002),Drama|Romance|Sci-Fi,307479,2103,movie
5882,Treasure Planet (2002),Adventure|Animation|Children|Sci-Fi|IMAX,133240,9016,movie
5883,They (2002),Horror|Thriller,283632,16028,movie
5884,Chopper Chicks in Zombietown (1989),Comedy|Horror,103959,27070,movie
5888,Brother (Brat) (1997),Crime|Drama,118767,20992,movie
5889,"Cruel Romance, A (Zhestokij Romans) (1984)",Drama|Romance,90368,66091,movie
5890,Elling (2001),Comedy|Drama,279064,6007,movie
5891,I Spit on Your Grave (Day of the Woman) (1978),Horror|Thriller,77713,25239,movie
5893,"Last Seduction, The (1994)",Crime|Drama|Thriller,110308,25284,movie
5896,New Waterford Girl (1999),Comedy,213121,35612,movie
5899,Zulu (1964),Action|Drama|War,58777,14433,movie
5900,Analyze That (2002),Comedy|Crime,289848,9932,movie
5901,Empire (2002),Crime|Drama,262396,13369,movie
5902,Adaptation (2002),Comedy|Drama|Romance,268126,2757,movie
5903,Equilibrium (2002),Action|Sci-Fi|Thriller,238380,7299,movie
5909,Visitor Q (Bizita Q) (2001),Comedy|Drama|Horror,290329,4241,movie
5912,Hit the Bank (Vabank) (1981),Comedy|Crime,83271,22257,movie
5915,Victory (a.k.a. Escape to Victory) (1981),Action|Drama|War,83284,17360,movie
5919,Android (1982),Sci-Fi,83557,38849,movie
5922,Attila (Attila Flagello di Dio) (1982),Action,80393,29743,movie
5925,"Beast Within, The (1982)",Horror,83629,40219,movie
5927,"Best Little Whorehouse in Texas, The (1982)",Comedy|Drama|Musical|Romance,83642,16363,movie
5929,"Party 2, The (Boum 2, La) (1982)",Comedy|Romance,83686,171,movie
5932,Burden of Dreams (1982),Documentary,83702,42124,movie
5938,Deathtrap (1982),Comedy|Crime|Mystery|Thriller,83806,17590,movie
5941,Drumline (2002),Comedy|Drama|Musical|Romance,303933,13497,movie
5942,"Hot Chick, The (2002)",Comedy,302640,11852,movie
5943,Maid in Manhattan (2002),Comedy|Romance,252076,7303,movie
5944,Star Trek: Nemesis (2002),Action|Drama|Sci-Fi|Thriller,253754,201,movie
5945,About Schmidt (2002),Comedy|Drama,257360,2755,movie
5947,Evelyn (2002),Drama,298856,21868,movie
5949,Intact (Intacto) (2001),Thriller,220580,10856,movie
5951,Morvern Callar (2002),Drama,300214,18602,movie
5952,"Lord of the Rings: The Two Towers, The (2002)",Adventure|Fantasy,167261,121,movie
5953,Devils on the Doorstep (Guizi lai le) (2000),Drama|War,245929,25838,movie
5954,25th Hour (2002),Crime|Drama,307901,1429,movie
5955,Antwone Fisher (2002),Drama,168786,13435,movie
5956,Gangs of New York (2002),Crime|Drama,217505,3131,movie
5957,Two Weeks Notice (2002),Comedy|Romance,313737,2642,movie
5959,Narc (2002),Crime|Drama|Thriller,272207,11022,movie
5961,Blue Steel (1990),Action|Thriller,99160,9491,movie
5962,Body of Evidence (1993),Drama|Thriller,106453,2149,movie
5963,"Children's Hour, The (1961)",Drama,54743,20139,movie
5965,"Duellists, The (1977)",Action|War,75968,19067,movie
5968,Miami Blues (1990),Comedy|Crime|Drama,100143,14931,movie
5969,My Girl 2 (1994),Comedy|Drama|Romance,110613,11317,movie
5970,My Girl (1991),Comedy|Drama|Romance,102492,4032,movie
5971,My Neighbor Totoro (Tonari no Totoro) (1988),Animation|Children|Drama|Fantasy,96283,8392,movie
5974,"Thief of Bagdad, The (1940)",Adventure|Fantasy,33152,12232,movie
5975,War and Peace (1956),Drama|Romance|War,49934,11706,movie
5979,Attack of the Crab Monsters (1957),Horror|Sci-Fi,50147,26946,movie
5980,Black Christmas (1974),Horror|Mystery|Thriller,71222,16938,movie
5984,"Story of O, The (Histoire d'O) (1975)",Drama|Romance,73115,4561,movie
5986,Fat City (1972),Drama,68575,16993,movie
5988,Quicksilver (1986),Drama,91814,21332,movie
5989,Catch Me If You Can (2002),Crime|Drama,264464,640,movie
5990,Pinocchio (2002),Children|Comedy|Fantasy,255477,10599,movie
5991,Chicago (2002),Comedy|Crime|Drama|Musical,299658,1574,movie
5992,"Hours, The (2002)",Drama|Romance,274558,590,movie
5993,Max (2002),Drama,290210,13560,movie
5994,Nicholas Nickleby (2002),Drama|Romance,309912,29339,movie
5995,"Pianist, The (2002)",Drama|War,253474,423,movie
5999,Heavy Metal 2000 (2000),Action|Adventure|Animation|Fantasy|Sci-Fi,119273,16225,movie
6001,"King of Comedy, The (1983)",Comedy|Drama,85794,262,movie
6002,Love Liza (2002),Drama,282698,15395,movie
6005,Blue Collar Comedy Tour: The Movie (2003),Comedy|Documentary,330069,23626,movie
6006,Just Married (2003),Comedy|Romance,305711,12090,movie
6009,"City of Lost Souls, The (Hyôryuu-gai) (2000)",Crime|Drama|Thriller,246498,36273,movie
6012,"Guy Thing, A (2003)",Comedy|Romance,295289,9582,movie
6013,Kangaroo Jack (2003),Action|Comedy,257568,10628,movie
6014,National Security (2003),Action|Comedy,271668,11078,movie
6016,City of God (Cidade de Deus) (2002),Action|Adventure|Crime|Drama|Thriller,317248,598,movie
6020,Alice Adams (1935),Comedy|Drama,26056,43886,movie
6021,"American Friend, The (Amerikanische Freund, Der) (1977)",Crime|Drama|Mystery|Thriller,75675,11222,movie
6022,American Me (1992),Drama,103671,13199,movie
6023,Band of Outsiders (Bande à part) (1964),Comedy|Crime|Drama|Romance,57869,8073,movie
6025,CB4 - The Movie (1993),Comedy,106500,15278,movie
6027,Dogfight (1991),Drama|Romance,101748,14667,movie
6030,Girls! Girls! Girls! (1962),Comedy|Musical,56023,15734,movie
6031,Imitation of Life (1959),Drama|Romance,52918,34148,movie
6033,Mystery Date (1991),Comedy,102500,53027,movie
6035,Pépé le Moko (1937),Crime|Drama|Romance,29453,26252,movie
6036,Secret Admirer (1985),Comedy|Romance,89981,24742,movie
6039,"Woman in Red, The (1984)",Comedy|Romance,88414,5968,movie
6040,Darkness Falls (2003),Horror|Thriller,282209,10727,movie
6041,Amen. (2002),Drama,280653,9045,movie
6042,Blind Spot: Hitler's Secretary (Im toten Winkel - Hitlers Sekretärin) (2002),Documentary,311320,9082,movie
6044,Blind Date (1984),Horror|Thriller,86978,80965,movie
6049,Ethan Frome (1993),Drama,106833,61807,movie
6051,"Harder They Come, The (1973)",Action|Crime|Drama,70155,7514,movie
6055,Sugar Hill (1994),Drama,107079,39349,movie
6057,Biker Boyz (2003),Action|Crime|Drama,326769,12253,movie
6058,Final Destination 2 (2003),Horror|Thriller,309593,9358,movie
6059,"Recruit, The (2003)",Action|Thriller,292506,1647,movie
6060,"Guru, The (2002)",Comedy|Romance,280720,9027,movie
6062,Lost in La Mancha (2002),Documentary,308514,21189,movie
6063,May (2002),Drama|Horror,303361,10894,movie
6064,"Harder They Fall, The (1956)",Drama|Film-Noir,49291,28528,movie
6067,Ordinary Decent Criminal (2000),Comedy|Crime,160611,12490,movie
6070,Tokyo Decadence (Topâzu) (1992),Drama,105622,15802,movie
6078,Firefox (1982),Action|Sci-Fi|Thriller,83943,10724,movie
6086,"I, the Jury (1982)",Crime|Drama|Thriller,84112,37191,movie
6090,Kiss Me Goodbye (1982),Comedy,84210,81001,movie
6093,"Last Unicorn, The (1982)",Animation|Children|Fantasy,84237,10150,movie
6095,Dragon Lord (a.k.a. Dragon Strike) (Long Xiao Ye) (1982),Action,84266,16407,movie
6100,"Midsummer Night's Sex Comedy, A (1982)",Comedy|Romance,84329,8288,movie
6101,Missing (1982),Drama|Mystery|Thriller,84335,15600,movie
6104,Monty Python Live at the Hollywood Bowl (1982),Comedy,84352,11949,movie
6107,"Night of the Shooting Stars (Notte di San Lorenzo, La) (1982)",Drama|War,84422,42130,movie
6111,Paradise (1982),Adventure|Romance,84469,23942,movie
6116,"Pirate Movie, The (1982)",Adventure|Comedy|Musical,84504,25872,movie
6119,Santa Claus Is a Stinker (Le Père Noël est une ordure) (1982),Comedy,84555,14645,movie
6122,Richard Pryor Live on the Sunset Strip (1982),Comedy|Documentary,84597,21923,movie
6123,Sunless (Sans Soleil) (1983),Documentary,84628,1563,movie
6124,Savannah Smiles (1982),Comedy,84633,17132,movie
6125,"Secret Policeman's Other Ball, The (1982)",Comedy|Documentary|Musical,84648,59533,movie
6140,Tenebre (1982),Horror|Mystery|Thriller,84777,29702,movie
6141,They Call Me Bruce? (a.k.a. A Fistful of Chopsticks) (1982),Comedy,84786,24830,movie
6143,Trail of the Pink Panther (1982),Comedy|Crime,84814,9699,movie
6145,Venom (1982),Horror|Thriller,84854,30789,movie
6148,White Dog (1982),Drama|Horror|Thriller,84899,47955,movie
6153,Zapped! (1982),Comedy|Sci-Fi,84945,23943,movie
6155,How to Lose a Guy in 10 Days (2003),Comedy|Romance,251127,9919,movie
6156,Shanghai Knights (2003),Action|Adventure|Comedy,300471,6038,movie
6157,Daredevil (2003),Action|Crime,287978,9480,movie
6158,"Jungle Book 2, The (2003)",Animation|Children,283426,14873,movie
6159,All the Real Girls (2003),Drama|Romance,299458,13132,movie
6162,Gerry (2002),Adventure|Drama,302674,1956,movie
6163,He Loves Me... He Loves Me Not (À la folie... pas du tout) (2002),Romance|Thriller,291579,12112,movie
6166,Dennis the Menace (1993),Comedy,106701,12139,movie
6169,"Black Stallion Returns, The (1983)",Adventure|Children,85248,24883,movie
6170,"Black Stallion, The (1979)",Adventure|Children|Drama,78872,17264,movie
6178,"Patch of Blue, A (1965)",Drama|Romance,59573,33364,movie
6181,"Red Badge of Courage, The (1951)",Drama|War,43961,59401,movie
6182,"Thrill of It All, The (1963)",Comedy,57581,22233,movie
6183,Pillow Talk (1959),Comedy|Musical|Romance,53172,4952,movie
6184,"Man Who Fell to Earth, The (1976)",Drama|Sci-Fi,74851,991,movie
6185,Dark Blue (2003),Action|Crime|Drama|Thriller,279331,4911,movie
6186,Gods and Generals (2003),Action|Drama|War,279111,16072,movie
6187,"Life of David Gale, The (2003)",Crime|Drama|Thriller,289992,11615,movie
6188,Old School (2003),Comedy,302886,11635,movie
6192,Open Hearts (Elsker dig for evigt) (2002),Romance,315543,102,movie
6193,Poolhall Junkies (2002),Comedy|Drama|Thriller,273982,14293,movie
6195,Stone Reader (2002),Documentary,324080,105024,movie
6196,Cradle 2 the Grave (2003),Action|Crime|Drama|Thriller,306685,10623,movie
6197,Spider (2002),Drama|Mystery,278731,9613,movie
6201,Lady Jane (1986),Drama|Romance,91374,21867,movie
6202,Late Marriage (Hatuna Meuheret) (2001),Comedy|Drama|Romance,287471,49680,movie
6203,Life Stinks (1991),Comedy,102303,6524,movie
6204,"Meteor Man, The (1993)",Comedy,107563,11244,movie
6210,Volcano High (Whasango) (2001),Action|Comedy,301429,23834,movie
6212,Bringing Down the House (2003),Comedy,305669,10678,movie
6213,Tears of the Sun (2003),Action|Drama|Thriller,314353,9567,movie
6214,Irreversible (Irréversible) (2002),Crime|Drama|Mystery|Thriller,290673,979,movie
6215,Laurel Canyon (2002),Drama,298408,13819,movie
6216,Nowhere in Africa (Nirgendwo in Afrika) (2001),Drama,161860,1591,movie
6217,"Safety of Objects, The (2001)",Drama,256359,24186,movie
6218,Bend It Like Beckham (2002),Comedy|Drama|Romance,286499,455,movie
6219,"Hunted, The (2003)",Action|Drama|Thriller,269347,10632,movie
6220,Willard (2003),Drama|Horror|Thriller,310357,10929,movie
6222,Prozac Nation (2001),Drama,236640,16229,movie
6223,Spun (2001),Comedy|Crime|Drama,283003,12079,movie
6225,King of Kings (1961),Drama,55047,36362,movie
6228,"Talk of the Town, The (1942)",Comedy|Romance|Thriller,35417,23159,movie
6232,Born Free (1966),Adventure|Children|Drama,60182,15347,movie
6234,Equus (1977),Drama|Mystery,75995,37258,movie
6235,Europa Europa (Hitlerjunge Salomon) (1990),Drama|War,99776,8996,movie
6237,"Glenn Miller Story, The (1953)",Drama,47030,17729,movie
6238,Green Card (1990),Comedy|Drama|Romance,99699,12157,movie
6239,Journey to the Center of the Earth (1959),Adventure|Children|Sci-Fi,52948,11571,movie
6241,Pauline at the Beach (Pauline à la Plage) (1983),Comedy|Drama|Romance,86087,10293,movie
6242,Ringu (Ring) (1998),Horror|Mystery|Thriller,178868,2671,movie
6244,Salaam Bombay! (1988),Drama,96028,45129,movie
6245,Sweet Charity (1969),Comedy|Drama|Musical|Romance,65054,42618,movie
6246,Talent for the Game (1991),Drama,103036,41164,movie
6249,Boat Trip (2003),Comedy,285462,9557,movie
6250,Dreamcatcher (2003),Drama|Horror|Sci-Fi|Thriller,285531,6171,movie
6251,Piglet's Big Movie (2003),Animation|Children,323642,13691,movie
6252,View from the Top (2003),Comedy|Romance,264150,11523,movie
6254,"Awful Truth, The (1937)",Comedy|Romance,28597,14675,movie
6263,Basic (2003),Drama|Thriller|War,264395,10782,movie
6264,"Core, The (2003)",Action|Drama|Sci-Fi|Thriller,298814,9341,movie
6265,Head of State (2003),Comedy,325537,9776,movie
6266,What a Girl Wants (2003),Comedy|Drama|Romance,286788,10735,movie
6267,Assassination Tango (2002),Drama|Thriller,283897,16425,movie
6268,Raising Victor Vargas (2002),Comedy|Drama|Romance,316188,25461,movie
6269,Stevie (2002),Documentary,334416,51927,movie
6270,Akira Kurosawa's Dreams (Dreams) (1990),Drama|Fantasy,100998,12516,movie
6271,Day for Night (La Nuit Américaine) (1973),Comedy|Drama|Romance,70460,1675,movie
6273,In a Lonely Place (1950),Drama|Film-Noir|Mystery|Romance,42593,17057,movie
6279,"Good Thief, The (2002)",Crime|Drama,281820,6016,movie
6280,"Man Apart, A (2003)",Action|Crime|Drama|Thriller,266465,8409,movie
6281,Phone Booth (2002),Drama|Thriller,183649,1817,movie
6283,Cowboy Bebop: The Movie (Cowboy Bebop: Tengoku no Tobira) (2001),Action|Animation|Sci-Fi|Thriller,275277,11299,movie
6285,Levity (2003),Drama,304328,21052,movie
6286,"Man Without a Past, The (Mies vailla menneisyyttä) (2002)",Comedy|Crime|Drama,311519,7294,movie
6287,Anger Management (2003),Comedy,305224,9506,movie
6288,Better Luck Tomorrow (2002),Crime|Drama,280477,14290,movie
6289,Ghosts of the Abyss (2003),Documentary|IMAX,297144,24982,movie
6290,House of 1000 Corpses (2003),Horror,251736,2662,movie
6291,Lilya 4-Ever (Lilja 4-ever) (2002),Crime|Drama,300140,12093,movie
6294,Bulletproof Monk (2003),Action|Adventure|Sci-Fi,245803,11817,movie
6295,Chasing Papi (a.k.a. Papi Chulo) (2003),Comedy,323572,24621,movie
6296,"Mighty Wind, A (2003)",Comedy|Musical,310281,13370,movie
6297,Holes (2003),Adventure|Children|Comedy|Mystery,311289,8326,movie
6298,Malibu's Most Wanted (2003),Comedy|Crime,328099,13411,movie
6299,"Winged Migration (Peuple migrateur, Le) (2001)",Documentary,301727,11516,movie
6300,Flickering Lights (Blinkende lygter) (2000),Action|Comedy|Crime,236027,10180,movie
6301,Straw Dogs (1971),Drama|Thriller,67800,994,movie
6302,Beginning of the End (1957),Sci-Fi,50177,66918,movie
6303,"Andromeda Strain, The (1971)",Mystery|Sci-Fi,66769,10514,movie
6305,Fahrenheit 451 (1966),Drama|Sci-Fi,60390,1714,movie
6306,I Am Trying to Break Your Heart (2002),Documentary,327920,14308,movie
6308,Legal Eagles (1986),Comedy|Crime|Romance,91396,9930,movie
6310,Memories of Me (1988),Comedy|Drama,95613,107569,movie
6313,Sibling Rivalry (1990),Comedy,100611,108553,movie
6314,Undercover Blues (1993),Comedy|Crime,108442,12661,movie
6315,Wildcats (1986),Comedy,92214,29355,movie
6316,"Wiz, The (1978)",Adventure|Children|Comedy|Fantasy|Musical,78504,24961,movie
6319,"My Father the Hero (Mon père, ce héros.) (1991)",Comedy|Drama,102465,20978,movie
6320,Scenes from a Mall (1991),Comedy,102849,47762,movie
6322,Confidence (2003),Crime|Thriller,310910,10743,movie
6323,Identity (2003),Crime|Horror|Mystery|Thriller,309698,2832,movie
6324,It Runs in the Family (2003),Comedy|Drama,311110,31459,movie
6327,"Decade Under the Influence, A (2003)",Documentary,342275,38868,movie
6329,Manic (2001),Drama,252684,15098,movie
6330,People I Know (2002),Crime|Drama,274711,11458,movie
6331,Spellbound (2002),Documentary,334405,16636,movie
6332,"Lizzie McGuire Movie, The (2003)",Children|Comedy|Romance,306841,18736,movie
6333,X2: X-Men United (2003),Action|Adventure|Sci-Fi|Thriller,290334,36658,movie
6334,Blue Car (2002),Drama,290145,46989,movie
6335,"Dancer Upstairs, The (2002)",Crime|Drama|Thriller,118926,20689,movie
6336,Marooned in Iraq (Gomgashtei dar Aragh) (2002),Drama,317226,13438,movie
6337,Owning Mahowny (2003),Crime|Drama|Thriller,285861,15394,movie
6338,Daddy Day Care (2003),Children|Comedy,317303,10708,movie
6339,"Man on the Train (Homme du train, L') (2002)",Comedy|Drama,301414,22016,movie
6341,"Shape of Things, The (2003)",Drama,308878,22958,movie
6342,"Trip, The (2002)",Comedy|Drama|Romance,250067,15850,movie
6344,101 Reykjavik (101 Reykjavík) (2000),Comedy|Drama|Romance,237993,10989,movie
6345,"Chorus Line, A (1985)",Comedy|Drama|Musical,88915,1816,movie
6347,Beat Street (1984),Drama|Musical,86946,17667,movie
6348,Breakin' 2: Electric Boogaloo (1984),Musical,86999,17464,movie
6349,Breakin' (1984),Drama|Musical,86998,15259,movie
6350,Laputa: Castle in the Sky (Tenkû no shiro Rapyuta) (1986),Action|Adventure|Animation|Children|Fantasy|Sci-Fi,92067,10515,movie
6357,High Society (1956),Comedy|Musical|Romance,49314,11424,movie
6358,Kiss Me Kate (1953),Comedy|Musical|Romance,45963,34857,movie
6365,"Matrix Reloaded, The (2003)",Action|Adventure|Sci-Fi|Thriller|IMAX,234215,604,movie
6367,Down with Love (2003),Comedy|Romance,309530,10720,movie
6368,Cinemania (2002),Documentary,281724,51230,movie
6370,"Spanish Apartment, The (L'auberge espagnole) (2002)",Comedy|Drama|Romance,283900,1555,movie
6371,Pokémon Heroes (2003),Animation|Children,347791,33875,movie
6373,Bruce Almighty (2003),Comedy|Drama|Fantasy|Romance,315327,310,movie
6374,"In-Laws, The (2003)",Comedy,314786,5146,movie
6375,Gigantic (A Tale of Two Johns) (2002),Documentary,304081,30055,movie
6376,Respiro (2002),Comedy|Drama,286516,12544,movie
6377,Finding Nemo (2003),Adventure|Animation|Children|Comedy,266543,12,movie
6378,"Italian Job, The (2003)",Action|Crime,317740,9654,movie
6379,Wrong Turn (2003),Horror|Thriller,295700,9902,movie
6380,Capturing the Friedmans (2003),Documentary,342172,2260,movie
6382,Together (Han ni Zai Yiki) (2002),Drama,332639,18385,movie
6383,"2 Fast 2 Furious (Fast and the Furious 2, The) (2003)",Action|Crime|Thriller,322259,584,movie
6385,Whale Rider (2002),Drama,298228,1088,movie
6386,Nevada Smith (1966),Western,60748,5921,movie
6387,Once a Thief (Zong heng si hai) (1991),Action|Comedy|Crime|Thriller,101020,47423,movie
6390,Silk Stockings (1957),Musical,50972,43239,movie
6395,"Crazies, The (a.k.a. Code Name: Trixie) (1973)",Action|Drama|Horror|Sci-Fi|Thriller,69895,29425,movie
6400,Murder on a Sunday Morning (Un coupable idéal) (2001),Documentary,307197,51391,movie
6402,Siam Sunset (1999),Comedy,178022,50285,movie
6405,Treasure Island (1950),Adventure|Children,43067,6646,movie
6407,"Walk, Don't Run (1966)",Comedy|Romance,61170,38720,movie
6408,Animals are Beautiful People (1974),Comedy|Documentary,71143,147729,movie
6410,Car Wash (1976),Comedy,74281,15462,movie
6412,Destry Rides Again (1939),Comedy|Western,31225,43828,movie
6415,Intervista (1987),Comedy|Drama,93267,47715,movie
6417,Live Wire (1992),Action,104743,12629,movie
6422,Shenandoah (1965),Drama|War|Western,59711,21027,movie
6424,Oscar (1991),Comedy|Crime|Mystery|Romance,102603,11890,movie
6425,"6th Man, The (Sixth Man, The) (1997)",Comedy,120142,36807,movie
6427,"Railway Children, The (1970)",Children|Drama,66279,37662,movie
6428,Two Mules for Sister Sara (1970),Comedy|War|Western,65134,11916,movie
6429,Winchester '73 (1950),Western,43137,14551,movie
6433,"Man with the Movie Camera, The (Chelovek s kino-apparatom) (1929)",Documentary,19760,26317,movie
6434,"Objective, Burma! (1945)",War,37954,43490,movie
6436,This Boy's Life (1993),Drama,108330,8092,movie
6440,Barton Fink (1991),Drama|Thriller,101410,290,movie
6442,Belle époque (1992),Comedy|Romance,103791,2470,movie
6448,"Flight of the Phoenix, The (1965)",Action|Adventure|Drama,59183,10243,movie
6449,From the Terrace (1960),Drama,53841,42541,movie
6452,"Long, Hot Summer, The (1958)",Drama,51878,40085,movie
6453,Man of Aran (1934),Documentary,25456,47684,movie
6454,Music Box (1989),Drama,100211,2263,movie
6460,"Trial, The (Procès, Le) (1962)",Drama,57427,3009,movie
6461,"Unforgiven, The (1960)",Drama|Western,54428,6643,movie
6464,Good Burger (1997),Children|Comedy,119215,14817,movie
6465,Jubilee (1977),Drama,76240,41426,movie
6466,Mississippi Masala (1991),Drama|Romance,102456,41791,movie
6476,Shattered (1991),Mystery|Thriller,102900,2071,movie
6477,"Song of Bernadette, The (1943)",Drama,36377,43516,movie
6480,Thoroughly Modern Millie (1967),Comedy|Musical,62362,32489,movie
6482,Dumb and Dumberer: When Harry Met Lloyd (2003),Comedy,329028,10152,movie
6483,From Justin to Kelly (2003),Musical|Romance,339034,31246,movie
6484,Hollywood Homicide (2003),Action|Crime|Drama,329717,11375,movie
6493,Alex and Emma (2003),Comedy|Drama|Romance,318283,17813,movie
6502,28 Days Later (2002),Action|Horror|Sci-Fi,289043,170,movie
6503,Charlie's Angels: Full Throttle (2003),Action|Adventure|Comedy|Crime|Thriller,305357,9471,movie
6506,Fulltime Killer (Chuen jik sat sau) (2001),Action|Thriller,286635,9581,movie
6509,Ali: Fear Eats the Soul (Angst essen Seele auf) (1974),Drama|Romance,71141,216,movie
6510,"Bodies, Rest & Motion (1993)",Drama|Romance,106447,47676,movie
6514,Ring of Terror (1962),Horror,56415,113739,movie
6515,You Only Live Once (1937),Crime|Film-Noir,29808,52758,movie
6516,Anastasia (1956),Drama,48947,38171,movie
6517,"Babe, The (1992)",Drama,103747,61225,movie
6523,Mr. Baseball (1992),Comedy|Romance,104926,18722,movie
6527,Scaramouche (1952),Adventure|Romance,45125,33454,movie
6528,Start the Revolution Without Me (1970),Comedy,66402,19753,movie
6530,"Tenant, The (Locataire, Le) (1976)",Drama|Horror|Mystery|Thriller,74811,11482,movie
6533,"What's Up, Doc? (1972)",Comedy,69495,6949,movie
6534,Hulk (2003),Action|Adventure|Sci-Fi,286716,1927,movie
6535,"Legally Blonde 2: Red, White & Blonde (2003)",Comedy,333780,10327,movie
6536,Sinbad: Legend of the Seven Seas (2003),Adventure|Animation|Children|Fantasy,165982,14411,movie
6537,Terminator 3: Rise of the Machines (2003),Action|Adventure|Sci-Fi,181852,296,movie
6538,Swimming Pool (2003),Drama|Mystery|Thriller,324133,302,movie
6539,Pirates of the Caribbean: The Curse of the Black Pearl (2003),Action|Adventure|Comedy|Fantasy,325980,22,movie
6541,"League of Extraordinary Gentlemen, The (a.k.a. LXG) (2003)",Action|Fantasy|Sci-Fi,311429,8698,movie
6542,"Cuckoo, The (Kukushka) (2002)",Comedy|Drama|War,308476,554,movie
6545,I Capture the Castle (2003),Drama|Romance,300015,17920,movie
6547,Northfork (2003),Drama|Fantasy,322659,32235,movie
6548,Bad Boys II (2003),Action|Comedy|Crime|Thriller,172156,8961,movie
6549,How to Deal (2003),Comedy|Drama|Romance,319524,17403,movie
6550,Johnny English (2003),Action|Comedy|Thriller,274166,9486,movie
6551,"Anarchist Cookbook, The (2002)",Comedy|Romance,284850,20439,movie
6552,Dirty Pretty Things (2002),Crime|Drama|Thriller,301199,3472,movie
6553,"Embalmer, The (Imbalsamatore, L') (2002)",Drama,322725,35265,movie
6554,Garage Days (2002),Comedy|Musical,280696,25921,movie
6557,Born to Be Wild (1995),Adventure|Children|Comedy|Drama,113533,68927,movie
6558,Curly Sue (1991),Comedy|Drama,101635,11894,movie
6559,Little Giants (1994),Children|Comedy,110364,20726,movie
6560,Loose Cannons (1990),Action|Comedy,100053,24558,movie
6561,"Mouse That Roared, The (1959)",Comedy|War,53084,12649,movie
6563,Masked & Anonymous (2003),Comedy|Drama,319829,24356,movie
6564,Lara Croft Tomb Raider: The Cradle of Life (2003),Action|Adventure|Comedy|Romance|Thriller,325703,1996,movie
6565,Seabiscuit (2003),Drama,329575,4464,movie
6566,Spy Kids 3-D: Game Over (2003),Action|Adventure|Children,338459,12279,movie
6567,Buffalo Soldiers (2001),Comedy|Crime|Drama|War,252299,9104,movie
6568,Camp (2003),Comedy|Musical,342167,33339,movie
6571,"Mondays in the Sun (Lunes al sol, Los) (2002)",Drama,319769,54580,movie
6572,Scorched (2003),Comedy|Crime,286947,4613,movie
6573,Avanti! (1972),Comedy|Drama,68240,12530,movie
6574,Eve of Destruction (1991),Action|Sci-Fi|Thriller,101831,45096,movie
6577,Kickboxer 2: The Road Back (1991),Action|Drama,102202,24993,movie
6578,"Kiss Me, Stupid (1964)",Comedy,58265,53021,movie
6579,"One, Two, Three (1961)",Comedy,55256,430,movie
6581,"Private Life of Sherlock Holmes, The (1970)",Comedy|Drama|Mystery,66249,5185,movie
6582,Remo Williams: The Adventure Begins (1985),Action|Comedy|Crime|Thriller,89901,10553,movie
6583,"Blood of Heroes, The (Salute of the Jugger, The) (1989)",Action|Sci-Fi,94764,21512,movie
6584,"What's Up, Tiger Lily? (1966)",Adventure|Comedy|Crime|Thriller,61177,21449,movie
6586,American Wedding (American Pie 3) (2003),Comedy,328828,8273,movie
6587,Gigli (2003),Comedy|Crime|Romance,299930,8046,movie
6588,And Now... Ladies and Gentlemen... (2002),Romance|Thriller,283883,50350,movie
6591,"Magdalene Sisters, The (2002)",Drama,318411,8094,movie
6592,"Secret Lives of Dentists, The (2002)",Drama,314630,26195,movie
6593,Freaky Friday (2003),Children|Comedy|Fantasy,322330,10330,movie
6595,S.W.A.T. (2003),Action|Thriller,257076,9257,movie
6596,"Divorce, Le (2003)",Comedy|Drama|Romance,306734,9499,movie
6597,"Princess Blade, The (Shura Yukihime) (2001)",Action|Sci-Fi,310149,17180,movie
6598,Step Into Liquid (2002),Documentary,308508,15292,movie
6603,"Double Life, A (1947)",Crime|Drama|Film-Noir,39335,41206,movie
6604,Hawks and Sparrows (Uccellacci e Uccellini) (1966),Comedy,61132,33954,movie
6609,"Gospel According to St. Matthew, The (Vangelo secondo Matteo, Il) (1964)",Drama,58715,24192,movie
6611,Umberto D. (1952),Drama,45274,833,movie
6612,Brother's Keeper (1992),Documentary,103888,26755,movie
6614,I Love You to Death (1990),Comedy|Crime,99819,3101,movie
6615,Freddy vs. Jason (2003),Action|Horror|Thriller,329101,6466,movie
6616,Grind (2003),Action|Comedy,338077,20210,movie
6617,Open Range (2003),Western,316356,2055,movie
6618,Shaolin Soccer (Siu lam juk kau) (2001),Action|Comedy,286112,11770,movie
6619,Uptown Girls (2003),Comedy,263757,14926,movie
6620,American Splendor (2003),Comedy|Drama,305206,2771,movie
6624,Agent Cody Banks (2003),Action|Adventure|Children|Fantasy,313911,10923,movie
6625,Camp Nowhere (1994),Adventure|Children|Comedy,109369,17745,movie
6628,Hot Dog... The Movie (1984),Comedy,87425,21989,movie
6629,House of Wax (1953),Crime|Horror|Mystery|Thriller,45888,18573,movie
6631,Man's Best Friend (1993),Horror|Sci-Fi|Thriller,107504,41759,movie
6636,"Sure Thing, The (1985)",Comedy|Romance,90103,8992,movie
6638,Valley Girl (1983),Comedy|Romance,86525,19053,movie
6639,Wait Until Dark (1967),Drama|Thriller,62467,11206,movie
6643,Tokyo Story (Tôkyô monogatari) (1953),Drama,46438,18148,movie
6644,"Green Ray, The (Rayon vert, Le) (1986)",Drama|Romance,91830,54898,movie
6645,THX 1138 (1971),Action|Adventure|Drama|Sci-Fi,66434,636,movie
6650,Kind Hearts and Coronets (1949),Comedy|Drama,41546,11898,movie
6654,Atragon (Kaitei Gunkan) (1963),Adventure|Sci-Fi,57215,35072,movie
6656,Attack of the Puppet People (1958),Horror|Sci-Fi,51381,44585,movie
6658,10 (1979),Comedy|Romance,78721,9051,movie
6659,Tremors (1990),Comedy|Horror|Sci-Fi,100814,9362,movie
6660,"Red Shoes, The (1948)",Drama|Fantasy|Musical|Romance,40725,19542,movie
6662,"Pink Panther, The (1963)",Comedy|Crime,57413,936,movie
6663,"Pink Panther Strikes Again, The (1976)",Comedy|Crime,75066,12268,movie
6664,Commando (1985),Action|Adventure,88944,10999,movie
6665,Dracula (1979),Horror|Romance,79073,33521,movie
6666,"Discreet Charm of the Bourgeoisie, The (Charme discret de la bourgeoisie, Le) (1972)",Comedy|Drama|Fantasy,68361,4593,movie
6667,Waco: The Rules of Engagement (1997),Documentary,120472,34044,movie
6668,"Road Home, The (Wo de fu qin mu qin) (1999)",Drama|Romance,235060,12276,movie
6669,Ikiru (1952),Drama,44741,3782,movie
6670,Comic Book Villains (2002),Comedy,287969,36629,movie
6671,"Angel at My Table, An (1990)",Drama,99040,2891,movie
6678,"Handmaid's Tale, The (1990)",Drama|Sci-Fi,99731,20815,movie
6679,Revolution OS (2001),Documentary,308808,19433,movie
6684,Death in Venice (Morte a Venezia) (1971),Drama|Romance,67445,6619,movie
6686,"Medallion, The (2003)",Action|Comedy|Crime|Fantasy,288045,10610,movie
6687,My Boss's Daughter (2003),Comedy|Romance,270980,2830,movie
6688,Autumn Spring (Babí léto) (2001),Comedy|Drama,286476,15920,movie
6689,"Battle of Shaker Heights, The (2003)",Comedy|Drama|Romance,357470,21413,movie
6691,Dust (2001),Drama|Western,243232,16405,movie
6692,Stoked: The Rise and Fall of Gator (2002),Documentary,271211,33255,movie
6695,Jeepers Creepers 2 (2003),Horror|Thriller,301470,11351,movie
6696,Bollywood/Hollywood (2002),Comedy|Drama|Musical|Romance,303785,333,movie
6699,Once Upon a Time in the Midlands (2002),Drama,301684,22200,movie
6702,Dickie Roberts: Former Child Star (2003),Comedy,325258,13778,movie
6705,Party Monster (2003),Comedy|Crime|Drama|Thriller,320244,1415,movie
6706,Taking Sides (2001),Drama,260414,31094,movie
6707,Cabin Fever (2002),Horror|Thriller,303816,11547,movie
6708,Matchstick Men (2003),Comedy|Crime|Drama,325805,7270,movie
6709,Once Upon a Time in Mexico (2003),Action|Adventure|Crime|Thriller,285823,1428,movie
6710,Dummy (2002),Comedy|Drama|Romance,246592,17906,movie
6711,Lost in Translation (2003),Comedy|Drama|Romance,335266,153,movie
6713,Millennium Actress (Sennen joyû) (2001),Animation|Drama|Romance,291350,33320,movie
6715,Children of the Night (1991),Horror,103957,61054,movie
6718,Gotcha! (1985),Comedy,89222,27590,movie
6720,Kuffs (1992),Action|Comedy|Crime,104647,14603,movie
6721,Once Upon a Time in China (Wong Fei Hung) (1991),Action|Adventure|Drama,103285,10617,movie
6722,Once Upon a Time in China II (Wong Fei-hung Ji Yi: Naam yi dong ji keung) (1992),Action|Romance,105839,10618,movie
6723,Once Upon a Time in China III (Wong Fei-hung tsi sam: Siwong tsangba) (1993),Action,108592,10619,movie
6724,Paper Moon (1973),Comedy|Crime|Drama,70510,11293,movie
6731,Day of the Dead (1985),Horror|Sci-Fi|Thriller,88993,8408,movie
6732,"Hello, Dolly! (1969)",Comedy|Musical|Romance,64418,14030,movie
6734,Memoirs of an Invisible Man (1992),Comedy|Romance|Sci-Fi|Thriller,104850,2687,movie
6744,Once Bitten (1985),Comedy|Horror,89730,19064,movie
6746,Squirm (1976),Horror|Romance,75261,25241,movie
6748,"Brood, The (1979)",Horror,78908,28942,movie
6750,Anything Else (2003),Comedy|Drama|Romance,313792,10739,movie
6751,Cold Creek Manor (2003),Drama|Thriller,331468,12767,movie
6752,"Fighting Temptations, The (2003)",Drama,191133,22309,movie
6753,Secondhand Lions (2003),Children|Comedy|Drama,327137,13156,movie
6754,Underworld (2003),Action|Fantasy|Horror,320691,277,movie
6755,Bubba Ho-tep (2002),Comedy|Horror,281686,9707,movie
6760,In This World (2002),Adventure|Drama,310154,36791,movie
6763,Duplex (2003),Comedy|Crime,266489,7288,movie
6764,"Rundown, The (2003)",Action|Adventure|Comedy,327850,10159,movie
6765,Under the Tuscan Sun (2003),Comedy|Drama|Romance,328589,10934,movie
6768,Luther (2003),Drama,309820,5653,movie
6769,Mambo Italiano (2003),Comedy,330602,321,movie
6770,My Life Without Me (2003),Drama|Romance,314412,20,movie
6772,To Be and to Have (Être et avoir) (2002),Documentary,318202,5168,movie
6773,"Triplets of Belleville, The (Les triplettes de Belleville) (2003)",Animation|Comedy|Fantasy,286244,9662,movie
6774,Videodrome (1983),Fantasy|Horror|Sci-Fi|Thriller,86541,837,movie
6775,Life and Debt (2001),Documentary,284262,20303,movie
6776,Lagaan: Once Upon a Time in India (2001),Comedy|Drama|Musical|Romance,282674,19666,movie
6777,Judgment at Nuremberg (1961),Drama,55031,821,movie
6780,"Brief History of Time, A (1991)",Documentary,103882,1358,movie
6782,Leningrad Cowboys Go America (1989),Comedy|Musical,97728,11475,movie
6783,"Rules of the Game, The (La règle du jeu) (1939)",Comedy|Drama,31885,776,movie
6785,Seven Brides for Seven Brothers (1954),Comedy|Musical|Romance|Western,47472,16563,movie
6786,Kiss of the Spider Woman (1985),Drama,89424,11703,movie
6787,All the President's Men (1976),Drama|Thriller,74119,891,movie
6788,Angie (1994),Comedy|Drama|Romance,109129,83714,movie
6789,"Apartment, The (Appartement, L') (1996)",Drama|Mystery|Romance,115561,12531,movie
6790,Avalon (2001),Drama|Fantasy|Sci-Fi,267287,10881,movie
6791,Babette's Feast (Babettes gæstebud) (1987),Drama,92603,11832,movie
6793,Beethoven (1992),Children|Comedy|Drama,103786,11806,movie
6794,Beethoven's 2nd (1993),Children|Comedy,106375,10438,movie
6796,Boyz N the Hood (1991),Crime|Drama,101507,650,movie
6797,Bugsy (1991),Crime|Drama,101516,10337,movie
6798,Bugsy Malone (1976),Children|Comedy|Crime|Musical,74256,8446,movie
6800,Cobra (1986),Action|Crime,90859,9874,movie
6803,Phenomena (a.k.a. Creepers) (1985),Horror|Mystery|Thriller,87909,29161,movie
6804,Crimewave (1985),Comedy|Crime,88967,21627,movie
6807,Monty Python's The Meaning of Life (1983),Comedy,85959,4543,movie
6808,Where Eagles Dare (1968),Action|Adventure|War,65207,11046,movie
6809,Tightrope (1984),Thriller,88272,11707,movie
6810,Sleeping with the Enemy (1991),Drama|Thriller,102945,7442,movie
6811,PCU (1994),Comedy,110759,14425,movie
6812,"Rookie, The (1990)",Action|Comedy|Thriller,100514,6723,movie
6814,City Heat (1984),Action|Comedy,87062,16969,movie
6816,Three O'Clock High (1987),Comedy,94138,13339,movie
6817,"White Hunter, Black Heart (1990)",Adventure|Drama,100928,28761,movie
6818,Come and See (Idi i smotri) (1985),Drama|War,91251,25237,movie
6820,Ginger Snaps (2000),Drama|Horror|Thriller,210070,9871,movie
6821,More American Graffiti (1979),Comedy,79576,33258,movie
6827,It's Pat (1994),Comedy,110169,33783,movie
6832,Regarding Henry (1991),Drama,102768,11364,movie
6835,Alien Contamination (1980),Action|Horror|Sci-Fi,82000,39916,movie
6836,"Amazing Transparent Man, The (1960)",Sci-Fi,53593,31634,movie
6837,Love Affair (1939),Comedy|Drama|Romance,31593,43739,movie
6849,Scrooge (1970),Drama|Fantasy|Musical,66344,13765,movie
6850,Leap of Faith (1992),Comedy|Drama,104695,12772,movie
6851,"Gas, Food, Lodging (1992)",Drama|Romance,104321,47866,movie
6852,In Cold Blood (1967),Crime|Drama,61809,18900,movie
6853,Campus Man (1987),Comedy,92717,73265,movie
6856,Yankee Doodle Dandy (1942),Drama|Musical,35575,3087,movie
6857,Ninja Scroll (Jûbei ninpûchô) (1995),Action|Adventure|Animation|Fantasy,107692,14282,movie
6858,Knife in the Water (Nóz w wodzie) (1962),Drama,56291,11502,movie
6860,Mobsters (1991),Crime|Drama,102460,21219,movie
6862,Out of Time (2003),Crime|Drama|Thriller,313443,2116,movie
6863,School of Rock (2003),Comedy|Musical,332379,1584,movie
6867,"Station Agent, The (2003)",Comedy|Drama,340377,2056,movie
6868,Wonderland (2003),Crime|Drama|Mystery|Thriller,335563,4997,movie
6869,Bus 174 (Ônibus 174) (2002),Crime|Documentary,340468,8439,movie
6870,Mystic River (2003),Crime|Drama|Mystery,327056,322,movie
6872,"House of the Dead, The (2003)",Action|Horror,317676,11059,movie
6873,Intolerable Cruelty (2003),Comedy|Romance,138524,11775,movie
6874,Kill Bill: Vol. 1 (2003),Action|Crime|Thriller,266697,24,movie
6879,Runaway Jury (2003),Drama|Thriller,313542,11329,movie
6880,"Texas Chainsaw Massacre, The (2003)",Horror,324216,9373,movie
6881,Pieces of April (2003),Comedy|Drama,311648,1550,movie
6882,Returner (Ritaanaa) (2002),Action|Adventure|Sci-Fi,339579,5493,movie
6883,Sylvia (2003),Drama|Romance,325055,28200,movie
6884,Veronica Guerin (2003),Crime|Drama|Thriller,312549,10629,movie
6885,In the Cut (2003),Crime|Drama|Mystery|Romance|Thriller,199626,10944,movie
6886,Beyond Borders (2003),Drama|Romance|War,294357,9839,movie
6887,Radio (2003),Drama,316465,13920,movie
6888,Scary Movie 3 (2003),Comedy|Horror,306047,4256,movie
6889,Brother Bear (2003),Adventure|Animation|Children,328880,10009,movie
6890,Elephant (2003),Drama,363589,1807,movie
6893,"Italian Job, The (1969)",Action|Comedy|Crime,64505,10536,movie
6898,Sweet Sixteen (2002),Drama,313670,1376,movie
6899,Alien from L.A. (1988),Sci-Fi,92532,31397,movie
6902,Interstate 60 (2002),Adventure|Comedy|Drama|Fantasy|Mystery|Sci-Fi|Thriller,165832,20312,movie
6909,"Eye, The (Gin gwai) (Jian gui) (2002)",Thriller,325655,10389,movie
6911,"Jolson Story, The (1946)",Musical,38661,31206,movie
6912,You'll Never Get Rich (1941),Comedy|Musical|Romance,34409,28658,movie
6918,"Unvanquished, The (Aparajito) (1957)",Drama,48956,897,movie
6920,"Cercle Rouge, Le (Red Circle, The) (1970)",Crime|Thriller,65531,11657,movie
6927,"Human Stain, The (2003)",Drama|Romance|Thriller,308383,10922,movie
6932,Shattered Glass (2003),Crime|Drama,323944,13537,movie
6934,"Matrix Revolutions, The (2003)",Action|Adventure|Sci-Fi|Thriller|IMAX,242653,605,movie
6935,"Revolution Will Not Be Televised, The (a.k.a. Chavez: Inside the Coup) (2003)",Documentary,363510,33222,movie
6936,Elf (2003),Children|Comedy|Fantasy,319343,10719,movie
6938,Billabong Odyssey (2003),Documentary,379713,23995,movie
6939,Gloomy Sunday (Ein Lied von Liebe und Tod) (1999),Drama|Romance,155722,1277,movie
6942,Love Actually (2003),Comedy|Drama|Romance,314331,508,movie
6944,Father of the Bride (1991),Comedy,101862,11846,movie
6945,My Architect: A Son's Journey (2003),Documentary,373175,50314,movie
6946,Looney Tunes: Back in Action (2003),Action|Animation|Children|Fantasy,318155,10715,movie
6947,Master and Commander: The Far Side of the World (2003),Adventure|Drama|War,311113,8619,movie
6948,Tupac: Resurrection (2003),Documentary,343121,21525,movie
6949,"Big Empty, The (2003)",Comedy|Mystery|Sci-Fi,321442,14892,movie
6950,"Missing, The (2003)",Adventure|Thriller|Western,338188,12146,movie
6951,"Cat in the Hat, The (2003)",Children|Comedy,312528,10588,movie
6952,Gothika (2003),Horror|Thriller,348836,4970,movie
6953,21 Grams (2003),Crime|Drama|Mystery|Romance|Thriller,315733,470,movie
6954,"Barbarian Invasions, The (Les invasions barbares) (2003)",Comedy|Crime|Drama|Mystery|Romance,338135,11042,movie
6957,Bad Santa (2003),Comedy|Crime,307987,10147,movie
6958,"Haunted Mansion, The (2003)",Children|Comedy|Fantasy|Horror,338094,10756,movie
6959,Timeline (2003),Action|Adventure|Sci-Fi,300556,9562,movie
6961,Damage (Fatale) (1992),Drama,104237,11012,movie
6962,OT: Our Town (2002),Documentary,334029,279714,movie
6963,Devil's Playground (2002),Documentary,293088,30068,movie
6965,Journeys with George (2002),Documentary,312848,158413,movie
6966,Darkman (1990),Action|Crime|Fantasy|Sci-Fi|Thriller,99365,9556,movie
6967,Dead of Night (1945),Horror|Mystery,37635,13581,movie
6969,"Dernier Combat, Le (Last Battle, The) (1983)",Drama|Sci-Fi,85426,19184,movie
6970,Desk Set (1957),Comedy|Romance,50307,24203,movie
6971,Europa (Zentropa) (1991),Drama|Thriller,101829,9065,movie
6973,Final Analysis (1992),Drama|Romance|Thriller,104265,4823,movie
6974,"Freshman, The (1990)",Comedy|Crime,99615,10168,movie
6975,Funny Games (1997),Drama|Horror|Thriller,119167,10234,movie
6978,Slacker (1991),Comedy|Drama,102943,14022,movie
6979,WarGames (1983),Drama|Sci-Fi|Thriller,86567,860,movie
6981,"Ordet (Word, The) (1955)",Drama,48452,48035,movie
6982,Forbidden Games (Jeux interdits) (1952),Drama|War,43686,5000,movie
6983,Jane Eyre (1944),Drama|Romance,36969,22744,movie
6984,"Tale of Two Cities, A (1935)",Drama,27075,17831,movie
6985,"Passion of Joan of Arc, The (Passion de Jeanne d'Arc, La) (1928)",Drama,19254,780,movie
6986,Ben-Hur: A Tale of the Christ (1925),Adventure|Drama|Romance,16641,31510,movie
6987,"Cabinet of Dr. Caligari, The (Cabinet des Dr. Caligari., Das) (1920)",Crime|Fantasy|Horror,10323,234,movie
6989,Gorky Park (1983),Crime|Drama|Thriller,85615,8289,movie
6990,The Great Train Robbery (1978),Action|Adventure|Comedy|Crime|Drama,79240,11583,movie
6992,Guarding Tess (1994),Comedy|Drama,109951,6472,movie
6993,Hannah and Her Sisters (1986),Comedy|Drama|Romance,91167,5143,movie
6994,"Hard Way, The (1991)",Action|Comedy,102004,11384,movie
6996,Highlander II: The Quickening (1991),Action|Sci-Fi,102034,8010,movie
6997,Hoffa (1992),Crime|Drama,104427,10410,movie
6998,House of Cards (1993),Drama,107148,47095,movie
6999,Housesitter (1992),Comedy|Romance,104452,10407,movie
7000,Hudson Hawk (1991),Action|Adventure|Comedy,102070,9292,movie
7001,Invasion of the Body Snatchers (1978),Horror|Mystery|Sci-Fi|Thriller,77745,11850,movie
7004,Kindergarten Cop (1990),Action|Comedy|Crime|Thriller,99938,951,movie
7005,King Ralph (1991),Comedy,102216,10804,movie
7007,"Last Boy Scout, The (1991)",Action|Comedy|Crime|Drama|Thriller,102266,9319,movie
7008,Last Tango in Paris (Ultimo tango a Parigi) (1972),Drama|Romance,70849,1643,movie
7009,Lorenzo's Oil (1992),Drama,104756,2007,movie
7010,"Lover, The (Amant, L') (1992)",Drama|Romance,101316,10995,movie
7012,Mr. Destiny (1990),Comedy|Fantasy,100201,2612,movie
7013,"Night of the Hunter, The (1955)",Drama|Film-Noir|Thriller,48424,3112,movie
7015,Only the Lonely (1991),Comedy|Romance,102598,2611,movie
7016,Over the Top (1987),Action|Drama,93692,1825,movie
7017,Passenger 57 (1992),Action|Thriller,105104,10538,movie
7018,Presumed Innocent (1990),Crime|Drama|Thriller,100404,11092,movie
7019,Project X (1987),Comedy|Drama,93793,18410,movie
7020,Proof (1991),Comedy|Drama|Romance,102721,14904,movie
7022,Battle Royale (Batoru rowaiaru) (2000),Action|Drama|Horror|Thriller,266308,3176,movie
7023,"Wedding Banquet, The (Xi yan) (1993)",Comedy|Drama|Romance,107156,9261,movie
7024,"Salo, or The 120 Days of Sodom (Salò o le 120 giornate di Sodoma) (1976)",Drama,73650,5336,movie
7025,"Midnight Clear, A (1992)",Drama|War,102443,23908,movie
7026,Summer School (1987),Comedy,94072,14671,movie
7027,Silverado (1985),Action|Western,90022,11509,movie
7028,Quick Change (1990),Comedy|Crime,100449,10729,movie
7030,Radio Flyer (1992),Drama,105211,20763,movie
7031,"Real McCoy, The (1993)",Action|Crime|Drama|Thriller,107927,2047,movie
7032,Revenge (1990),Drama|Romance|Thriller,100485,14249,movie
7033,"Secret of My Succe$s, The (a.k.a. The Secret of My Success) (1987)",Comedy|Romance,93936,10021,movie
7034,Show Me Love (Fucking Åmål) (1998),Drama|Romance,150662,11634,movie
7036,Teen Wolf (1985),Comedy|Fantasy,90142,11824,movie
7037,High Heels (Tacones lejanos) (1991),Comedy|Drama,103030,8222,movie
7038,Things You Can Tell Just by Looking at Her (2000),Drama|Romance,210358,20067,movie
7040,To Live and Die in L.A. (1985),Action|Crime|Drama|Thriller,90180,9846,movie
7041,Trapped in Paradise (1994),Comedy|Crime,111477,23719,movie
7044,Wild at Heart (1990),Crime|Drama|Mystery|Romance|Thriller,100935,483,movie
7045,"Witches, The (1990)",Children|Fantasy,100944,10166,movie
7046,"Witches of Eastwick, The (1987)",Comedy|Fantasy|Horror|Thriller,94332,6069,movie
7047,Year of the Dragon (1985),Action|Crime|Drama,90350,11018,movie
7048,Nothing to Lose (1997),Action|Adventure|Comedy|Crime,119807,11676,movie
7049,Flying Down to Rio (1933),Comedy|Musical|Romance,24025,28293,movie
7050,Follow the Fleet (1936),Comedy|Musical|Romance,27630,28292,movie
7051,"What's New, Pussycat (1965)",Comedy,59903,3681,movie
7052,Mary of Scotland (1936),Drama,27948,43875,movie
7053,Roberta (1935),Comedy|Musical|Romance,26942,31798,movie
7054,Little Women (1949),Drama,41594,43436,movie
7055,Swing Time (1936),Comedy|Musical|Romance,28333,20325,movie
7056,"Public Enemy, The (1931)",Action|Crime|Drama,22286,17687,movie
7057,"Midsummer Night's Dream, A (1935)",Comedy|Fantasy|Romance,26714,19075,movie
7058,Life with Father (1947),Comedy,39566,41465,movie
7059,National Velvet (1944),Children|Drama,37120,17641,movie
7060,Jesus Christ Superstar (1973),Drama|Musical,70239,12545,movie
7061,Dark Victory (1939),Drama|Romance,31210,27972,movie
7062,Birdman of Alcatraz (1962),Drama,55798,898,movie
7063,"Aguirre: The Wrath of God (Aguirre, der Zorn Gottes) (1972)",Adventure|Drama,68182,2000,movie
7064,Beauty and the Beast (La belle et la bête) (1946),Drama|Fantasy,38348,648,movie
7065,"Birth of a Nation, The (1915)",Drama|War,4972,618,movie
7067,Juliet of the Spirits (Giulietta degli spiriti) (1965),Comedy|Drama|Fantasy|Romance,59229,19120,movie
7069,"Macbeth (a.k.a. Tragedy of Macbeth, The) (1971)",Drama,67372,11316,movie
7070,Red River (1948),Action|Adventure|Western,40724,3089,movie
7071,"Woman Under the Influence, A (1974)",Drama,72417,29845,movie
7072,Stagecoach (1939),Action|Drama|Romance|Western,31971,995,movie
7073,"Shot in the Dark, A (1964)",Comedy|Crime|Mystery,58586,1594,movie
7074,"Navigator, The (1924)",Comedy,15163,32318,movie
7075,"Court Jester, The (1956)",Adventure|Comedy|Musical,49096,11839,movie
7076,Bullitt (1968),Action|Crime|Drama|Thriller,62765,916,movie
7078,Jezebel (1938),Drama,30287,1976,movie
7079,"Hunchback of Notre Dame, The (1939)",Drama,31455,31685,movie
7080,42nd Street (1933),Drama|Musical|Romance,24034,3062,movie
7082,That Touch of Mink (1962),Comedy|Romance,56575,12708,movie
7083,Sweet Dreams (1985),Drama,90110,42045,movie
7084,"Play It Again, Sam (1972)",Comedy|Romance,69097,11610,movie
7085,Send Me No Flowers (1964),Comedy|Romance,58571,4939,movie
7086,Pygmalion (1938),Comedy|Drama,30637,25016,movie
7087,"Passage to India, A (1984)",Adventure|Drama,87892,15927,movie
7088,Black Orpheus (Orfeu Negro) (1959),Drama|Romance,53146,40423,movie
7089,Amarcord (1973),Comedy|Drama,71129,7857,movie
7090,Hero (Ying xiong) (2002),Action|Adventure|Drama,299977,79,movie
7091,Horse Feathers (1932),Comedy,23027,13912,movie
7092,Anna Karenina (1935),Drama|Romance,26071,70881,movie
7093,"Front Page, The (1974)",Comedy,71524,987,movie
7096,Rivers and Tides (2001),Documentary,307385,30140,movie
7099,Nausicaä of the Valley of the Wind (Kaze no tani no Naushika) (1984),Adventure|Animation|Drama|Fantasy|Sci-Fi,87544,81,movie
7101,Doc Hollywood (1991),Comedy|Romance,101745,11821,movie
7102,Dragnet (1987),Comedy|Crime|Drama,92925,10023,movie
7103,Madhouse (1990),Comedy,100087,51036,movie
7104,1941 (1979),Comedy|War,78723,11519,movie
7107,Foul Play (1978),Comedy|Thriller,77578,15659,movie
7108,Crime Story (Zhong an zu) (1993),Action|Crime|Drama,108656,18857,movie
7109,Beyond the Clouds (Al di là delle nuvole) (1996),Drama|Romance,114086,33517,movie
7114,"Collector, The (1965)",Drama|Horror|Thriller,59043,42740,movie
7115,Deep Red (Profondo rosso) (1975),Horror|Mystery|Thriller,73582,20126,movie
7116,Diabolique (Les diaboliques) (1955),Horror|Mystery|Thriller,46911,827,movie
7117,Leprechaun (1993),Comedy|Horror,107387,11811,movie
7118,Wings of Honneamise (Ôritsu uchûgun Oneamisu no tsubasa) (1987),Animation|Drama|Sci-Fi|War,93207,20043,movie
7121,Adam's Rib (1949),Comedy|Romance,41090,25431,movie
7122,King of Hearts (1966),Comedy|Drama|War,60908,17685,movie
7123,Naked Lunch (1991),Drama|Fantasy|Mystery|Sci-Fi,102511,2742,movie
7124,Grass (1999),Documentary,214730,22010,movie
7125,Spring Forward (1999),Drama,156096,51145,movie
7127,Run (1991),Action|Drama|Thriller,102818,48129,movie
7131,"Summer Place, A (1959)",Drama,53320,18904,movie
7132,"Night at the Opera, A (1935)",Comedy|Musical|Romance,26778,37719,movie
7134,"Element of Crime, The (Forbrydelsens Element) (1984)",Drama|Thriller,87280,9063,movie
7137,"Cooler, The (2003)",Comedy|Drama|Romance,318374,10744,movie
7139,In America (2002),Drama|Romance,298845,10511,movie
7141,My Flesh and Blood (2003),Documentary,342804,22289,movie
7142,Honey (2003),Drama|Romance,322589,10028,movie
7143,"Last Samurai, The (2003)",Action|Adventure|Drama|War,325710,616,movie
7147,Big Fish (2003),Drama|Fantasy|Romance,319061,587,movie
7149,Something's Gotta Give (2003),Comedy|Drama|Romance,337741,6964,movie
7150,Stuck on You (2003),Comedy,338466,1792,movie
7151,Girl with a Pearl Earring (2003),Drama|Romance,335119,3635,movie
7153,"Lord of the Rings: The Return of the King, The (2003)",Action|Adventure|Drama|Fantasy,167260,122,movie
7154,Mona Lisa Smile (2003),Drama|Romance,304415,11820,movie
7155,Calendar Girls (2003),Comedy,337909,8696,movie
7156,"Fog of War: Eleven Lessons from the Life of Robert S. McNamara, The (2003)",Documentary|War,317910,12698,movie
7158,House of Sand and Fog (2003),Drama,315983,11093,movie
7160,Monster (2003),Crime|Drama,340855,504,movie
7161,Cheaper by the Dozen (2003),Children|Comedy,349205,11007,movie
7162,Cold Mountain (2003),Drama|Romance|War,159365,2289,movie
7163,Paycheck (2003),Action|Sci-Fi|Thriller,338337,9620,movie
7164,Peter Pan (2003),Action|Adventure|Children|Fantasy,316396,10601,movie
7165,"Company, The (2003)",Drama|Musical,335013,52036,movie
7167,Japanese Story (2003),Drama,304229,13433,movie
7169,Chasing Liberty (2004),Comedy|Romance,360139,14844,movie
7171,Aileen: Life and Death of a Serial Killer (2003),Documentary,364930,37088,movie
7173,Along Came Polly (2004),Comedy|Romance,343135,5966,movie
7175,Torque (2004),Action|Crime,329691,10718,movie
7176,Crimson Gold (Talaye sorgh) (2003),Drama,371280,40427,movie
7177,Osama (2003),Drama,368913,14757,movie
7178,"Great Gatsby, The (1974)",Drama,71577,11034,movie
7179,Wuthering Heights (1992),Drama|Romance,104181,25095,movie
7181,Ship of Fools (1965),Drama,59712,30080,movie
7184,This Property is Condemned (1966),Drama|Romance,61089,65012,movie
7190,Jane Eyre (1970),Drama,65911,131313,movie
7191,Blame It on the Bellboy (1992),Comedy,103827,34151,movie
7192,Only the Strong (1993),Action,107750,15797,movie
7193,"Adventures of Ford Fairlane, The (1990)",Action|Comedy,98987,9548,movie
7202,Beyond Re-Animator (2003),Horror,222812,11429,movie
7205,"Wind and the Lion, The (1975)",Adventure,73906,14815,movie
7206,Mon Oncle (My Uncle) (1958),Comedy,50706,427,movie
7208,Dr. Jekyll and Mr. Hyde (1941),Drama|Horror,33553,3022,movie
7209,"M. Hulot’s Holiday (Mr. Hulot's Holiday) (Vacances de Monsieur Hulot, Les) (1953)",Comedy,46487,778,movie
7211,People Will Talk (1951),Comedy|Romance,43915,23152,movie
7212,I Was a Male War Bride (1949),Comedy|Romance,41498,23567,movie
7215,To Have and Have Not (1944),Adventure|Drama|Romance|Thriller|War,37382,22584,movie
7216,High Sierra (1941),Crime|Drama|Film-Noir|Thriller,33717,27725,movie
7217,Dark Passage (1947),Crime|Drama|Film-Noir|Romance|Thriller,39302,16227,movie
7218,"Ox-Bow Incident, The (1943)",Drama|Western,36244,980,movie
7219,They Drive by Night (1940),Drama,33149,16933,movie
7222,Reefer Madness (a.k.a. Tell Your Children) (1938),Comedy|Drama,28346,37833,movie
7223,D.O.A. (1950),Drama|Film-Noir|Mystery,42369,18995,movie
7225,Pumping Iron (1977),Documentary,76578,5205,movie
7228,Cool World (1992),Animation|Comedy|Fantasy,104009,14239,movie
7234,"Strada, La (1954)",Drama,47528,405,movie
7235,Ichi the Killer (Koroshiya 1) (2001),Action|Comedy|Crime|Drama|Horror|Thriller,296042,9696,movie
7236,"Boy and His Dog, A (1975)",Sci-Fi,72730,4917,movie
7238,Ashes and Diamonds (Popiól i diament) (1958),Drama|War,52080,5055,movie
7243,Intolerance: Love's Struggle Throughout the Ages (1916),Drama,6864,3059,movie
7245,Tormented (1960),Horror|Thriller,54393,28586,movie
7247,Chitty Chitty Bang Bang (1968),Adventure|Children|Comedy|Fantasy|Musical,62803,11708,movie
7248,"Suriyothai (a.k.a. Legend of Suriyothai, The) (2001)",Action|Adventure|Drama|War,290879,27329,movie
7251,Where the Day Takes You (1992),Drama,105810,17736,movie
7254,The Butterfly Effect (2004),Drama|Sci-Fi|Thriller,289879,1954,movie
7255,Win a Date with Tad Hamilton! (2004),Comedy|Romance,335559,13476,movie
7256,Touching the Void (2003),Adventure|Documentary,379557,11194,movie
7257,"Big Bounce, The (2004)",Comedy|Crime|Thriller,315824,12634,movie
7258,"Perfect Score, The (2004)",Comedy|Crime,314498,13505,movie
7259,You Got Served (2004),Drama|Musical,365957,14114,movie
7260,Latter Days (2003),Comedy|Drama|Romance,345551,15708,movie
7261,Barbershop 2: Back in Business (2004),Comedy,337579,21301,movie
7262,Catch That Kid (2004),Action|Adventure|Children|Comedy|Crime,337917,20483,movie
7263,Miracle (2004),Drama,349825,14292,movie
7264,An Amazing Couple (2002),Comedy|Romance,234940,44539,movie
7265,"Dreamers, The (2003)",Drama,309987,1278,movie
7266,"Lost Skeleton of Cadavra, The (2002)",Comedy|Horror|Sci-Fi,307109,18841,movie
7282,"Hip Hop Witch, Da (2000)",Comedy|Horror|Thriller,245943,76176,movie
7285,Thirteen (2003),Drama,328538,11023,movie
7292,Best Defense (1984),Comedy|War,86955,11221,movie
7293,50 First Dates (2004),Comedy|Romance,343660,1824,movie
7294,Welcome to Mooseport (2004),Comedy,361925,16784,movie
7297,Kitchen Stories (Salmer fra kjøkkenet) (2003),Comedy|Drama,323872,11083,movie
7299,Monsieur Ibrahim (Monsieur Ibrahim et les fleurs du Coran) (2003),Drama,329388,337,movie
7301,Diary of a Country Priest (Journal d'un curé de campagne) (1951),Drama,42619,43376,movie
7302,"Thief of Bagdad, The (1924)",Action|Adventure|Fantasy,15400,28963,movie
7303,The Diary of Anne Frank (1959),Drama|War,52738,2576,movie
7304,Allegro non troppo (1977),Animation|Comedy|Fantasy|Musical,74121,22561,movie
7305,Black Widow (1987),Crime|Drama|Mystery|Thriller,90738,19345,movie
7306,"Herod's Law (Ley de Herodes, La) (2000)",Comedy|Crime|Mystery,221344,14430,movie
7307,Flesh & Blood (1985),Action|Adventure|Drama|War,89153,12775,movie
7308,King Solomon's Mines (1985),Adventure|Comedy,89421,9838,movie
7310,Raw Deal (1986),Action,91828,2099,movie
7311,"Goodbye, Mr. Chips (1939)",Drama|Romance,31385,42852,movie
7312,"Follow Me, Boys! (1966)",Comedy|Drama,60420,40454,movie
7315,Against the Ropes (2004),Comedy|Drama,312329,8842,movie
7316,Confessions of a Teenage Drama Queen (2004),Comedy,361467,11132,movie
7317,EuroTrip (2004),Adventure|Comedy,356150,9352,movie
7318,"Passion of the Christ, The (2004)",Drama,335345,615,movie
7319,Club Dread (2004),Comedy|Horror,331953,11217,movie
7320,Dirty Dancing: Havana Nights (2004),Romance,338096,10677,movie
7321,Twisted (2004),Thriller,315297,13572,movie
7323,"Good bye, Lenin! (2003)",Comedy|Drama,301357,338,movie
7324,Hidalgo (2004),Adventure|Drama,317648,2023,movie
7325,Starsky & Hutch (2004),Action|Comedy|Crime|Thriller,335438,9384,movie
7326,"Reckoning, The (2004)",Crime|Drama,258816,25935,movie
7327,Persona (1966),Drama,60827,797,movie
7328,"Passion of Anna, The (Passion, En) (1969)",Drama,64793,42602,movie
7333,"Corbeau, Le (Raven, The) (1943)",Crime|Drama|Thriller,35753,29084,movie
7335,Pickup on South Street (1953),Film-Noir,46187,25955,movie
7336,"Damned, The (La Caduta degli dei) (1969)",Drama|War,64118,41876,movie
7340,Just One of the Guys (1985),Comedy,89393,24548,movie
7344,"Wrong Arm of the Law, The (1963)",Comedy|Crime,56704,42989,movie
7345,Agent Cody Banks 2: Destination London (2004),Action|Adventure|Children|Comedy,358349,17047,movie
7346,"Girl Next Door, The (2004)",Comedy|Romance,265208,10591,movie
7347,Secret Window (2004),Mystery|Thriller,363988,1586,movie
7348,Spartan (2004),Thriller,360009,11169,movie
7349,Broken Wings (Knafayim Shvurot) (2002),Drama,317842,49689,movie
7352,Wilbur Wants to Kill Himself (2002),Comedy|Drama|Romance,329767,156,movie
7354,Mad Dog and Glory (1993),Comedy|Drama|Romance,107473,10433,movie
7357,Peyton Place (1957),Drama|Romance,50839,43236,movie
7360,Dawn of the Dead (2004),Action|Drama|Horror|Thriller,363547,924,movie
7361,Eternal Sunshine of the Spotless Mind (2004),Drama|Romance|Sci-Fi,338013,38,movie
7362,Taking Lives (2004),Crime|Drama|Thriller,364045,11081,movie
7364,Intermission (2003),Comedy|Crime|Drama,332658,16941,movie
7366,Jersey Girl (2004),Comedy|Drama|Romance,300051,9541,movie
7367,"Ladykillers, The (2004)",Comedy|Crime,335245,5516,movie
7368,Never Die Alone (2004),Crime|Drama|Thriller,354766,20304,movie
7369,Scooby-Doo 2: Monsters Unleashed (2004),Action|Adventure|Children|Comedy|Mystery,331632,11024,movie
7371,Dogville (2003),Drama|Mystery|Thriller,276919,553,movie
7372,Ned Kelly (2003),Drama,277941,10544,movie
7373,Hellboy (2004),Action|Adventure|Fantasy|Horror,167190,1487,movie
7375,"Prince & Me, The (2004)",Comedy|Romance,337697,11137,movie
7376,Walking Tall (2004),Action,351977,11358,movie
7377,"United States of Leland, The (2003)",Crime|Drama,301976,13573,movie
7379,The Alamo (2004),Drama|War|Western,318974,10733,movie
7380,Ella Enchanted (2004),Comedy|Fantasy|Romance,327679,14442,movie
7381,"Whole Ten Yards, The (2004)",Action|Comedy|Crime,327247,2122,movie
7382,I'm Not Scared (Io non ho paura) (2003),Drama|Mystery|Thriller,326977,25300,movie
7386,"Ten Commandments, The (1956)",Adventure|Drama,49833,6844,movie
7387,Dawn of the Dead (1978),Action|Drama|Horror,77402,923,movie
7390,Prey for Rock & Roll (2003),Drama|Musical,307351,28026,movie
7394,Those Magnificent Men in Their Flying Machines (1965),Action|Adventure|Comedy,59797,10338,movie
7395,Cheaper by the Dozen (1950),Comedy|Drama,42327,33839,movie
7396,Scenes From a Marriage (Scener ur ett äktenskap) (1973),Drama,70644,133919,movie
7411,Munchies (1987),Comedy|Horror,93582,4365,movie
7414,Going in Style (1979),Comedy|Drama,79219,65066,movie
7419,After Hours (1985),Comedy|Thriller,88680,10843,movie
7438,Kill Bill: Vol. 2 (2004),Action|Drama|Thriller,378194,393,movie
7439,"Punisher, The (2004)",Action|Crime|Thriller,330793,7220,movie
7440,Paper Clips (2004),Documentary,380615,33823,movie
7443,This So-Called Disaster (2003),Documentary,308488,126117,movie
7444,13 Going on 30 (2004),Comedy|Fantasy|Romance,337563,10096,movie
7445,Man on Fire (2004),Action|Crime|Drama|Mystery|Thriller,328107,9509,movie
7448,Envy (2004),Comedy,326856,10710,movie
7449,Godsend (2004),Drama|Horror|Thriller,335121,11058,movie
7450,Laws of Attraction (2004),Comedy|Romance,323033,11141,movie
7451,Mean Girls (2004),Comedy,377092,10625,movie
7454,Van Helsing (2004),Action|Adventure|Fantasy|Horror,338526,7131,movie
7455,"Mudge Boy, The (2003)",Drama,339419,26899,movie
7457,Breakin' All the Rules (2004),Comedy|Romance,349169,16428,movie
7458,Troy (2004),Action|Adventure|Drama|War,332452,652,movie
7459,Carandiru (2003),Crime|Drama,293007,8440,movie
7460,Coffee and Cigarettes (2003),Comedy|Drama,379217,883,movie
7477,Eye See You (D-Tox) (2002),Horror|Thriller,160184,10375,movie
7479,Watch on the Rhine (1943),Drama,36515,68440,movie
7481,Enemy Mine (1985),Adventure|Drama|Sci-Fi,89092,11864,movie
7482,Enter the Dragon (1973),Action|Crime,70034,9461,movie
7486,Happy Together (a.k.a. Buenos Aires Affair) (Chun gwong cha sit) (1997),Drama|Romance,118845,18329,movie
7487,Henry & June (1990),Drama,99762,17993,movie
7492,Martin (1977),Drama|Horror,77914,26517,movie
7493,"Three Faces of Eve, The (1957)",Drama,51077,28285,movie
7541,100 Girls (2000),Comedy|Romance,214388,10035,movie
7560,Fail-Safe (1964),Drama|Thriller|War,58083,502,movie
7561,Paperhouse (1988),Fantasy|Horror|Thriller,98061,41965,movie
7562,Dobermann (1997),Action|Crime,118996,10347,movie
7564,Kwaidan (Kaidan) (1964),Horror,58279,30959,movie
7566,28 Up (1985),Documentary,88650,20561,movie
7569,You Only Live Twice (1967),Action|Adventure|Sci-Fi|Thriller,62512,667,movie
7570,Octopussy (1983),Action|Adventure|Thriller,86034,700,movie
7572,Wit (2001),Drama,243664,26976,movie
7573,Never Say Never Again (1983),Action|Adventure|Thriller,86006,36670,movie
7579,Pride and Prejudice (1940),Comedy|Drama|Romance,32943,43818,movie
7581,"Fountainhead, The (1949)",Drama,41386,24650,movie
7584,Woman of the Year (1942),Comedy|Romance,35567,20640,movie
7587,"Samouraï, Le (Godson, The) (1967)",Crime|Drama|Thriller,62229,5511,movie
7614,Oklahoma! (1955),Musical|Romance|Western,48445,13936,movie
7615,Desert Hearts (1985),Drama,89015,294,movie
7616,Body Double (1984),Mystery|Thriller,86984,11507,movie
7618,Chaplin (1992),Drama,103939,10435,movie
7619,"Miracle Worker, The (1962)",Drama,56241,1162,movie
7620,Monster in a Box (1992),Comedy|Drama,102467,34328,movie
7624,School Ties (1992),Drama,105327,14684,movie
7636,Raising Cain (1992),Horror|Thriller,105217,13937,movie
7646,Rose Red (2002),Horror|Mystery|Thriller,259153,19654,tv
7647,Noises Off... (1992),Comedy,105017,26670,movie
7649,Babylon 5: In the Beginning (1998),Adventure|Sci-Fi,120711,10940,movie
7650,"Witchfinder General (Conquerer Worm, The) (1968)",Horror,63285,31965,movie
7657,Versus (2000),Action|Comedy|Fantasy|Horror,275773,5842,movie
7669,Pride and Prejudice (1995),Drama|Romance,112130,1457,tv
7698,"China Syndrome, The (1979)",Drama|Thriller,78966,988,movie
7700,"Wages of Fear, The (Salaire de la peur, Le) (1953)",Action|Adventure|Drama|Thriller,46268,204,movie
7701,Look Who's Talking Too (1990),Comedy|Romance,100050,9356,movie
7702,"Bells of St. Mary's, The (1945)",Drama,37536,32430,movie
7704,"Delta Force, The (1986)",Action,90927,16113,movie
7705,Pat and Mike (1952),Comedy|Romance,45012,33575,movie
7706,Animal Crackers (1930),Comedy|Musical,20640,13913,movie
7707,"He Said, She Said (1991)",Comedy|Drama|Romance,102011,17956,movie
7708,Bedazzled (1967),Comedy|Fantasy,61391,18209,movie
7713,Cat People (1942),Drama|Horror|Romance|Thriller,34587,25508,movie
7714,Camelot (1967),Drama|Musical|Romance,61439,18978,movie
7716,"Lonely Guy, The (1984)",Comedy,87635,27171,movie
7720,"Four Musketeers, The (1974)",Action|Adventure|Comedy|Romance,73012,12310,movie
7727,Protocol (1984),Comedy,87951,37296,movie
7728,"Postman Always Rings Twice, The (1946)",Crime|Drama|Film-Noir|Thriller,38854,25736,movie
7730,Matinee (1993),Comedy|Drama,107529,25389,movie
7742,Baxter (1989),Drama|Horror,94713,52794,movie
7743,Explorers (1985),Adventure|Children|Sci-Fi,89114,9872,movie
7745,"Scent of Green Papaya, The (Mùi du du xhan - L'odeur de la papaye verte) (1993)",Drama,107617,19552,movie
7748,Pierrot le fou (1965),Crime|Drama,59592,2786,movie
7749,Weekend (a.k.a. Le Week-end) (Week End) (1967),Drama,62480,8075,movie
7753,Tuesdays with Morrie (1999),Drama,207805,26133,movie
7756,Alexander Nevsky (Aleksandr Nevskiy) (1938),Action|Drama|War,29850,10235,movie
7757,Jason and the Argonauts (1963),Action|Adventure|Fantasy,57197,11533,movie
7762,"Tinker, Tailor, Soldier, Spy (1979)",Drama|Thriller,80297,35430,tv
7766,Throne of Blood (Kumonosu jô) (1957),Action|Drama|Thriller|War,50613,3777,movie
7767,"Best of Youth, The (La meglio gioventù) (2003)",Drama,346336,11659,movie
7772,Undercurrent (1946),Film-Noir|Thriller,39066,44098,movie
7773,"Bang, Bang, You're Dead (2002)",Drama,288439,16876,movie
7781,Twister (1990),Comedy,96321,77780,movie
7782,Sniper (1993),Action|Drama,108171,9545,movie
7786,Genghis Blues (1999),Documentary,187859,28030,movie
7789,"11'09""01 - September 11 (2002)",Drama,328802,1926,movie
7792,"Parallax View, The (1974)",Thriller,71970,17365,movie
7802,"Warriors, The (1979)",Action|Adventure|Crime|Thriller,80120,11474,movie
7810,Babylon 5: A Call to Arms (1999),Adventure|Sci-Fi,146455,10916,movie
7811,Babylon 5: The River of Souls (1998),Drama|Sci-Fi,146247,10921,movie
7812,Babylon 5: Thirdspace (1998),Drama|Sci-Fi,121804,10941,movie
7815,True Stories (1986),Comedy|Musical,92117,24798,movie
7820,"Virgin Spring, The (Jungfrukällan) (1960)",Crime|Drama,53976,11656,movie
7822,Mogambo (1953),Adventure|Drama|Romance,46085,25009,movie
7826,"Secret Life of Walter Mitty, The (1947)",Comedy|Romance|Thriller,39808,40092,movie
7831,Another Thin Man (1939),Comedy|Crime|Drama|Mystery|Romance,31047,14589,movie
7832,"Thin Man Goes Home, The (1945)",Comedy|Crime|Mystery,37365,14594,movie
7833,Shadow of the Thin Man (1941),Comedy|Crime|Mystery,34172,14590,movie
7834,After the Thin Man (1936),Comedy|Crime|Mystery|Romance,27260,14588,movie
7835,Song of the Thin Man (1947),Comedy|Crime|Drama|Musical|Mystery|Romance,39853,14595,movie
7839,Love Crazy (1941),Comedy,33852,20644,movie
7840,Gunga Din (1939),Adventure|Comedy|War,31398,24965,movie
7841,Children of Dune (2003),Fantasy|Sci-Fi,287839,9156,tv
7842,Dune (2000),Drama|Fantasy|Sci-Fi,142032,19566,tv
7843,Lammbock (2001),Comedy,258760,1583,movie
7844,"Legend, The (Legend of Fong Sai-Yuk, The) (Fong Sai Yuk) (1993)",Action|Comedy,106936,17653,movie
7845,Tremors II: Aftershocks (1996),Comedy|Horror|Sci-Fi,114720,11069,movie
7846,Tremors 3: Back to Perfection (2001),Comedy|Horror|Sci-Fi,259685,10829,movie
7879,Notorious C.H.O. (2002),Comedy,300274,57946,movie
7882,The Plague of the Zombies (1966),Horror,60841,29049,movie
7883,I Walked with a Zombie (1943),Drama|Horror,36027,27130,movie
7884,Highway 61 (1991),Comedy,102035,8468,movie
7888,How to Succeed in Business Without Really Trying (1967),Comedy|Musical,61791,22682,movie
7889,Pat Garrett and Billy the Kid (1973),Western,70518,11577,movie
7891,"Last Man on Earth, The (Ultimo uomo della Terra, L') (1964)",Drama|Horror|Sci-Fi,58700,21159,movie
7894,"Duck, You Sucker (1971)",Action|Western,67140,336,movie
7895,Bring Me the Head of Alfredo Garcia (1974),Crime|Drama|Thriller,71249,11942,movie
7896,Ride the High Country (1962),Adventure|Drama|Western,56412,36206,movie
7899,Master of the Flying Guillotine (Du bi quan wang da po xue di zi) (1975),Action,72913,49636,movie
7900,Frankenstein Must Be Destroyed (1969),Drama|Horror|Sci-Fi,65738,3075,movie
7916,Gidget (1959),Comedy,52847,43096,movie
7920,Desperate Living (1977),Comedy|Crime,75936,14262,movie
7924,Stray Dog (Nora inu) (1949),Drama|Film-Noir|Thriller,41699,30368,movie
7925,"Hidden Fortress, The (Kakushi-toride no san-akunin) (1958)",Action|Adventure,51808,1059,movie
7926,High and Low (Tengoku to jigoku) (1963),Crime|Drama|Film-Noir|Thriller,57565,12493,movie
7930,"People Under the Stairs, The (1991)",Horror|Mystery|Thriller,105121,13122,movie
7932,Dark Days (2000),Documentary,235327,14273,movie
7934,Zelig (1983),Comedy,86637,11030,movie
7936,Shame (Skammen) (1968),Drama|War,63611,26372,movie
7937,"Silence, The (Tystnaden) (1963)",Drama,57611,11506,movie
7938,Winter Light (Nattvardsgästerna) (1963),Drama,57358,29455,movie
7939,Through a Glass Darkly (Såsom i en spegel) (1961),Drama,55499,11602,movie
7940,The Magician (1958),Drama,51365,29453,movie
7943,"Killers, The (1946)",Crime|Film-Noir,38669,14638,movie
7944,"Night of the Iguana, The (1964)",Drama|Thriller,58404,14703,movie
7951,Nightbreed (1990),Fantasy|Horror,100260,20481,movie
7976,Ken Park (2002),Drama,209077,7090,movie
7979,Monterey Pop (1968),Documentary|Musical,64689,42632,movie
7980,"Bridge Too Far, A (1977)",Action|Drama|War,75784,5902,movie
7981,Infernal Affairs (Mou gaan dou) (2002),Crime|Drama|Thriller,338564,10775,movie
7982,"Tale of Two Sisters, A (Janghwa, Hongryeon) (2003)",Drama|Horror|Mystery|Thriller,365376,4552,movie
7983,Broadway Danny Rose (1984),Comedy,87003,12762,movie
7984,From Beyond (1986),Horror|Sci-Fi,91083,14510,movie
7986,Robot Jox (1990),Sci-Fi,102800,15618,movie
7987,Dolls (1987),Horror,92906,24341,movie
7988,Space Truckers (1996),Comedy|Sci-Fi,120199,10690,movie
7991,Death Race 2000 (1975),Action|Sci-Fi,72856,13282,movie
7993,"Bucket Of Blood, A (1959)",Comedy|Horror,52655,22642,movie
8008,Brigadoon (1954),Fantasy|Musical|Romance,46807,18283,movie
8010,"Power of One, The (1992)",Drama,105159,13823,movie
8011,"Weather Underground, The (2002)",Documentary,343168,14108,movie
8012,Kikujiro (Kikujirô no natsu) (1999),Comedy|Drama,199683,4291,movie
8014,"Spring, Summer, Fall, Winter... and Spring (Bom yeoreum gaeul gyeoul geurigo bom) (2003)",Drama,374546,113,movie
8015,"Phantom Tollbooth, The (1970)",Adventure|Animation|Children|Fantasy,64806,28476,movie
8016,"Getaway, The (1972)",Action|Crime|Drama|Thriller,68638,5916,movie
8019,Dark Water (Honogurai mizu no soko kara) (2002),Drama|Horror|Mystery|Thriller,308379,12205,movie
8024,"Thing Called Love, The (1993)",Comedy|Drama|Romance,108327,27804,movie
8025,The Thief (1997),Drama,124207,46187,movie
8033,How to Steal a Million (1966),Comedy|Crime|Romance,60522,3001,movie
8035,"Stendhal Syndrome, The (Sindrome di Stendhal, La) (1996)",Crime|Horror|Thriller,117658,39434,movie
8042,Mean Streets (1973),Crime|Drama,70379,203,movie
8043,Jack the Bear (1993),Comedy|Drama,107247,38749,movie
8044,I Am a Fugitive from a Chain Gang (1932),Crime|Drama|Film-Noir,23042,29740,movie
8045,Hamburger Hill (1987),Action|Drama|War,93137,10652,movie
8057,Sweet Bird of Youth (1962),Drama,56541,33632,movie
8092,Frankenstein Unbound (1990),Drama|Horror|Sci-Fi,99612,3072,movie
8093,Shiri (Swiri) (1999),Action|Drama|Romance|Thriller,192657,10355,movie
8094,Bad Day at Black Rock (1955),Drama|Thriller|Western,47849,14554,movie
8117,In China They Eat Dogs (I Kina spiser de hunde) (1999),Action|Comedy,180748,250,movie
8118,Delta Force 2 (Delta Force 2: The Colombian Connection) (1990),Action|Adventure|Thriller|War,99399,19086,movie
8119,Crossroads (1986),Drama,90888,15392,movie
8121,"Seducing Doctor Lewis (Grande séduction, La) (2003)",Comedy,366532,41277,movie
8125,Sunrise: A Song of Two Humans (1927),Drama|Romance,18455,631,movie
8126,Shock Corridor (1963),Drama,57495,25504,movie
8128,Au revoir les enfants (1987),Drama,92593,1786,movie
8131,Pursuit of Happiness (2001),Comedy|Romance,243508,210937,movie
8132,Gladiator (1992),Action|Drama,104346,16219,movie
8136,Indestructible Man (1956),Crime|Horror|Sci-Fi,49363,48385,movie
8137,"Wasp Woman, The (1959)",Horror|Sci-Fi,54462,27545,movie
8138,Attack of the Giant Leeches (1959),Horror|Sci-Fi,53611,22718,movie
8142,Dead or Alive: Hanzaisha (1999),Action|Crime,221111,11315,movie
8143,Lola Montès (1955),Drama,48308,35987,movie
8147,Charly (1968),Drama|Sci-Fi,62794,29146,movie
8153,Lust for Life (1956),Drama,49456,29592,movie
8154,"Dolce Vita, La (1960)",Drama,53779,439,movie
8157,Jin Roh: The Wolf Brigade (Jin-Rô) (1998),Animation|Fantasy|Thriller,193253,823,movie
8158,Rush (1991),Crime|Drama,102820,20289,movie
8167,Captain Blood (1935),Action|Adventure|Romance,26174,16905,movie
8169,*batteries not included (1987),Children|Comedy|Fantasy|Sci-Fi,92494,11548,movie
8183,Educating Rita (1983),Comedy|Drama,85478,38291,movie
8188,Sansho the Bailiff (Sanshô dayû) (1954),Drama,47445,20532,movie
8189,Zazie dans le métro (1960),Comedy,54494,2546,movie
8190,"Americanization of Emily, The (1964)",Comedy|Drama|War,57840,42791,movie
8191,Anne of the Thousand Days (1969),Drama,64030,22522,movie
8195,"Avventura, L' (Adventure, The) (1960)",Drama|Mystery|Romance,53619,5165,movie
8196,Beyond the Valley of the Dolls (1970),Comedy|Horror,65466,5722,movie
8197,Hiroshima Mon Amour (1959),Drama|Romance|War,52893,5544,movie
8199,Ugetsu (Ugetsu monogatari) (1953),Drama|Thriller,46478,14696,movie
8207,"Day of the Jackal, The (1973)",Crime|Thriller,69947,4909,movie
8225,Night of the Living Dead (1990),Horror,100258,19185,movie
8228,"Maltese Falcon, The (a.k.a. Dangerous Female) (1931)",Mystery,22111,28257,movie
8232,I Love You Again (1940),Comedy|Drama,32617,20643,movie
8235,Safety Last! (1923),Action|Comedy|Romance,14429,22596,movie
8236,While the City Sleeps (1956),Drama|Film-Noir,49949,36786,movie
8238,Little Murders (1971),Comedy|Crime,67350,27459,movie
8239,Viridiana (1961),Comedy|Drama,55601,4497,movie
8241,Masterminds (1997),Action|Comedy|Thriller,119630,25224,movie
8253,Lupin III: The Castle Of Cagliostro (Rupan sansei: Kariosutoro no shiro) (1979),Action|Adventure|Animation|Comedy|Crime|Mystery,79833,15371,movie
8254,Arizona Dream (1993),Comedy|Drama|Fantasy|Romance,106307,11044,movie
8261,3 Women (Three Women) (1977),Drama,75612,41662,movie
8264,Grey Gardens (1975),Documentary,73076,17346,movie
8266,Purple Rain (1984),Drama|Musical,87957,13763,movie
8268,Point of No Return (1993),Action|Thriller,107843,10498,movie
8270,"Hairdresser's Husband, The (Le mari de la coiffeuse) (1990)",Comedy|Drama|Romance,100112,11796,movie
8275,College (1927),Comedy,17765,34847,movie
8290,Mitchell (1975),Action|Crime,73396,32303,movie
8293,Used People (1992),Comedy|Drama,105706,41779,movie
8302,"Front Page, The (1931)",Comedy|Drama|Romance,21890,42814,movie
8327,Dolls (2002),Drama|Romance,330229,870,movie
8331,"Man Who Came to Dinner, The (1942)",Comedy,33874,26319,movie
8335,Make Way for Tomorrow (1937),Drama,29192,41059,movie
8336,"Major and the Minor, The (1942)",Comedy|Romance,35019,39871,movie
8337,"Caine Mutiny, The (1954)",Drama|War,46816,10178,movie
8338,Black Narcissus (1947),Drama,39192,16391,movie
8340,Escape from Alcatraz (1979),Drama|Thriller,79116,10734,movie
8341,Oliver Twist (1948),Adventure|Crime|Drama,40662,10949,movie
8360,Shrek 2 (2004),Adventure|Animation|Children|Comedy|Musical|Romance,298148,809,movie
8361,"Day After Tomorrow, The (2004)",Action|Adventure|Drama|Sci-Fi|Thriller,319262,435,movie
8362,Raising Helen (2004),Comedy|Drama|Romance,350028,4599,movie
8363,Soul Plane (2004),Comedy,367085,12657,movie
8364,Baadasssss! (How to Get the Man's Foot Outta Your Ass) (2003),Drama,367790,28219,movie
8366,Saved! (2004),Comedy|Drama,332375,13193,movie
8368,Harry Potter and the Prisoner of Azkaban (2004),Adventure|Fantasy|IMAX,304141,673,movie
8369,Mindhunters (2004),Action|Crime|Horror|Mystery|Thriller,297284,16617,movie
8370,"Blind Swordsman: Zatoichi, The (Zatôichi) (2003)",Action|Comedy|Crime|Drama,363226,246,movie
8371,"Chronicles of Riddick, The (2004)",Action|Sci-Fi|Thriller,296572,2789,movie
8372,Garfield: The Movie (2004),Animation|Children|Comedy,356634,8920,movie
8373,"Stepford Wives, The (2004)",Comedy|Fantasy|Thriller,327162,9890,movie
8375,"Hunting of the President, The (2004)",Documentary,391225,26254,movie
8376,Napoleon Dynamite (2004),Comedy,374900,8193,movie
8378,"Doctor, The (1991)",Drama,101746,26142,movie
8379,"Dresser, The (1983)",Drama,85461,42122,movie
8380,Father Hood (1993),Comedy,106877,65137,movie
8382,Hello Again (1987),Comedy,93175,35151,movie
8383,Hope Springs (2003),Comedy|Romance,314431,21544,movie
8385,Lover Come Back (1961),Comedy|Romance,55100,40894,movie
8387,Police Academy: Mission to Moscow (1994),Comedy|Crime,110857,11546,movie
8391,Big Wednesday (1978),Comedy|Drama,77235,18387,movie
8402,Book of Love (1990),Comedy|Romance,99166,52560,movie
8405,Hour of the Wolf (Vargtimmen) (1968),Drama|Horror,63759,18333,movie
8410,Suddenly (1954),Crime|Drama|Film-Noir,47542,18398,movie
8424,"Divorcee, The (1930)",Drama|Romance,20827,80708,movie
8425,Meet the Applegates (1991),Comedy,100129,76516,movie
8426,Robot Carnival (Roboto kânibauru) (1987),Animation|Comedy|Drama|Fantasy|Sci-Fi,93871,33441,movie
8427,Americathon (1979),Comedy|Sci-Fi,78766,47819,movie
8446,Sands of Iwo Jima (1949),Action|Drama|Romance|War,41841,18712,movie
8447,This Island Earth (1955),Sci-Fi,47577,831,movie
8450,Anthony Adverse (1936),Adventure|Romance,27300,37658,movie
8451,Blackboard Jungle (1955),Drama,47885,26516,movie
8454,Luna Papa (1999),Comedy|Drama|Fantasy,170259,10573,movie
8456,Investigation of a Citizen Above Suspicion (Indagine su un cittadino al di sopra di ogni sospetto) (1970),Crime|Drama|Thriller,65889,26451,movie
8458,To Each His Own (1946),Drama,39040,54568,movie
8459,"Heiress, The (1949)",Drama|Romance,41452,28571,movie
8461,Dragon Seed (1944),Drama|War,36777,123665,movie
8462,Executive Suite (1954),Drama,46963,43336,movie
8463,Johnny Belinda (1948),Drama,40495,62000,movie
8464,Super Size Me (2004),Comedy|Documentary|Drama,390521,9372,movie
8465,Johnny Eager (1942),Crime|Drama|Film-Noir|Romance,33774,41495,movie
8477,"Jetée, La (1962)",Romance|Sci-Fi,56119,662,movie
8481,Northwest Passage (1940),Action|Adventure|Drama|Romance|Thriller|Western,32851,43805,movie
8482,"Picture of Dorian Gray, The (1945)",Drama|Fantasy|Horror,37988,16559,movie
8484,"Human Condition I, The (Ningen no joken I) (1959)",Drama|War,53114,31217,movie
8487,Please Don't Eat the Daisies (1960),Children|Comedy|Musical,54188,19414,movie
8491,White Heat (1949),Crime|Drama|Film-Noir,42041,15794,movie
8492,"Christmas Carol, A (Scrooge) (1951)",Drama|Fantasy,44008,13188,movie
8493,Memphis Belle (1990),Action|Drama|War,100133,12651,movie
8494,"Cincinnati Kid, The (1965)",Drama,59037,886,movie
8495,Animal Factory (2000),Crime|Drama,204137,9791,movie
8500,Godzilla vs. Mechagodzilla (Gojira tai Mekagojira) (1974),Action|Horror|Sci-Fi,71565,38582,movie
8501,"Hitcher, The (1986)",Action|Thriller,91209,9542,movie
8502,Show Boat (1951),Drama|Musical|Romance,44030,17820,movie
8506,Fear X (2003),Mystery|Thriller,289944,37696,movie
8507,Freaks (1932),Crime|Drama|Horror,22913,136,movie
8511,"Immigrant, The (1917)",Comedy,8133,47653,movie
8512,Silent Movie (1976),Comedy,75222,10970,movie
8518,Anna Christie (1930),Drama,20641,42812,movie
8521,Dr. Jekyll and Mr. Hyde (1931),Drama|Horror,22835,3019,movie
8526,Around the World in 80 Days (2004),Adventure|Children|Comedy,327437,10204,movie
8528,Dodgeball: A True Underdog Story (2004),Comedy,364725,9472,movie
8529,"Terminal, The (2004)",Comedy|Drama|Romance,362227,594,movie
8530,Dear Frankie (2004),Drama|Romance,377752,8981,movie
8531,White Chicks (2004),Action|Comedy|Crime,381707,12153,movie
8532,"Door in the Floor, The (2004)",Drama,348593,1944,movie
8533,"Notebook, The (2004)",Drama|Romance,332280,11036,movie
8534,Two Brothers (Deux frères) (2004),Adventure|Children|Drama,338512,1997,movie
8535,De-Lovely (2004),Drama|Musical,352277,15237,movie
8542,"Day at the Races, A (1937)",Comedy|Musical,28772,11939,movie
8571,Bob & Carol & Ted & Alice (1969),Comedy|Drama,64100,26520,movie
8574,"Claymation Christmas Celebration, A (1987)",Animation|Children|Comedy|Musical,272045,21386,movie
8575,"Happenstance (Battement d'ailes du papillon, Le) (2001)",Comedy|Drama,243135,24908,movie
8577,Comandante (2003),Documentary,342213,25783,movie
8578,Undead (2003),Action|Comedy|Horror|Sci-Fi,339840,8991,movie
8580,Into the Woods (1991),Adventure|Comedy|Fantasy|Musical,99851,23378,movie
8581,Pirates of Silicon Valley (1999),Documentary|Drama,168122,3293,movie
8582,Manufacturing Consent: Noam Chomsky and the Media (1992),Documentary|War,104810,36947,movie
8587,Mayor of the Sunset Strip (2003),Documentary,230512,61487,movie
8588,Killing Me Softly (2002),Drama|Mystery|Romance|Thriller,250468,14365,movie
8591,"Philadelphia Experiment, The (1984)",Adventure|Drama|Sci-Fi,87910,10606,movie
8593,Juice (1992),Action|Crime|Drama|Thriller,104573,16136,movie
8596,Revenge of the Pink Panther (1978),Comedy|Crime,78163,6081,movie
8600,Angels with Dirty Faces (1938),Crime|Drama|Film-Noir|Thriller,29870,13696,movie
8601,Zero de conduite (Zero for Conduct) (Zéro de conduite: Jeunes diables au collège) (1933),Comedy|Drama,24803,44494,movie
8604,Taxi (1998),Action|Comedy,152930,2330,movie
8605,Taxi 3 (2003),Action|Comedy,295721,2334,movie
8607,Tokyo Godfathers (2003),Adventure|Animation|Drama,388473,13398,movie
8609,Our Hospitality (1923),Comedy,14341,701,movie
8610,All of Me (1984),Comedy|Fantasy,86873,10631,movie
8611,"Farmer's Daughter, The (1947)",Comedy,39370,43466,movie
8614,Overboard (1987),Comedy|Romance,93693,10780,movie
8617,Butterfield 8 (1960),Drama,53622,23724,movie
8620,"Exterminating Angel, The (Ángel exterminador, El) (1962)",Comedy|Drama|Fantasy|Mystery,56732,29264,movie
8622,Fahrenheit 9/11 (2004),Documentary,361596,1777,movie
8623,Roxanne (1987),Comedy|Romance,93886,11584,movie
8626,Dr. Terror's House of Horrors (1965),Horror|Sci-Fi,59125,26811,movie
8632,Secret Society (2002),Comedy,217788,161080,movie
8633,"Last Starfighter, The (1984)",Action|Adventure|Comedy|Sci-Fi,87597,11884,movie
8636,Spider-Man 2 (2004),Action|Adventure|Sci-Fi|IMAX,316654,558,movie
8638,Before Sunset (2004),Drama|Romance,381681,80,movie
8640,King Arthur (2004),Action|Adventure|Drama|War,349683,9477,movie
8641,Anchorman: The Legend of Ron Burgundy (2004),Comedy,357413,8699,movie
8643,"Cinderella Story, A (2004)",Comedy|Romance,356470,11247,movie
8644,"I, Robot (2004)",Action|Adventure|Sci-Fi|Thriller,343818,2048,movie
8645,"Maria Full of Grace (Maria, Llena eres de gracia) (2004)",Crime|Drama,390221,436,movie
8650,Long Day's Journey Into Night (1962),Drama,56196,43004,movie
8656,"Short Film About Killing, A (Krótki film o zabijaniu) (1988)",Crime|Drama,95468,10754,movie
8665,"Bourne Supremacy, The (2004)",Action|Crime|Thriller,372183,2502,movie
8666,Catwoman (2004),Action|Crime|Fantasy,327554,314,movie
8667,A Home at the End of the World (2004),Drama|Romance,359423,18923,movie
8670,"Testament of Dr. Mabuse, The (Das Testament des Dr. Mabuse) (1933)",Crime|Horror|Mystery|Thriller,23563,12206,movie
8677,Flash Gordon Conquers the Universe (1940),Action|Sci-Fi,32475,68064,movie
8684,"Man Escaped, A (Un  condamné à mort s'est échappé ou Le vent souffle où il veut) (1956)",Adventure|Drama,49902,15244,movie
8685,"Miracle of Marcelino, The (Marcelino pan y vino) (1955)",Comedy|Drama,47216,62395,movie
8690,Slaughterhouse-Five (1972),Comedy|Drama|Sci-Fi|War,69280,24559,movie
8695,"Bachelor and the Bobby-Soxer, The (1947)",Comedy,39169,27437,movie
8711,Mr. Blandings Builds His Dream House (1948),Comedy,40613,32294,movie
8712,My Favorite Wife (1940),Comedy|Romance,29284,41463,movie
8713,"New Adventures of Pippi Longstocking, The (1988)",Adventure|Children|Fantasy|Musical,93744,19051,movie
8714,Night and Day (1946),Drama|Musical,38776,43485,movie
8718,"Snake Pit, The (1948)",Drama,40806,62694,movie
8720,"Super, The (1991)",Comedy,103007,53287,movie
8724,"Leopard, The (Gattopardo, Il) (1963)",Drama|War,57091,1040,movie
8727,"Day of the Locust, The (1975)",Drama,72848,5122,movie
8730,To End All Wars (2001),Action|Drama|War,243609,1783,movie
8738,"Woman Is a Woman, A (femme est une femme, Une) (1961)",Comedy|Drama|Musical|Romance,55572,31522,movie
8743,Biggles (1986),Adventure|Fantasy|Sci-Fi,90729,22976,movie
8748,"Yesterday, Today and Tomorrow (Ieri, oggi, domani) (1963)",Comedy,57171,42801,movie
8753,Unprecedented: The 2000 Presidential Election (2002),Documentary,346091,41316,movie
8754,"Prime of Miss Jean Brodie, The (1969)",Drama,64840,5179,movie
8755,My Voyage to Italy (Il mio viaggio in Italia) (1999),Documentary,173772,53198,movie
8765,This Gun for Hire (1942),Crime|Film-Noir|Thriller,35432,16703,movie
8771,Sherlock Holmes: Terror by Night (1946),Crime|Mystery|Thriller,39017,20408,movie
8772,"Spy Who Came in from the Cold, The (1965)",Drama|Thriller,59749,13580,movie
8773,Sherlock Holmes and the Secret Weapon (1942),Crime|Mystery|Thriller,35317,18706,movie
8774,Sherlock Holmes: The Woman in Green (1945),Mystery,38259,34327,movie
8778,Sherlock Holmes: Dressed to Kill (1946),Crime|Mystery,38494,20417,movie
8781,"Manchurian Candidate, The (2004)",Thriller,368008,14462,movie
8782,Thunderbirds (2004),Action|Adventure|Fantasy|Sci-Fi,167456,14623,movie
8783,"Village, The (2004)",Drama|Mystery|Thriller,368447,6947,movie
8784,Garden State (2004),Comedy|Drama|Romance,333766,401,movie
8795,Musa the Warrior (Musa) (2001),Action|Adventure|Drama|War,275083,23305,movie
8796,"Funny Thing Happened on the Way to the Forum, A (1966)",Comedy|Musical,60438,17768,movie
8798,Collateral (2004),Action|Crime|Drama|Thriller,369339,1538,movie
8799,Little Black Book (2004),Comedy|Romance,361841,14846,movie
8800,Code 46 (2003),Romance|Sci-Fi,345061,2577,movie
8804,"Story of Women (Affaire de femmes, Une) (1988)",Drama,96336,41975,movie
8807,Harold and Kumar Go to White Castle (2004),Adventure|Comedy,366551,11282,movie
8808,"Princess Diaries 2: Royal Engagement, The (2004)",Comedy|Romance,368933,11130,movie
8809,Danny Deckchair (2003),Comedy|Romance,337960,14389,movie
8810,AVP: Alien vs. Predator (2004),Action|Horror|Sci-Fi|Thriller,370263,395,movie
8813,We Don't Live Here Anymore (2004),Drama,361309,23601,movie
8814,Without a Paddle (2004),Comedy,364751,10762,movie
8815,Exorcist: The Beginning (2004),Horror|Thriller,204313,11026,movie
8827,"Bill Cosby, Himself (1983)",Comedy|Documentary,83652,20120,movie
8830,Anacondas: The Hunt for the Blood Orchid (2004),Adventure|Drama|Horror|Sci-Fi|Thriller,366174,11237,movie
8831,Suspect Zero (2004),Crime|Thriller,324127,8080,movie
8832,Warriors of Heaven and Earth (Tian di ying xiong) (2003),Action|Adventure|Drama,374330,14797,movie
8833,Vanity Fair (2004),Drama|Romance,241025,11632,movie
8835,Paparazzi (2004),Drama|Thriller,338325,15644,movie
8836,Wicker Park (2004),Drama|Romance|Thriller,324554,11208,movie
8838,Alice Doesn't Live Here Anymore (1974),Drama|Romance,71115,16153,movie
8840,Who's That Knocking at My Door? (1967),Drama,63803,42694,movie
8844,Camera Buff (Amator) (1979),Drama,78763,42164,movie
8848,"Vitelloni, I (a.k.a. The Young and the Passionate) (1953)",Drama,46521,12548,movie
8860,Cellular (2004),Action|Crime|Drama|Mystery|Thriller,337921,9759,movie
8861,Resident Evil: Apocalypse (2004),Action|Horror|Sci-Fi|Thriller,318627,1577,movie
8864,Mr. 3000 (2004),Comedy|Drama,339412,16232,movie
8865,Sky Captain and the World of Tomorrow (2004),Action|Adventure|Sci-Fi,346156,5137,movie
8866,Wimbledon (2004),Comedy|Romance,360201,11823,movie
8869,First Daughter (2004),Comedy|Romance,361620,13969,movie
8870,"Forgotten, The (2004)",Drama|Mystery|Sci-Fi|Thriller,356618,10145,movie
8873,"Motorcycle Diaries, The (Diarios de motocicleta) (2004)",Adventure|Drama,318462,1653,movie
8874,Shaun of the Dead (2004),Comedy|Horror,365748,747,movie
8875,"Come Back, Little Sheba (1952)",Drama,44509,84214,movie
8879,Murder on the Orient Express (1974),Crime|Mystery|Thriller,71877,4176,movie
8880,Mask (1985),Drama,89560,11177,movie
8894,Orca: The Killer Whale (1977),Action|Drama|Horror|Thriller,76504,12707,movie
8905,1492: Conquest of Paradise (1992),Adventure|Drama,103594,1492,movie
8906,Cannibal Holocaust (1980),Horror,78935,8689,movie
8907,Shark Tale (2004),Animation|Children|Comedy,307453,10555,movie
8908,Ladder 49 (2004),Action|Drama|Thriller,349710,11128,movie
8910,I Heart Huckabees (2004),Comedy,356721,1599,movie
8911,Raise Your Voice (2004),Romance,361696,14024,movie
8912,Taxi (2004),Action|Comedy,316732,11045,movie
8914,Primer (2004),Drama|Sci-Fi,390384,14337,movie
8915,Stage Beauty (2004),Drama,368658,26108,movie
8916,Shall We Dance? (2004),Comedy|Romance,358135,4380,movie
8917,Team America: World Police (2004),Action|Adventure|Animation|Comedy,372588,3989,movie
8918,Eulogy (2004),Comedy|Crime|Drama,349416,16358,movie
8919,P.S. (2004),Comedy|Drama|Fantasy|Romance,380609,25313,movie
8920,"Country Girl, The (1954)",Drama,46874,2438,movie
8921,"Rose Tattoo, The (1955)",Drama|Romance,48563,65550,movie
8928,"Fearless Vampire Killers, The (1967)",Comedy|Horror,61655,3053,movie
8933,"Decline of the American Empire, The (Déclin de l'empire américain, Le) (1986)",Comedy|Drama,90985,18499,movie
8934,Bebe's Kids (1992),Animation|Children|Comedy,103783,36616,movie
8937,Friday Night Lights (2004),Action|Drama,390022,13416,movie
8938,Tarnation (2003),Documentary,390538,1435,movie
8939,"Final Cut, The (2004)",Sci-Fi|Thriller,364343,11099,movie
8943,Being Julia (2004),Comedy|Drama,340012,18701,movie
8946,Surviving Christmas (2004),Comedy,252028,15566,movie
8947,"Grudge, The (2004)",Horror|Mystery|Thriller,391198,1970,movie
8948,Alfie (2004),Comedy|Drama|Romance,375173,8849,movie
8949,Sideways (2004),Comedy|Drama|Romance,375063,9675,movie
8950,The Machinist (2004),Drama|Mystery|Thriller,361862,4553,movie
8951,Vera Drake (2004),Drama,383694,11109,movie
8952,Falling Angels (2003),Drama,365183,48678,movie
8954,Lightning in a Bottle (2004),Documentary,396705,126148,movie
8955,Undertow (2004),Crime|Drama|Thriller,360130,16131,movie
8957,Saw (2004),Horror|Mystery|Thriller,387564,176,movie
8958,Ray (2004),Drama,350258,1677,movie
8959,Birth (2004),Drama|Mystery,337876,10740,movie
8961,"Incredibles, The (2004)",Action|Adventure|Animation|Children|Comedy,317705,9806,movie
8964,Callas Forever (2002),Drama,274407,47959,movie
8965,"Polar Express, The (2004)",Adventure|Animation|Children|Fantasy|IMAX,338348,5255,movie
8966,Kinsey (2004),Drama,362269,11184,movie
8967,Seed of Chucky (Child's Play 5) (2004),Comedy|Horror,387575,11249,movie
8968,After the Sunset (2004),Action|Adventure|Comedy|Crime|Thriller,367479,10589,movie
8969,Bridget Jones: The Edge of Reason (2004),Comedy|Drama|Romance,317198,9801,movie
8970,Finding Neverland (2004),Drama,308644,866,movie
8972,National Treasure (2004),Action|Adventure|Drama|Mystery|Thriller,368891,2059,movie
8973,Bad Education (La mala educación) (2004),Drama|Thriller,275491,140,movie
8974,"SpongeBob SquarePants Movie, The (2004)",Adventure|Animation|Children|Comedy,345950,11836,movie
8977,Alexander (2004),Action|Adventure|Drama|War,346491,1966,movie
8978,Christmas with the Kranks (2004),Children|Comedy,388419,13673,movie
8979,Guerrilla: The Taking of Patty Hearst (2004),Documentary,390299,174787,movie
8981,Closer (2004),Drama|Romance,376541,2288,movie
8982,I Am David (2003),Drama,327919,15397,movie
8983,House of Flying Daggers (Shi mian mai fu) (2004),Action|Drama|Romance,385004,9550,movie
8984,Ocean's Twelve (2004),Action|Comedy|Crime|Thriller,349903,163,movie
8985,Blade: Trinity (2004),Action|Fantasy|Horror|Thriller,359013,36648,movie
8987,Bush's Brain (2004),Documentary,403910,33377,movie
8989,Damn Yankees! (1958),Comedy|Musical,51516,41253,movie
8998,That's Entertainment (1974),Documentary,72272,33740,movie
9004,D.A.R.Y.L. (1985),Adventure|Children|Sci-Fi,88979,16248,movie
9005,Fire in the Sky (1993),Drama|Mystery|Sci-Fi,106912,15613,movie
9008,"Invisible Man Returns, The (1940)",Horror|Sci-Fi,32635,28421,movie
9010,Love Me If You Dare (Jeux d'enfants) (2003),Drama|Romance,364517,8424,movie
9018,Control Room (2004),Documentary|War,391024,18889,movie
25746,"Hunchback of Notre Dame, The (1923)",Drama|Horror,14142,18987,movie
25750,Sherlock Jr. (1924),Comedy|Fantasy|Romance,15324,992,movie
25752,"Freshman, The (1925)",Comedy,15841,42359,movie
25753,Greed (1924),Drama,15881,1405,movie
25757,"Jazz Singer, The (1927)",Drama|Musical|Romance,18037,939,movie
25769,"Steamboat Bill, Jr. (1928)",Comedy|Romance,19421,25768,movie
25771,"Andalusian Dog, An (Chien andalou, Un) (1929)",Fantasy,20530,626,movie
25773,Little Caesar (1931),Crime|Drama,21079,27899,movie
25782,Boudu Saved From Drowning (Boudu sauvé des eaux) (1932),Comedy,22718,48365,movie
25788,Scarface (1932),Crime|Drama,23427,877,movie
25795,Dinner at Eight (1933),Comedy|Drama|Romance,23948,39130,movie
25797,Gold Diggers of 1933 (1933),Musical,24069,31511,movie
25805,"Atalante, L' (1934)",Comedy|Drama|Romance,24844,43904,movie
25825,Fury (1936),Drama|Film-Noir,27652,14615,movie
25826,Libeled Lady (1936),Comedy|Romance,27884,31773,movie
25827,Mr. Deeds Goes to Town (1936),Comedy|Romance,27996,24807,movie
25833,Camille (1936),Drama|Romance,28683,43874,movie
25834,Captains Courageous (1937),Adventure|Drama,28691,16515,movie
25841,Stage Door (1937),Drama,29604,43864,movie
25850,Holiday (1938),Comedy|Drama|Romance,30241,16274,movie
25855,"Roaring Twenties, The (1939)",Crime|Drama|Thriller,31867,37698,movie
25856,Wuthering Heights (1939),Drama|Romance,32145,3084,movie
25865,"Letter, The (1940)",Drama|Film-Noir,32701,17801,movie
25870,Here Comes Mr. Jordan (1941),Comedy|Fantasy|Romance,33712,38914,movie
25886,Random Harvest (1942),Drama|Romance,35238,22387,movie
25887,Tales of Manhattan (1942),Comedy|Drama,35415,27655,movie
25898,Day of Wrath (Vredens dag) (1943),Drama,36506,41391,movie
25905,"Miracle of Morgan's Creek, The (1944)",Comedy|Romance,37077,42879,movie
25906,Mr. Skeffington (1944),Drama|Romance,37094,43307,movie
25923,Great Expectations (1946),Drama,38574,14320,movie
25927,"Stranger, The (1946)",Drama|Film-Noir|Thriller,38991,20246,movie
25937,Easter Parade (1948),Musical|Romance,40308,29380,movie
25940,"Lady from Shanghai, The (1947)",Drama|Film-Noir|Mystery,40525,3766,movie
25946,"Three Musketeers, The (1948)",Action|Adventure|Drama|Romance,40876,41609,movie
25947,Unfaithfully Yours (1948),Comedy,40919,33115,movie
25952,"Letter to Three Wives, A (1949)",Comedy|Drama,41587,45578,movie
25959,Annie Get Your Gun (1950),Comedy|Musical|Romance|Western,42200,25209,movie
25962,King Solomon's Mines (1950),Action|Adventure|Romance,42646,43388,movie
25963,"Young and the Damned, The (Olvidados, Los) (1950)",Crime|Drama,42804,800,movie
25996,"Star Is Born, A (1954)",Drama|Musical,47522,3111,movie
25999,The Wild One (1953),Drama,47677,28696,movie
26002,Confidential Report (1955),Crime|Drama|Mystery|Thriller,48393,44026,movie
26003,Night and Fog (Nuit et brouillard) (1955),Crime|Documentary|War,48434,803,movie
26038,Teacher's Pet (1958),Comedy|Romance,52278,43137,movie
26048,"Human Condition II, The (Ningen no joken II) (1959)",Drama|War,53115,34528,movie
26052,Pickpocket (1959),Crime|Drama,53168,690,movie
26059,When a Woman Ascends the Stairs (Onna ga kaidan wo agaru toki) (1960),Drama,54144,36872,movie
26073,"Human Condition III, The (Ningen no joken III) (1961)",Drama|War,55233,34530,movie
26078,Advise and Consent (1962),Drama,55728,17185,movie
26082,Harakiri (Seppuku) (1962),Drama,56058,14537,movie
26084,"Music Man, The (1962)",Children|Comedy|Musical|Romance,56262,13671,movie
26085,Mutiny on the Bounty (1962),Adventure|Drama|Romance,56264,11085,movie
26095,"Carabineers, The (Carabiniers, Les) (1963)",Comedy|Drama|War,56905,52705,movie
26116,"Hush... Hush, Sweet Charlotte (1964)",Horror|Thriller,58213,10299,movie
26122,Onibaba (1964),Drama|Horror|War,58430,3763,movie
26124,Robinson Crusoe on Mars (1964),Sci-Fi,58530,7348,movie
26131,"Battle of Algiers, The (La battaglia di Algeri) (1966)",Drama|War,58946,17295,movie
26133,"Charlie Brown Christmas, A (1965)",Animation|Children|Comedy,59026,13187,movie
26142,Major Dundee (1965),Adventure|War|Western,59418,29715,movie
26147,"Thousand Clowns, A (1965)",Comedy|Drama|Romance,59798,42731,movie
26150,Andrei Rublev (Andrey Rublyov) (1969),Drama|War,60107,895,movie
26151,Au Hasard Balthazar (1966),Crime|Drama,60138,20108,movie
26152,Batman (1966),Action|Adventure|Comedy,60153,2661,movie
26158,Closely Watched Trains (Ostre sledované vlaky) (1966),Comedy|Drama|War,60802,789,movie
26159,Tokyo Drifter (Tôkyô nagaremono) (1966),Action|Crime|Drama,61101,45706,movie
26169,Branded to Kill (Koroshi no rakuin) (1967),Action|Crime|Drama,61882,17905,movie
26171,Play Time (a.k.a. Playtime) (1967),Comedy,62136,10227,movie
26172,Point Blank (1967),Action|Crime|Drama|Thriller,62138,26039,movie
26176,Titicut Follies (1967),Documentary|Drama,62374,41212,movie
26183,Asterix and Cleopatra (Astérix et Cléopâtre) (1968),Action|Adventure|Animation|Children|Comedy,62687,9929,movie
26184,"Diamond Arm, The (Brilliantovaya ruka) (1968)",Action|Adventure|Comedy|Crime|Thriller,62759,20873,movie
26195,Sympathy for the Devil (1968),Documentary|Musical,63665,50789,movie
26198,"Yours, Mine and Ours (1968)",Children|Comedy,63829,27983,movie
26225,"Claire's Knee (Genou de Claire, Le) (1970)",Comedy|Romance,65772,2860,movie
26231,Performance (1970),Crime|Drama|Thriller,66214,26606,movie
26236,"White Sun of the Desert, The (Beloe solntse pustyni) (1970)",Action|Adventure|Comedy|Drama|Romance|War,66565,20848,movie
26237,Zabriskie Point (1970),Drama|Romance,66601,2998,movie
26242,Duel (1971),Action|Mystery|Thriller,67023,839,movie
26249,They Call Me Trinity (1971),Comedy|Western,67355,9394,movie
26258,"Topo, El (1970)",Fantasy|Western,67866,13041,movie
26265,Dr. Phibes Rises Again (1972),Adventure|Comedy|Horror|Romance,68503,18250,movie
26283,Charley Varrick (1973),Crime|Drama|Thriller,69865,27331,movie
26285,Dark Star (1974),Comedy|Sci-Fi|Thriller,69945,1410,movie
26303,Sisters (1973),Horror|Thriller,70698,22307,movie
26308,Turkish Delight (Turks fruit) (1973),Drama|Romance,70842,21035,movie
26313,California Split (1974),Comedy|Drama,71269,32044,movie
26317,Emmanuelle (1974),Drama|Romance,71464,24402,movie
26322,Gone in 60 Seconds (1974),Action|Crime|Drama,71571,16246,movie
26326,"Holy Mountain, The (Montaña sagrada, La) (1973)",Drama,71615,8327,movie
26340,"Twelve Tasks of Asterix, The (Les douze travaux d'Astérix) (1976)",Action|Adventure|Animation|Children|Comedy|Fantasy,72901,9385,movie
26344,French Connection II (1975),Action|Crime|Drama|Thriller,73018,10711,movie
26347,"Irony of Fate, or Enjoy Your Bath! (Ironiya sudby, ili S legkim parom!) (1975)",Comedy|Drama|Romance,73179,43430,movie
26350,"Passenger, The (Professione: reporter) (1975)",Drama,73580,9652,movie
26357,Trilogy of Terror (1975),Horror|Thriller,73820,38783,movie
26359,1900 (Novecento) (1976),Drama|War,74084,3870,movie
26365,Futureworld (1976),Sci-Fi|Thriller,74559,10640,movie
26366,Harlan County U.S.A. (1976),Documentary,74605,33324,movie
26375,Silver Streak (1976),Action|Comedy|Crime,75223,11558,movie
26386,High Anxiety (1977),Comedy|Thriller,76141,12535,movie
26391,"New York, New York (1977)",Drama|Musical|Romance,76451,12637,movie
26394,"Turning Point, The (1977)",Drama|Romance,76843,61280,movie
26399,Five Deadly Venoms (1978),Action,77559,13481,movie
26401,Last Hurrah for Chivalry (Hao xia) (1979),Action|Drama,77655,13514,movie
26409,"Clonus Horror, The (1979)",Horror|Sci-Fi,78062,98851,movie
26413,Snake in the Eagle's Shadow (Se ying diu sau) (1978),Action|Comedy,78252,11537,movie
26422,Hair (1979),Comedy|Drama|Musical,79261,10654,movie
26429,Love at First Bite (1979),Comedy|Horror|Romance,79489,18966,movie
26444,"Hitch Hikers Guide to the Galaxy, The (1981)",Adventure|Comedy|Sci-Fi,81874,64353,movie
26453,Smiley's People (1982),Drama|Mystery,83480,20053,tv
26464,Blue Thunder (1983),Action|Crime|Drama,85255,6341,movie
26467,"Day After, The (1983)",Drama|Sci-Fi,85404,7012,movie
26471,Eddie Murphy Delirious (1983),Comedy|Documentary,85474,15251,movie
26472,"Norte, El (1984)",Adventure|Drama,85482,17435,movie
26492,Twilight Zone: The Movie (1983),Fantasy|Horror|Sci-Fi|Thriller,86491,15301,movie
26498,Boy Meets Girl (1984),Drama,86994,63418,movie
26504,Cloak & Dagger (1984),Action|Adventure|Children|Crime|Mystery|Thriller,87065,48677,movie
26510,"Ewok Adventure, The (a.k.a. Caravan of Courage: An Ewok Adventure) (1984)",Adventure|Children|Fantasy|Sci-Fi,87225,1884,movie
26523,"Silent Night, Deadly Night (1984)",Horror|Thriller,88117,27414,movie
26524,"Times of Harvey Milk, The (1984)",Documentary,88275,33138,movie
26527,What Have I Done to Deserve This? (¿Qué he hecho yo para merecer esto!!) (1984),Comedy|Drama,88461,8221,movie
26528,Anne of Green Gables (1985),Children|Drama,88727,17663,movie
26539,Death of a Salesman (1985),Drama,89006,12615,movie
26542,Ewoks: The Battle for Endor (1985),Adventure|Children|Fantasy|Sci-Fi,89110,10372,movie
26547,Police Story (Ging chaat goo si) (1985),Action|Comedy|Crime|Thriller,89374,9056,movie
26554,"Quiet Earth, The (1985)",Drama|Mystery|Sci-Fi,89869,10176,movie
26555,Spies Like Us (1985),Comedy,90056,9080,movie
26562,White Nights (1985),Drama,90319,16082,movie
26564,'Round Midnight (1986),Drama|Musical,90557,14670,movie
26567,Club Paradise (1986),Comedy,90856,26555,movie
26578,"Sacrifice, The (Offret - Sacraficatio) (1986)",Drama,91670,24657,movie
26585,"Better Tomorrow, A (Ying hung boon sik) (1986)",Crime|Drama|Thriller,92263,11471,movie
26587,"Decalogue, The (Dekalog) (1989)",Crime|Drama|Romance,92337,42699,tv
26590,G.I. Joe: The Movie (1987),Action|Adventure|Animation|Children|Fantasy|Sci-Fi,93066,17421,movie
26593,Hell Comes to Frogtown (1988),Action|Comedy|Sci-Fi,93171,22572,movie
26599,"Law of Desire (Ley del deseo, La) (1987)",Comedy|Drama|Romance,93412,4043,movie
26603,Prince of Darkness (1987),Fantasy|Horror|Sci-Fi|Thriller,93777,8852,movie
26606,"Chinese Ghost Story, A (Sinnui yauwan) (1987)",Action|Fantasy|Horror|Romance,93978,30421,movie
26612,"Better Tomorrow II, A (Ying hung boon sik II) (1987)",Crime|Drama|Thriller,94357,18305,movie
26614,"Bourne Identity, The (1988)",Action|Adventure|Drama|Mystery|Thriller,94791,25397,tv
26622,Dominick and Eugene (1988),Drama,95050,49314,movie
26629,Killer Klowns from Outer Space (1988),Comedy|Horror|Sci-Fi,95444,16296,movie
26630,Moonwalker (1988),Musical,95655,13192,movie
26631,Alice (Neco z Alenky) (1988),Animation|Fantasy|Mystery,95715,18917,movie
26645,Life Is a Long Quiet River (La vie est un long fleuve tranquille) (1988),Comedy,96386,4271,movie
26649,Lonesome Dove (1989),Adventure|Drama|Western,96639,41692,tv
26662,Kiki's Delivery Service (Majo no takkyûbin) (1989),Adventure|Animation|Children|Drama|Fantasy,97814,16859,movie
26676,Almost an Angel (1990),Comedy,99018,25943,movie
26680,Cry-Baby (1990),Comedy|Musical|Romance,99329,9768,movie
26681,Bullet in the Head (1990),Action|Drama|War,99426,11909,movie
26686,Ghost Dad (1990),Comedy|Fantasy,99654,10485,movie
26693,It (1990),Drama|Fantasy|Horror|Mystery|Thriller,99864,19614,tv
26694,Ju Dou (1990),Drama,99902,41821,movie
26695,"Krays, The (1990)",Drama,99951,21344,movie
26696,Lionheart (1990),Action,100029,9399,movie
26700,Nuns on the Run (1990),Comedy|Crime,100280,11131,movie
26701,Patlabor: The Movie (Kidô keisatsu patorebâ: The Movie) (1989),Action|Animation|Crime|Drama|Film-Noir|Mystery|Sci-Fi|Thriller,100339,14571,movie
26704,State of Grace (1990),Crime|Drama|Thriller,100685,1662,movie
26712,35 Up (1991),Documentary,101254,20562,movie
26713,Days of Being Wild (A Fei jingjyuhn) (1990),Drama|Romance,101258,18311,movie
26717,Begotten (1990),Drama|Horror,101420,1483,movie
26726,Dutch (1991),Comedy,101786,25330,movie
26729,Hearts of Darkness: A Filmmakers Apocalypse (1991),Documentary,102015,4539,movie
26732,Johnny Stecchino (1991),Comedy,102164,12776,movie
26736,Riki-Oh: The Story of Ricky (Lik Wong) (1991),Action|Crime|Thriller,102293,17467,movie
26741,Mannequin 2: On the Move (1991),Comedy|Fantasy|Romance,102395,34376,movie
26743,Only Yesterday (Omohide poro poro) (1991),Animation|Drama,102587,15080,movie
26745,Other People's Money (1991),Comedy|Drama|Romance,102609,6463,movie
26750,Quigley Down Under (1990),Adventure|Drama|Western,102744,9588,movie
26761,Prime Suspect 2 (1992),Crime|Drama|Mystery|Romance|Thriller,103516,215993,movie
26764,Captain America (1990),Action|Fantasy|Sci-Fi|Thriller|War,103923,13995,movie
26765,City Hunter (Sing si lip yan) (1993),Action|Comedy|Romance,103950,11198,movie
26776,Porco Rosso (Crimson Pig) (Kurenai no buta) (1992),Adventure|Animation|Comedy|Fantasy|Romance,104652,11621,movie
26777,"Stolen Children (Ladro di bambini, Il) (1992)",Drama,104663,47714,movie
26778,Ladybugs (1992),Comedy,104670,19087,movie
26782,"Mambo Kings, The (1992)",Drama|Musical,104802,40082,movie
26791,Shining Through (1992),Drama|Romance|Thriller|War,105391,31962,movie
26792,Sidekicks (1992),Action|Adventure|Children|Comedy,105402,22590,movie
26796,"Heart in Winter, A (Un coeur en hiver) (1992)",Drama|Romance,105682,48150,movie
26797,Visions of Light: The Art of Cinematography (1992),Documentary,105764,41778,movie
26810,Bad Boy Bubby (1993),Drama,106341,14135,movie
26812,Barbarians at the Gate (1993),Drama,106356,27678,movie
26819,Fortress (1992),Action|Sci-Fi,106950,12088,movie
26828,Mr. Nanny (1993),Action|Children|Comedy,107612,19371,movie
26838,"Snapper, The (1993)",Comedy|Drama,108170,12664,movie
26840,Sonatine (Sonachine) (1993),Action|Comedy|Crime|Drama,108188,7500,movie
26849,"Stand, The (1994)",Adventure|Drama|Fantasy|Horror|Sci-Fi,108941,9045,tv
26854,"Darkman II: Return of Durant, The (1995)",Action|Crime|Horror,109552,18998,movie
26861,Freaked (1993),Comedy|Sci-Fi,109838,17796,movie
26865,Fist of Legend (Jing wu ying xiong) (1994),Action|Drama,110200,17809,movie
26870,Major League II (1994),Comedy,110442,11067,movie
26871,My Father the Hero (1994),Comedy|Romance,110612,10486,movie
26875,"Pure Formality, A (Pura formalità, Una) (1994)",Crime|Film-Noir|Mystery|Thriller,110917,19223,movie
26887,"Langoliers, The (1995)",Drama|Fantasy|Horror|Mystery|Sci-Fi|Thriller,112040,18197,tv
26900,"Last Wedding, The (Kivenpyörittäjän kylä) (1995)",Comedy|Drama,113556,51038,movie
26901,Last of the Dogmen (1995),Adventure|Western,113617,30718,movie
26903,Whisper of the Heart (Mimi wo sumaseba) (1995),Animation|Drama|Romance,113824,37797,movie
26913,Street Fighter II: The Animated Movie (Sutorîto Faitâ II gekijô-ban) (1994),Action|Animation,114563,12613,movie
26928,"Summer's Tale, A (Conte d'été) (1996)",Comedy|Drama|Romance,115940,37563,movie
26940,"Late Shift, The (1996)",Comedy,116835,30330,movie
26947,Pusher (1996),Crime|Thriller,117407,2061,movie
26958,Emma (1996),Romance,118308,12254,movie
26965,"Boxer, The (1997)",Drama|Thriller,118760,16992,movie
26974,Gummo (1997),Drama,119237,18415,movie
26985,Nirvana (1997),Action|Sci-Fi,119794,8765,movie
26999,"Lion King II: Simba's Pride, The (1998)",Adventure|Animation|Children|Musical|Romance,120131,9732,movie
27002,From the Earth to the Moon (1998),Action|Documentary|Drama|Thriller,120570,3556,tv
27003,Beowulf (1999),Action|Horror|Sci-Fi,120604,5470,movie
27006,RKO 281 (1999),Drama,120801,50008,movie
27008,From Dusk Till Dawn 2: Texas Blood Money (1999) ,Comedy|Crime|Horror,120860,12095,movie
27020,Gia (1998),Drama|Romance,123865,14533,movie
27022,Thursday (1998),Action|Crime|Thriller,124901,9812,movie
27032,Who Am I? (Wo shi shei) (1998),Action|Adventure|Comedy|Sci-Fi|Thriller,127357,8697,movie
27036,Merlin (1998),Action|Adventure|Drama|Fantasy|Romance,130414,41691,tv
27074,Brave New World (1998),Sci-Fi,145600,27260,movie
27075,Addams Family Reunion (1998),Children|Comedy|Fantasy,146402,11508,movie
27105,Purgatory (1999),Fantasy|Western,158131,23356,movie
27124,Bleeder (1999),Drama|Thriller,161292,17985,movie
27134,Dark Portals: The Chronicles of Vidocq  (Vidocq) (2001),Action|Crime|Fantasy,164961,9597,movie
27140,Candyman 3: Day of the Dead (1999),Horror,165662,12485,movie
27155,"Batman/Superman Movie, The (1998)",Action|Adventure|Animation|Children|Fantasy|Sci-Fi,169590,17074,movie
27156,"Neon Genesis Evangelion: The End of Evangelion (Shin seiki Evangelion Gekijô-ban: Air/Magokoro wo, kimi ni) (1997)",Action|Animation|Drama|Fantasy|Sci-Fi,169858,18491,movie
27176,Style Wars (1983),Documentary,177262,29587,movie
27178,In July (Im Juli) (2000),Comedy|Romance,177858,3716,movie
27186,Kirikou and the Sorceress (Kirikou et la sorcière) (1998),Adventure|Animation|Children|Fantasy,181627,21348,movie
27193,Taxi 2 (2000),Action|Comedy,183869,2332,movie
27246,If These Walls Could Talk 2 (2000),Drama|Romance,206036,28031,movie
27251,"10th Kingdom, The (2000)",Adventure|Comedy|Fantasy,207275,40546,tv
27255,"Wind Will Carry Us, The (Bad ma ra khahad bord) (1999)",Drama,209463,43423,movie
27266,2046 (2004),Drama|Fantasy|Romance|Sci-Fi,212712,844,movie
27306,Bartleby (2001),Comedy|Drama,230025,53048,movie
27311,Batman Beyond: Return of the Joker (2000),Action|Animation|Crime|Sci-Fi|Thriller,233298,16234,movie
27317,Audition (Ôdishon) (1999),Drama|Horror|Mystery|Romance|Thriller,235198,11075,movie
27320,"Nine Lives of Tomas Katz, The (2000)",Comedy|Drama|Fantasy,235618,16171,movie
27328,Monday (2000),Action|Comedy|Crime|Fantasy|Thriller,239655,36246,movie
27329,Paradise Lost 2: Revelations (2000),Documentary,239894,17208,movie
27368,Asterix & Obelix: Mission Cleopatra (Astérix & Obélix: Mission Cléopâtre) (2002),Adventure|Comedy|Fantasy,250223,2899,movie
27369,Daria: Is It Fall Yet? (2000),Animation|Comedy,250440,44756,movie
27370,Late Night Shopping (2001),Comedy,250491,18088,movie
27373,61* (2001),Drama,250934,20536,movie
27397,Joint Security Area (Gongdong gyeongbi guyeok JSA) (2000),Crime|Drama|Mystery|Thriller|War,260991,2440,movie
27408,Ripley's Game (2002),Drama|Thriller,265651,10955,movie
27416,Jalla! Jalla! (2000),Comedy|Drama|Romance,269389,10978,movie
27420,Teknolust (2002),Comedy|Drama|Romance|Sci-Fi,270688,81540,movie
27426,"Accidental Spy, The (Dak miu mai shing) (2001)",Action|Comedy|Thriller,271946,11847,movie
27434,Darkness (2002),Horror|Mystery,273517,11056,movie
27441,Blood: The Last Vampire (2000),Action|Animation|Horror,275230,919,movie
27450,Blueberry (2004),Adventure|Western,276830,10046,movie
27473,American Psycho II: All American Girl (2002),Comedy|Crime|Horror|Mystery|Thriller,283877,10726,movie
27478,Ali G Indahouse (2002),Comedy,284837,9298,movie
27480,Dead or Alive 2: Tôbôsha (2000),Action|Crime|Thriller,285005,13899,movie
27482,Cube 2: Hypercube (2002),Horror|Mystery|Sci-Fi,285492,437,movie
27491,Pulse (Kairo) (2001),Horror|Mystery|Thriller,286751,27324,movie
27513,Dog Days (Hundstage) (2001),Drama,290661,9025,movie
27523,My Sassy Girl (Yeopgijeogin geunyeo) (2001),Comedy|Romance,293715,11178,movie
27537,Nothing (2003),Comedy|Fantasy|Mystery|Sci-Fi,298482,10981,movie
27539,Undertaking Betty (Plots with a View) (2002),Comedy|Romance,298504,10918,movie
27549,Dead or Alive: Final (2002),Comedy|Crime|Drama|Sci-Fi|Thriller,301167,36222,movie
27555,Fubar (2002),Comedy,302585,13984,movie
27563,"Happiness of the Katakuris, The (Katakuri-ke no kôfuku) (2001)",Comedy|Horror|Musical,304262,16184,movie
27584,Dead End (2003),Comedy|Horror|Mystery|Thriller,308152,11427,movie
27592,Sympathy for Mr. Vengeance (Boksuneun naui geot) (2002),Crime|Drama,310775,4689,movie
27595,Jesus Christ Vampire Hunter (2001),Action|Comedy|Horror|Musical,311361,16209,movie
27604,Suicide Club (Jisatsu saakuru) (2001),Horror|Mystery|Thriller,312843,12720,movie
27611,Battlestar Galactica (2003),Drama|Sci-Fi|War,314979,71365,tv
27618,"Sound of Thunder, A (2005)",Action|Adventure|Drama|Sci-Fi|Thriller,318081,10077,movie
27619,"Lion King 1½, The (2004)",Adventure|Animation|Children|Comedy,318403,11430,movie
27627,Oasis (2002),Drama|Romance,320193,26955,movie
27644,Remember Me (Ricordati di me) (2003),Comedy|Drama|Romance,323807,38970,movie
27660,"Animatrix, The (2003)",Action|Animation|Drama|Sci-Fi,328832,55931,movie
27664,"Brown Bunny, The (2003)",Drama,330099,12703,movie
27667,Ju-on: The Curse (2000),Horror,330500,32250,movie
27674,11:14 (2003),Comedy|Crime|Drama|Mystery|Thriller,331811,9282,movie
27683,Tremors 4: The Legend Begins (2004),Action|Comedy|Horror|Sci-Fi|Thriller|Western,334541,10891,movie
27685,Bring It On Again (2004),Comedy,334965,12540,movie
27689,"Crimson Rivers 2: Angels of the Apocalypse (Rivières pourpres II - Les anges de l'apocalypse, Les) (2004)",Action|Crime|Thriller,337103,60672,movie
27692,And Starring Pancho Villa as Himself (2003),Action|Comedy|Drama|War,337824,24241,movie
27695,Nicotina (2003),Action|Comedy|Drama,337930,11556,movie
27704,Battle Royale 2: Requiem (Batoru rowaiaru II: Chinkonka) (2003),Action|Drama|Thriller|War,338763,3177,movie
27705,In Hell (2003),Action|Drama|Thriller,339135,19277,movie
27706,Lemony Snicket's A Series of Unfortunate Events (2004),Adventure|Children|Comedy|Fantasy,339291,11774,movie
27708,Helen of Troy (2003),Action|Adventure|Drama|Romance,340477,5905,tv
27716,"Green Butchers, The (Grønne slagtere, De) (2003)",Comedy|Crime|Drama|Romance,342492,4972,movie
27721,"Very Long Engagement, A (Un long dimanche de fiançailles) (2004)",Drama|Mystery|Romance|War,344510,2841,movie
27722,Last Life in the Universe (Ruang rak noi nid mahasan) (2003),Drama|Romance,345549,11606,movie
27728,Ghost in the Shell 2: Innocence (a.k.a. Innocence) (Inosensu) (2004),Action|Animation|Drama|Sci-Fi|Thriller,347246,12140,movie
27731,"Cat Returns, The (Neko no ongaeshi) (2002)",Adventure|Animation|Children|Fantasy,347618,15370,movie
27741,"Twilight Samurai, The (Tasogare Seibei) (2002)",Drama|Romance,351817,12496,movie
27744,"Facing Windows (Finestra di fronte, La) (2003)",Drama|Romance,352343,29987,movie
27746,Ginger Snaps: Unleashed (2004),Horror|Thriller,353489,10361,movie
27751,'Salem's Lot (2004),Drama|Horror|Mystery|Thriller,355987,19531,tv
27762,Comic Book: The Movie (2004),Comedy,361462,25757,movie
27768,Intimate Strangers (Confidences trop intimes) (2004),Drama,363532,21200,movie
27769,Down to the Bone (2004),Drama,363579,40876,movie
27772,Ju-on: The Grudge (2002),Horror,364385,11838,movie
27773,Old Boy (2003),Mystery|Thriller,364569,670,movie
27776,Red Lights (Feux rouges) (2004),Drama,365190,25500,movie
27778,Ginger Snaps Back: The Beginning (2004),Fantasy|Horror,365265,12583,movie
27784,One Missed Call (Chakushin ari) (2003),Horror|Mystery,366292,9694,movie
27788,"Jacket, The (2005)",Drama|Mystery|Sci-Fi|Thriller,366627,9667,movie
27790,Millions (2004),Children|Comedy|Crime|Drama|Fantasy,366777,13373,movie
27793,Starship Troopers 2: Hero of the Federation (2004),Action|Horror|Sci-Fi|War,367093,10304,movie
27801,Ong-Bak: The Thai Warrior (Ong Bak) (2003),Action|Thriller,368909,9316,movie
27802,Infernal Affairs 2 (Mou gaan dou II) (2003),Action|Crime|Drama|Thriller,369060,11647,movie
27803,"Sea Inside, The (Mar adentro) (2004)",Drama,369702,1913,movie
27808,Spanglish (2004),Comedy|Drama|Romance,371246,2539,movie
27815,"Chorus, The (Choristes, Les) (2004)",Drama,372824,5528,movie
27816,Saints and Soldiers (2003),Action|Adventure|Drama|War,373283,10105,movie
27820,"Story of the Weeping Camel, The (Geschichte vom weinenden Kamel, Die) (2003)",Documentary|Drama,373861,1114,movie
27821,"Interpreter, The (2005)",Drama|Thriller,373926,179,movie
27822,Open Water (2003),Drama|Thriller,374102,83,movie
27826,Touch of Pink (2004),Comedy|Drama|Romance,374277,55177,movie
27829,Slasher (2004),Documentary,375073,26766,movie
27830,"Bobby Jones, Stroke of Genius (2004)",Drama,375104,24747,movie
27831,Layer Cake (2004),Crime|Drama|Thriller,375912,4836,movie
27834,"Return, The (Vozvrashcheniye) (2003)",Drama,376968,11190,movie
27837,Flight of the Phoenix (2004),Action|Adventure,377062,11866,movie
27838,Mean Creek (2004),Drama|Thriller,377091,12281,movie
27839,"Ring Two, The (2005)",Drama|Horror|Mystery|Thriller,377109,10320,movie
27846,"Corporation, The (2003)",Documentary,379225,11420,movie
27850,"Yes Men, The (2003)",Documentary,379593,3396,movie
27865,Azumi (2003),Action|Adventure|Drama|Thriller,384819,5889,movie
27866,In My Father's Den (2004),Drama,385017,1126,movie
27869,Tae Guk Gi: The Brotherhood of War (Taegukgi hwinalrimyeo) (2004),Action|Drama|War,386064,11658,movie
27873,Metallica: Some Kind of Monster (2004),Documentary,387412,11401,movie
27878,Born into Brothels (2004),Documentary,388789,1392,movie
27879,DiG! (2004),Documentary,388888,1843,movie
27882,Riding Giants (2004),Documentary,389326,291,movie
27899,What the #$*! Do We Know!? (a.k.a. What the Bleep Do We Know!?) (2004),Comedy|Documentary|Drama,399877,8357,movie
27904,"Scanner Darkly, A (2006)",Animation|Drama|Mystery|Sci-Fi|Thriller,405296,3509,movie
27905,Casshern (2004),Action|Drama|Fantasy|Sci-Fi,405821,11662,movie
27912,Outfoxed: Rupert Murdoch's War on Journalism (2004),Documentary,418038,13372,movie
30707,Million Dollar Baby (2004),Drama,405159,70,movie
30745,Gozu (Gokudô kyôfu dai-gekijô: Gozu) (2003),Comedy|Crime|Drama|Horror|Mystery,361668,12487,movie
30749,Hotel Rwanda (2004),Drama|War,395169,205,movie
30793,Charlie and the Chocolate Factory (2005),Adventure|Children|Comedy|Fantasy|IMAX,367594,118,movie
30803,3-Iron (Bin-jip) (2004),Drama|Romance,423866,1280,movie
30810,"Life Aquatic with Steve Zissou, The (2004)",Adventure|Comedy|Fantasy,362270,421,movie
30812,"Aviator, The (2004)",Drama,338751,2567,movie
30816,"Phantom of the Opera, The (2004)",Drama|Musical|Romance,293508,9833,movie
30818,Beyond the Sea (2004),Drama|Musical,363473,6478,movie
30820,"Woodsman, The (2004)",Drama,361127,9692,movie
30822,In Good Company (2004),Comedy|Drama,385267,1901,movie
30825,Meet the Fockers (2004),Comedy,290002,693,movie
30846,"Assassination of Richard Nixon, The (2004)",Crime|Drama|Thriller,364961,842,movie
30848,"Love Song for Bobby Long, A (2004)",Drama,369672,9953,movie
30850,"Merchant of Venice, The (2004)",Drama,379889,11162,movie
30883,Fat Albert (2004),Comedy|Fantasy,396592,15045,movie
30890,"Keys to the House, The (Chiavi di casa, Le) (2004)",Drama,345032,42420,movie
30892,In the Realms of the Unreal (2004),Animation|Documentary,390123,1853,movie
30894,White Noise (2005),Drama|Horror|Mystery|Sci-Fi|Thriller,375210,11804,movie
30898,"Upside of Anger, The (2005)",Comedy|Drama|Romance,365885,11354,movie
30994,Little Miss Marker (1980),Comedy|Drama,81063,47876,movie
31000,Sweet Liberty (1986),Comedy,92035,66600,movie
31030,I Remember Mama (1948),Children|Drama,40458,43442,movie
31038,Smooth Talk (1985),Drama|Romance,90037,33766,movie
31049,Out Cold (1989),Comedy|Thriller,98042,120328,movie
31083,Man Trouble (1992),Comedy|Romance,104804,39472,movie
31086,Battles Without Honor & Humanity (Jingi naki tatakai) (1973),Crime|Drama,70246,34326,movie
31101,Stander (2003),Action|Crime|Drama,326208,18927,movie
31114,Imaginary Heroes (2004),Comedy|Drama,373024,25350,movie
31116,Sergeant York (1941),Drama|War,34167,16442,movie
31123,Ruby & Quentin (Tais-toi!) (2003),Comedy|Crime,310203,7229,movie
31150,Wizards (1977),Animation|Fantasy|Sci-Fi|War,76929,16220,movie
31162,"Life and Death of Peter Sellers, The (2004)",Comedy|Drama,352520,10609,movie
31184,Appleseed (Appurushîdo) (2004),Action|Animation|Fantasy|Sci-Fi,401233,11633,movie
31193,"Many Adventures of Winnie the Pooh, The (1977)",Animation|Children|Musical,76363,250480,movie
31221,Elektra (2005),Action|Adventure|Crime|Drama,357277,9947,movie
31223,Racing Stripes (2005),Children|Comedy,376105,6439,movie
31225,Coach Carter (2005),Drama,393162,7214,movie
31260,Boys Town (1938),Drama,29942,42390,movie
31297,Gold Diggers of 1935 (1935),Comedy|Musical,26421,43892,movie
31309,Rocco and His Brothers (Rocco e i suoi fratelli) (1960),Crime|Drama,54248,8422,movie
31364,Memories of Murder (Salinui chueok) (2003),Crime|Drama|Mystery|Thriller,353969,11423,movie
31367,"Chase, The (1994)",Action|Adventure|Comedy|Crime|Romance|Thriller,109402,10694,movie
31410,"Downfall (Untergang, Der) (2004)",Drama|War,363163,613,movie
31420,Assault on Precinct 13 (2005),Action|Crime|Drama|Thriller,398712,8978,movie
31422,Are We There Yet? (2005),Children|Comedy,368578,11637,movie
31424,Alone in the Dark (2005),Action|Horror|Sci-Fi|Thriller,369226,12142,movie
31427,Hide and Seek (2005),Horror|Mystery|Thriller,382077,11096,movie
31431,Boogeyman (2005),Drama|Horror|Mystery|Thriller,357507,8968,movie
31433,"Wedding Date, The (2005)",Comedy|Romance,372532,6961,movie
31435,Rory O'Shea Was Here (Inside I'm Dancing) (2004),Drama,417791,31165,movie
31437,Nobody Knows (Dare mo shiranai) (2004),Drama,408664,2517,movie
31445,Employee of the Month (2004),Comedy|Drama,362590,11413,movie
31522,"Marriage of Maria Braun, The (Ehe der Maria Braun, Die) (1979)",Drama,79095,661,movie
31545,"Trou, Le (Hole, The) (Night Watch, The) (1960)",Crime|Film-Noir,54407,29259,movie
31553,Double Dragon (1994),Action|Adventure|Sci-Fi,106761,2436,movie
31590,Hands Off the Loot (Touchez pas au grisbi) (1954),Crime|Drama|Thriller,46451,27430,movie
31610,Purple Butterfly (Zi hudie) (2003),Drama,363290,34561,movie
31617,El Cid (1961),Action|Adventure|Drama|Romance|War,54847,16638,movie
31658,Howl's Moving Castle (Hauru no ugoku shiro) (2004),Adventure|Animation|Fantasy|Romance,347149,4935,movie
31660,Steamboy (Suchîmubôi) (2004),Action|Animation|Drama|Sci-Fi,348121,8953,movie
31664,Gorgeous (Boh lee chun) (1999),Action|Comedy|Romance,184526,10951,movie
31685,Hitch (2005),Comedy|Romance,386588,8488,movie
31692,Uncle Nino (2003),Comedy,327210,32588,movie
31694,Bride & Prejudice (2004),Comedy|Musical|Romance,361411,57825,movie
31696,Constantine (2005),Action|Fantasy|Horror|Thriller,360486,561,movie
31698,Son of the Mask (2005),Adventure|Children|Comedy|Fantasy,362165,10214,movie
31700,Because of Winn-Dixie (2005),Children|Comedy|Drama,317132,17880,movie
31702,Turtles Can Fly (Lakposhtha hâm parvaz mikonand) (2004),Drama|War,424227,8340,movie
31737,Bunny Lake Is Missing (1965),Mystery|Thriller,58997,1942,movie
31804,Night Watch (Nochnoy dozor) (2004),Action|Fantasy|Horror|Mystery|Sci-Fi|Thriller,403358,3040,movie
31851,Sons of the Desert (1933),Comedy,24601,43128,movie
31867,Man of the House (2005),Action|Comedy,331933,13498,movie
31878,Kung Fu Hustle (Gong fu) (2004),Action|Comedy,373074,9470,movie
31903,Zelary (2003),Drama|Romance,288330,19765,movie
31909,Dr. Giggles (1992),Comedy|Horror,104139,37527,movie
31921,"Seven-Per-Cent Solution, The (1976)",Adventure|Comedy|Crime|Drama|Mystery|Thriller,75194,29578,movie
31923,"Three Musketeers, The (1973)",Action|Adventure|Comedy,72281,2926,movie
31925,Royal Flash (1975),Adventure|Comedy|Romance,73639,54302,movie
31952,Control (Kontroll) (2003),Comedy|Crime|Drama|Mystery,373981,5204,movie
31973,Germany Year Zero (Germania anno zero) (Deutschland im Jahre Null) (1948),Drama|War,39417,8016,movie
32009,Tyler Perry's Diary of a Mad Black Woman (2005),Comedy|Drama|Romance,422093,16186,movie
32011,Cursed (2005),Horror|Thriller,257516,10012,movie
32017,"Pacifier, The (2005)",Action|Comedy,395699,10022,movie
32019,Be Cool (2005),Comedy|Crime|Musical,377471,4551,movie
32022,Gunner Palace (2004),Documentary|War,424129,30856,movie
32029,Hostage (2005),Action|Crime|Drama|Thriller,340163,2026,movie
32031,Robots (2005),Adventure|Animation|Children|Comedy|Fantasy|Sci-Fi|IMAX,358082,9928,movie
32058,Class Action (1991),Drama,101590,15771,movie
32060,"Cat and the Canary, The (1927)",Horror|Mystery,17739,76804,movie
32116,"Oh, God! You Devil (1984)",Comedy,87835,38148,movie
32139,"Agony and the Ecstasy, The (1965)",Drama,58886,36815,movie
32160,Twentieth Century (1934),Comedy,25919,31835,movie
32179,Elevator to the Gallows (a.k.a. Frantic) (Ascenseur pour l'échafaud) (1958),Crime|Drama|Thriller,51378,1093,movie
32213,Cube Zero (2004),Horror|Mystery|Sci-Fi|Thriller,377713,438,movie
32234,Julia (1977),Drama,76245,42222,movie
32243,Stealing Rembrandt (Rembrandt) (2003),Action|Comedy|Crime,345853,11196,movie
32289,Ice Princess (2005),Children|Comedy|Drama,396652,13374,movie
32291,Melinda and Melinda (2004),Comedy|Drama,378947,9688,movie
32294,Milk and Honey (2003),Drama,347540,228890,movie
32296,Miss Congeniality 2: Armed and Fabulous (2005),Adventure|Comedy|Crime,385307,10040,movie
32298,Guess Who (2005),Comedy|Romance,372237,11638,movie
32300,D.E.B.S. (2004),Action|Comedy,367631,540,movie
32302,"League of Ordinary Gentlemen, A (2004)",Documentary,430289,77120,movie
32314,Incident at Loch Ness (2004),Adventure|Comedy|Documentary,374639,48463,movie
32371,Call Northside 777 (1948),Crime|Drama|Film-Noir,40202,26038,movie
32387,"Sword of Doom, The (Dai-bosatsu tôge) (1966)",Action|Drama,60277,19884,movie
32392,800 Bullets (800 Balas) (2002),Comedy|Crime|Drama|Western,292886,37748,movie
32440,If Looks Could Kill (1991),Action|Comedy,102095,22434,movie
32442,Greedy (1994),Comedy,109936,12778,movie
32456,"Pom Poko (a.k.a. Raccoon War, The) (Heisei tanuki gassen pompoko) (1994)",Animation|Comedy|Drama|Fantasy,110008,15283,movie
32460,Knockin' on Heaven's Door (1997),Action|Comedy|Crime|Drama,119472,158,movie
32469,We're No Angels (1955),Comedy|Crime|Drama,48801,5996,movie
32511,"Touch of Zen, A (Xia nu) (1971)",Action|Adventure,64451,44154,movie
32515,Walker (1987),Adventure|Drama|War|Western,96409,28448,movie
32554,Memories (Memorîzu) (1995),Animation|Fantasy|Sci-Fi|Thriller,113799,42994,movie
32582,"Wild Parrots of Telegraph Hill, The (2003)",Documentary,424565,17592,movie
32584,"Ballad of Jack and Rose, The (2005)",Drama,357110,17113,movie
32587,Sin City (2005),Action|Crime|Film-Noir|Mystery|Thriller,401792,187,movie
32589,Beauty Shop (2005),Comedy,388500,14177,movie
32596,Sahara (2005),Action|Adventure|Comedy,318649,7364,movie
32598,Fever Pitch (2005),Comedy|Romance,332047,11431,movie
32620,Not on the Lips (Pas sur la bouche) (2003),Comedy|Musical|Romance,356999,51945,movie
32632,Electra Glide in Blue (1973),Action|Crime,70022,26332,movie
32649,"Special Day, A (Giornata particolare, Una) (1977)",Drama|War,76085,42229,movie
32657,"Man Who Planted Trees, The (Homme qui plantait des arbres, L') (1987)",Animation|Drama,93488,49565,movie
32659,Tanguy (2001),Comedy,274155,2029,movie
32666,National Lampoon's Lady Killers (National Lampoon's Gold Diggers) (2003),Comedy,376717,44181,movie
32728,"Little Girl Who Lives Down the Lane, The (1976)",Drama|Mystery|Thriller,74806,19971,movie
32743,Ringu 0: Bâsudei (2000),Drama|Horror|Thriller,235712,9674,movie
32770,Brothers (Brødre) (2004),Drama,386342,3875,movie
32799,Maidens in Uniform (Mädchen in Uniform) (1931),Drama|Romance,22183,9653,movie
32862,With Six You Get Eggroll (1968),Comedy|Romance,63821,39225,movie
32875,Holiday (Jour de fête) (1949),Comedy,40497,4595,movie
32892,Ivan's Childhood (a.k.a. My Name is Ivan) (Ivanovo detstvo) (1962),Drama|War,56111,31442,movie
32898,"Trip to the Moon, A (Voyage dans la lune, Le) (1902)",Action|Adventure|Fantasy|Sci-Fi,417,775,movie
32906,"Ascent, The (Voskhozhdeniye) (1977)",Drama|War,75404,50183,movie
32914,Carrie (2002),Drama|Horror|Thriller,319970,7342,movie
32917,Boccaccio '70 (1962),Comedy|Fantasy|Romance,55805,45267,movie
33004,"Hitchhiker's Guide to the Galaxy, The (2005)",Adventure|Comedy|Sci-Fi,371724,7453,movie
33085,"Amityville Horror, The (2005)",Horror|Thriller,384806,10065,movie
33090,Mutant Aliens (2001),Animation|Comedy|Sci-Fi,277909,30863,movie
33124,Before the Fall (NaPolA - Elite für den Führer) (2004),Drama|War,384369,9393,movie
33126,"Frisco Kid, The (1979)",Comedy|Western,79180,16972,movie
33132,State Property 2 (2005),Action|Crime|Drama,403537,13409,movie
33138,Palindromes (2004),Adventure|Comedy|Drama,362004,13073,movie
33145,"Lot Like Love, A (2005)",Comedy|Drama|Romance,391304,8976,movie
33148,King's Ransom (2005),Comedy|Crime,388183,27360,movie
33154,Enron: The Smartest Guys in the Room (2005),Documentary,413845,13020,movie
33158,xXx: State of the Union (2005),Action|Crime|Thriller,329774,11679,movie
33162,Kingdom of Heaven (2005),Action|Drama|Romance|War,320661,1495,movie
33164,House of Wax (2005),Horror|Thriller,397065,10066,movie
33166,Crash (2004),Crime|Drama,375679,1640,movie
33171,Mysterious Skin (2004),Drama|Mystery,370986,11171,movie
33188,Mischief (1985),Comedy|Romance,89601,14750,movie
33201,Between Your Legs (Entre las piernas) (1999),Drama|Mystery|Romance|Thriller,177747,53116,movie
33237,San Francisco (1936),Drama|Musical|Romance,28216,43881,movie
33294,Vampire Hunter D (1985),Animation|Fantasy|Horror,90248,9463,movie
33310,"Common Thread, A (a.k.a. Sequins) (Brodeuses) (2004)",Drama|Romance,387892,26810,movie
33312,"Cocoanuts, The (1929)",Comedy|Musical,19777,20625,movie
33421,Dear Wendy (2005),Drama,342272,10913,movie
33435,Los Angeles Plays Itself (2003),Documentary,379357,38643,movie
33437,Unleashed (Danny the Dog) (2005),Action|Crime|Drama|Thriller,342258,10027,movie
33493,Star Wars: Episode III - Revenge of the Sith (2005),Action|Adventure|Sci-Fi,121766,1895,movie
33495,Kicking & Screaming (2005),Comedy,384642,9981,movie
33499,Monster-in-Law (2005),Comedy|Romance,369735,4379,movie
33558,"Snow Walker, The (2003)",Adventure|Drama,337721,14694,movie
33564,Divorce - Italian Style (Divorzio all'italiana) (1961),Comedy,55913,20271,movie
33615,Madagascar (2005),Adventure|Animation|Children|Comedy,351283,953,movie
33629,Airborne (1993),Adventure|Comedy,106233,13064,movie
33639,Mad Hot Ballroom (2005),Children|Documentary,438205,14358,movie
33644,Dominion: Prequel to the Exorcist (2005),Horror|Thriller,449086,12700,movie
33646,"Longest Yard, The (2005)",Comedy|Drama,398165,9291,movie
33649,Saving Face (2004),Comedy|Drama|Romance,384504,19316,movie
33660,Cinderella Man (2005),Drama|Romance,352248,921,movie
33669,"Sisterhood of the Traveling Pants, The (2005)",Adventure|Comedy|Drama,403508,9779,movie
33672,Lords of Dogtown (2005),Action|Comedy|Drama,355702,9787,movie
33677,Rock School (2005),Documentary,436727,23825,movie
33679,Mr. & Mrs. Smith (2005),Action|Adventure|Comedy|Romance,356910,787,movie
33681,"Adventures of Sharkboy and Lavagirl 3-D, The (2005)",Action|Adventure|Children|Fantasy,424774,14199,movie
33683,High Tension (Haute tension) (Switchblade Romance) (2003),Horror|Thriller,338095,10226,movie
33725,It's All Gone Pete Tong (2004),Comedy|Drama|Musical,388139,12109,movie
33779,Eddie Izzard: Dress to Kill (1999),Comedy,184424,13589,movie
33781,Quo Vadis (1951),Drama|Romance,43949,11620,movie
33794,Batman Begins (2005),Action|Crime|IMAX,372784,272,movie
33801,Godzilla: Final Wars (Gojira: Fainaru uôzu) (2004),Action|Adventure|Fantasy|Sci-Fi,399102,15767,movie
33815,"Perfect Man, The (2005)",Comedy|Drama|Romance,380623,15648,movie
33826,Saint Ralph (2004),Comedy|Drama,384488,25248,movie
33830,Herbie: Fully Loaded (2005),Adventure|Comedy|Romance,400497,11451,movie
33834,Land of the Dead (2005),Action|Horror|Thriller,418819,11683,movie
33836,Bewitched (2005),Comedy|Fantasy|Romance,374536,9722,movie
33838,Rize (2005),Documentary,436724,2287,movie
33880,Me and You and Everyone We Know (2005),Comedy|Drama,415978,1382,movie
33893,"Perfect Crime, The (Crimen Ferpecto) (Ferpect Crime) (2004)",Comedy|Crime|Thriller,395125,9534,movie
33896,3 Extremes (Three... Extremes) (Saam gaang yi) (2004),Horror,420251,33908,movie
33903,"Edukators, The (Die Fetten Jahre sind vorbei) (2004)",Comedy|Crime|Drama|Romance,408777,276,movie
33966,Cop and ½ (1993),Comedy,106613,12574,movie
34018,At the Circus (1939),Comedy|Musical,31060,22553,movie
34048,War of the Worlds (2005),Action|Adventure|Sci-Fi|Thriller,407304,74,movie
34072,"March of the Penguins (Marche de l'empereur, La) (2005)",Documentary,428803,1667,movie
34129,Rebound (2005),Comedy,376108,7233,movie
34143,Dark Water (2005),Drama|Horror|Thriller,382628,9009,movie
34148,"Beat That My Heart Skipped, The (battre mon coeur s'est arrêté, De) (2005)",Drama,411270,1553,movie
34150,Fantastic Four (2005),Action|Adventure|Sci-Fi,120667,9738,movie
34153,Murderball (2005),Documentary,436613,14278,movie
34162,Wedding Crashers (2005),Comedy|Romance,396269,9522,movie
34164,Happy Endings (2005),Comedy|Drama,361693,14922,movie
34271,Hustle & Flow (2005),Crime|Drama,410097,10476,movie
34292,Hardware (1990),Action|Horror|Sci-Fi,99740,11309,movie
34312,"Calcium Kid, The (2004)",Comedy,330111,31063,movie
34319,"Island, The (2005)",Action|Sci-Fi|Thriller,399201,1635,movie
34321,Bad News Bears (2005),Children|Comedy,408524,13341,movie
34323,"Devil's Rejects, The (2005)",Action|Crime|Horror,395584,1696,movie
34326,Last Days (2005),Drama,403217,1665,movie
34330,November (2004),Drama|Mystery,368089,9775,movie
34332,Sky High (2005),Action|Adventure|Children|Comedy,405325,11459,movie
34334,Stealth (2005),Action|Adventure|Sci-Fi|Thriller,382992,10048,movie
34336,Must Love Dogs (2005),Comedy|Romance,417001,11648,movie
34338,"Aristocrats, The (2005)",Comedy|Documentary,436078,15258,movie
34359,Georgy Girl (1966),Comedy,60453,42719,movie
34397,"Order, The (2001)",Action|Adventure|Drama|Thriller,193364,37632,movie
34405,Serenity (2005),Action|Adventure|Sci-Fi,379786,16320,movie
34437,Broken Flowers (2005),Comedy|Drama,412019,308,movie
34450,Miracles - Mr. Canton and Lady Rose (1989),Action|Comedy|Crime|Drama,98019,25074,movie
34482,"Browning Version, The (1951)",Drama,43362,39946,movie
34520,"Dukes of Hazzard, The (2005)",Action|Adventure|Comedy,377818,6519,movie
34523,The Chumscrubber (2005),Comedy|Drama,406650,13919,movie
34528,Junebug (2005),Comedy|Drama,418773,1444,movie
34530,Deuce Bigalow: European Gigolo (2005),Comedy,367652,11453,movie
34532,"Skeleton Key, The (2005)",Drama|Horror|Mystery|Thriller,397101,9913,movie
34534,Four Brothers (2005),Action|Crime|Drama,430105,8292,movie
34536,The Great Raid (2005),Action|Drama|War,326905,13922,movie
34540,Pretty Persuasion (2005),Comedy|Drama,381505,14166,movie
34542,Grizzly Man (2005),Documentary,427312,501,movie
34800,Private Resort (1985),Comedy,89839,17824,movie
34811,Pusher II: With Blood on My Hands (2004),Action|Crime|Drama|Thriller,396184,11328,movie
35015,Duma (2005),Adventure|Drama,361715,15907,movie
35347,Animal Farm (1954),Animation|Drama,47834,11848,movie
35807,"Teahouse of the August Moon, The (1956)",Comedy,49830,43313,movie
35836,"40-Year-Old Virgin, The (2005)",Comedy|Romance,405422,6957,movie
35957,Red Eye (2005),Horror|Thriller,421239,11460,movie
36276,Hidden (a.k.a. Cache) (Caché) (2005),Drama|Mystery|Thriller,387898,445,movie
36289,Asterix & Obelix vs. Caesar (Astérix et Obélix contre César) (1999),Adventure|Children|Comedy|Fantasy,133385,9564,movie
36363,Kin-Dza-Dza! (1986),Comedy|Drama|Sci-Fi,91341,20874,movie
36397,Valiant (2005),Adventure|Animation|Children|Comedy|Fantasy|War,361089,14175,movie
36401,"Brothers Grimm, The (2005)",Comedy|Fantasy|Horror|Thriller,355295,4442,movie
36477,"Baxter, The (2005)",Comedy|Drama|Romance,401244,13169,movie
36509,"Cave, The (2005)",Action|Adventure|Horror|Mystery|Sci-Fi|Thriller,402901,9042,movie
36517,"Constant Gardener, The (2005)",Drama|Thriller,387131,1985,movie
36519,Transporter 2 (2005),Action|Crime|Thriller,388482,9335,movie
36525,Just Like Heaven (2005),Comedy|Fantasy|Romance,425123,9007,movie
36527,Proof (2005),Drama,377107,9777,movie
36529,Lord of War (2005),Action|Crime|Drama|Thriller|War,399295,1830,movie
36533,Cry_Wolf (a.k.a. Cry Wolf) (2005),Drama|Horror|Mystery|Thriller,384286,10092,movie
36535,Everything Is Illuminated (2005),Comedy|Drama,404030,340,movie
36537,Thumbsucker (2005),Comedy|Drama,318761,1546,movie
36708,Family Guy Presents Stewie Griffin: The Untold Story (2005),Adventure|Animation|Comedy,385690,65215,movie
36850,Police Story 2 (Ging chaat goo si juk jaap) (1988),Action|Comedy|Crime|Thriller,95403,10753,movie
36931,New Police Story (Xin jing cha gu shi) (2004),Action|Crime|Drama,386005,11636,movie
37211,Go West (1940),Comedy|Musical|Western,32536,22575,movie
37240,Why We Fight (2005),Documentary,436971,14286,movie
37380,Doom (2005),Action|Horror|Sci-Fi,419706,8814,movie
37382,Domino (2005),Crime|Drama|Thriller,421054,9923,movie
37384,Waiting... (2005),Comedy,348333,7553,movie
37386,Aeon Flux (2005),Action|Sci-Fi,402022,8202,movie
37444,Frankenstein 90 (1984),Comedy|Horror|Romance,87289,3118,movie
37475,"Unfinished Life, An (2005)",Drama,350261,1947,movie
37477,"Man, The (2005)",Action|Comedy|Crime,399327,9074,movie
37495,Survive Style 5+ (2004),Fantasy|Mystery|Romance|Thriller,430651,16133,movie
37545,Woyzeck (1979),Drama,80149,10319,movie
37720,"Exorcism of Emily Rose, The (2005)",Crime|Drama|Horror|Thriller,404032,8643,movie
37727,Flightplan (2005),Action|Drama|Thriller,408790,9315,movie
37729,Corpse Bride (2005),Animation|Comedy|Fantasy|Musical|Romance,121164,3933,movie
37731,Green Street Hooligans (a.k.a. Hooligans) (2005),Crime|Drama,385002,8923,movie
37733,"History of Violence, A (2005)",Action|Crime|Drama|Thriller,399146,59,movie
37736,Oliver Twist (2005),Drama,380599,257,movie
37739,"Greatest Game Ever Played, The (2005)",Drama,388980,15487,movie
37741,Capote (2005),Crime|Drama,379725,398,movie
37830,Final Fantasy VII: Advent Children (2004),Action|Adventure|Animation|Fantasy|Sci-Fi,385700,647,movie
37844,Roll Bounce (2005),Comedy|Drama|Romance,403455,14544,movie
37853,Into the Blue (2005),Action|Adventure|Crime|Thriller,378109,11968,movie
37857,MirrorMask (2005),Adventure|Children|Drama|Fantasy,366780,14517,movie
38038,Wallace & Gromit in The Curse of the Were-Rabbit (2005),Adventure|Animation|Children|Comedy,312004,533,movie
38061,Kiss Kiss Bang Bang (2005),Comedy|Crime|Mystery|Thriller,373469,5236,movie
38095,"Bittersweet Life, A (Dalkomhan insaeng) (2005)",Action|Crime|Drama,456912,11344,movie
38159,"Short Film About Love, A (Krótki film o milosci) (1988)",Drama|Romance,95467,31056,movie
38164,"All This, and Heaven Too (1940)",Drama|Romance,32194,43807,movie
38198,Darwin's Nightmare (2004),Documentary,424024,415253,movie
38294,Beowulf & Grendel (2005),Action|Adventure|Drama|Fantasy,402057,5471,movie
38304,No Direction Home: Bob Dylan (2005),Documentary,367555,19082,movie
38388,Goal! The Dream Begins (Goal!) (2005),Drama,380389,9763,movie
38583,"Wraith, The (1986)",Action|Horror|Sci-Fi|Thriller,92240,10017,movie
38798,In Her Shoes (2005),Comedy|Drama,388125,11931,movie
38886,"Squid and the Whale, The (2005)",Comedy|Drama,367089,10707,movie
38992,Two for the Money (2005),Drama,417217,9910,movie
39183,Brokeback Mountain (2005),Drama|Romance,388795,142,movie
39231,Elizabethtown (2005),Comedy|Drama|Romance,368709,9621,movie
39234,North Country (2005),Drama,395972,9701,movie
39292,"Good Night, and Good Luck. (2005)",Crime|Drama,433383,3291,movie
39307,Dreamer: Inspired by a True Story (2005),Children|Drama,418647,12920,movie
39381,"Proposition, The (2005)",Crime|Drama|Western,421238,16608,movie
39400,"Fog, The (2005)",Action|Horror|Mystery|Thriller,432291,791,movie
39414,Shopgirl (2005),Comedy|Drama|Romance,338427,2610,movie
39427,Stay (2005),Thriller,371257,8066,movie
39435,"Legend of Zorro, The (2005)",Action|Adventure|Drama|Western,386140,1656,movie
39444,"Weather Man, The (2005)",Comedy|Drama,384680,6963,movie
39446,Saw II (2005),Horror|Thriller,432348,215,movie
39449,Prime (2005),Comedy|Drama|Romance,387514,2313,movie
39516,Don't Move (Non ti muovere) (2004),Drama,330702,16729,movie
39715,American Pie Presents: Band Camp (American Pie 4: Band Camp) (2005),Comedy,436058,8274,movie
39801,"Great Yokai War, The (Yôkai daisensô) (2005)",Adventure|Comedy|Fantasy|Horror,425661,42000,movie
39869,Manderlay (2005),Drama,342735,1951,movie
40148,Revolver (2005),Crime|Drama|Thriller,365686,10851,movie
40278,Jarhead (2005),Action|Drama|War,418763,25,movie
40339,Chicken Little (2005),Action|Adventure|Animation|Children|Comedy|Sci-Fi,371606,9982,movie
40412,Dead Man's Shoes (2004),Crime|Thriller,419677,12877,movie
40414,Joyeux Noël (Merry Christmas) (2005),Drama|War,424205,11661,movie
40478,Night of the Lepus (1972),Horror|Sci-Fi|Thriller,69005,38761,movie
40491,"Match Factory Girl, The (Tulitikkutehtaan tyttö) (1990)",Comedy|Drama,98532,7974,movie
40578,Sword of the Beast (Kedamono no ken) (1965),Action|Drama,200768,46917,movie
40581,Just Friends (2005),Comedy|Romance,433400,10033,movie
40583,Syriana (2005),Drama|Thriller,365737,231,movie
40597,One-Way Ticket to Mombasa (Menolippu Mombasaan) (2002),Comedy|Drama,328132,68098,movie
40614,Derailed (2005),Drama|Thriller,398017,8999,movie
40617,Creep (2004),Horror|Thriller,381966,8555,movie
40629,Pride & Prejudice (2005),Drama|Romance,414387,4348,movie
40697,Babylon 5,Sci-Fi,105946,3137,tv
40723,Wolf Creek (2005),Crime|Horror|Thriller,416315,9885,movie
40732,"Descent, The (2005)",Adventure|Drama|Horror|Thriller,435625,9392,movie
40815,Harry Potter and the Goblet of Fire (2005),Adventure|Fantasy|Thriller|IMAX,330373,674,movie
40819,Walk the Line (2005),Drama|Musical|Romance,358273,69,movie
40826,Rent (2005),Drama|Musical|Romance,294870,1833,movie
40851,Zathura (2005),Action|Adventure|Children|Fantasy,406375,6795,movie
40870,C.R.A.Z.Y. (2005),Drama,401085,11421,movie
40946,Sarah Silverman: Jesus Is Magic (2005),Comedy|Musical,422528,16156,movie
40955,Breakfast on Pluto (2005),Comedy|Drama,411195,1420,movie
40959,"Ice Harvest, The (2005)",Action|Comedy|Crime|Thriller,400525,9005,movie
40962,"Yours, Mine and Ours (2005)",Comedy|Romance,443295,13499,movie
40966,"Libertine, The (2004)",Drama,375920,7548,movie
41014,"Bird with the Crystal Plumage, The (Uccello dalle piume di cristallo, L') (1970)",Crime|Horror|Mystery|Thriller,65143,20345,movie
41285,Match Point (2005),Crime|Drama|Romance,416320,116,movie
41527,Paradise Now (2005),Crime|Drama|Thriller|War,445620,67,movie
41566,"Chronicles of Narnia: The Lion, the Witch and the Wardrobe, The (2005)",Adventure|Children|Fantasy,363771,411,movie
41569,King Kong (2005),Action|Adventure|Drama|Fantasy|Thriller,360717,254,movie
41571,Memoirs of a Geisha (2005),Drama|Romance,397535,1904,movie
41573,"Family Stone, The (2005)",Comedy|Drama|Romance,356680,9043,movie
41617,Havoc (2005),Crime|Drama|Romance,285175,14695,movie
41627,Samurai Rebellion (Jôi-uchi: Hairyô tsuma shimatsu) (1967),Action|Drama,61847,27031,movie
41712,"Room for Romeo Brass, A (1999)",Comedy|Drama,202559,22908,movie
41716,"Matador, The (2005)",Comedy|Drama|Thriller,365485,9515,movie
41724,Wal-Mart: The High Cost of Low Price (2005),Documentary,473107,29595,movie
41769,Mozart and the Whale (2005),Comedy|Drama|Romance,392465,23478,movie
41828,Don't Look Now: We're Being Shot At (La grande vadrouille) (1966),Comedy|War,60474,8290,movie
41863,"Three Burials of Melquiades Estrada, The (2006)",Adventure|Crime|Drama,419294,8053,movie
41997,Munich (2005),Action|Crime|Drama|Thriller,408306,612,movie
42002,"Producers, The (2005)",Comedy|Musical,395251,9899,movie
42004,Transamerica (2005),Adventure|Comedy|Drama,407265,546,movie
42007,Rumor Has It... (2005),Comedy|Drama|Romance,398375,2800,movie
42009,Cheaper by the Dozen 2 (2005),Adventure|Comedy,452598,9641,movie
42011,Fun with Dick and Jane (2005),Comedy|Crime,369441,7552,movie
42013,"Ringer, The (2005)",Comedy,267891,9927,movie
42015,Casanova (2005),Action|Adventure|Comedy|Drama|Romance,402894,9681,movie
42018,Mrs. Henderson Presents (2005),Comedy|Drama,413015,10773,movie
42176,"Ear, The (Ucho) (1970)",Drama|Thriller,66498,88953,movie
42191,Luxo Jr. (1986),Animation|Children,91455,13925,movie
42285,"Dentist, The (1996)",Horror|Thriller,116075,9568,movie
42418,"New World, The (2005)",Adventure|Drama|Romance,402399,11400,movie
42422,Voices of a Distant Star (Hoshi no koe) (2003),Animation|Drama|Romance|Sci-Fi,370754,37910,movie
42556,7 Faces of Dr. Lao (1964),Fantasy|Mystery|Western,57812,14241,movie
42559,Samurai Assassin (Samurai) (1965),Action|Adventure|Drama,59673,79406,movie
42602,"Boys of Baraka, The (2005)",Documentary,444608,38785,movie
42632,Lady Vengeance (Sympathy for Lady Vengeance) (Chinjeolhan geumjassi) (2005),Crime|Drama|Mystery|Thriller,451094,4550,movie
42638,Grand Theft Parsons (2003),Comedy|Drama,338075,16433,movie
42718,District 13 (Banlieue 13) (2004),Action|Crime|Sci-Fi,414852,10045,movie
42723,Hostel (2005),Horror,450278,1690,movie
42725,Grandma's Boy (2006),Comedy,456554,9900,movie
42728,Tristan & Isolde (2006),Drama|Romance,375154,9044,movie
42730,Glory Road (2006),Drama,385726,9918,movie
42732,Last Holiday (2006),Comedy,408985,17379,movie
42734,Hoodwinked! (2005),Animation|Children|Comedy,443536,10982,movie
42738,Underworld: Evolution (2006),Action|Fantasy|Horror,401855,834,movie
42740,Looking for Comedy in the Muslim World (2005),Comedy,433116,25890,movie
42761,Casper Meets Wendy (1998),Adventure|Children|Comedy|Fantasy,140883,39345,movie
42943,Revolution (1985),Adventure|Drama|War,89913,12701,movie
42946,Project A ('A' gai waak) (1983),Action|Comedy,85127,21519,movie
43289,"Bird People in China, The (Chûgoku no chôjin) (1998)",Adventure|Comedy|Drama|Fantasy,142181,28638,movie
43333,Water (2005),Drama|Romance,240200,7509,movie
43376,Sophie Scholl: The Final Days (Sophie Scholl - Die letzten Tage) (2005),Drama|War,426578,2117,movie
43396,"World's Fastest Indian, The (2005)",Drama,412080,9912,movie
43419,Bandidas (2006),Action|Comedy|Crime|Western,416496,1969,movie
43460,Tristram Shandy: A Cock and Bull Story (2005),Comedy|Drama,423409,8435,movie
43549,Helter Skelter (2004),Action|Crime|Drama|Horror,383393,45759,movie
43556,Annapolis (2006),Drama,417433,13275,movie
43558,Big Momma's House 2 (2006),Action|Comedy|Crime,421729,11565,movie
43560,Nanny McPhee (2005),Children|Comedy|Fantasy,396752,11283,movie
43677,"Tuskegee Airmen, The (1995)",Drama|War,114745,31894,movie
43679,Final Destination 3 (2006),Horror|Mystery|Thriller,414982,9286,movie
43684,Something New (2006),Comedy|Drama|Romance,437777,15363,movie
43708,Block Party (a.k.a. Dave Chappelle's Block Party) (2005),Comedy|Documentary,425598,292,movie
43744,Imagine Me & You (2005),Comedy|Drama|Romance,421994,1544,movie
43836,"Pink Panther, The (2006)",Adventure|Comedy|Crime,383216,12096,movie
43869,Curious George (2006),Adventure|Animation|Children|Comedy,381971,9975,movie
43871,Firewall (2006),Crime|Drama|Thriller,408345,9754,movie
43904,When a Stranger Calls (2006),Horror|Thriller,455857,10053,movie
43908,London (2005),Drama,449061,7515,movie
43912,Freedomland (2006),Crime|Drama,349467,9959,movie
43914,Winter Passing (2005),Drama,380817,14256,movie
43917,Eight Below (2006),Action|Adventure|Drama|Romance,397313,9036,movie
43919,Date Movie (2006),Comedy|Romance,466342,10073,movie
43921,Running Scared (2006),Action|Crime|Thriller,404390,7304,movie
43928,Ultraviolet (2006),Action|Fantasy|Sci-Fi|Thriller,370032,9920,movie
43930,Just My Luck (2006),Comedy|Romance,397078,10025,movie
43932,Pulse (2006),Action|Drama|Fantasy|Horror|Mystery|Sci-Fi|Thriller,454919,9682,movie
43936,16 Blocks (2006),Crime|Thriller,450232,2207,movie
44004,Failure to Launch (2006),Comedy|Romance,427229,6877,movie
44020,Ultimate Avengers (2006),Action|Animation|Children|Sci-Fi,491703,14609,movie
44022,Ice Age 2: The Meltdown (2006),Adventure|Animation|Children|Comedy,438097,950,movie
44189,Ask the Dust (2006),Drama|Romance,384814,1967,movie
44191,V for Vendetta (2006),Action|Sci-Fi|Thriller|IMAX,434409,752,movie
44193,She's the Man (2006),Comedy|Romance,454945,9655,movie
44195,Thank You for Smoking (2006),Comedy|Drama,427944,9388,movie
44197,Find Me Guilty (2006),Comedy|Crime|Drama,419749,9950,movie
44199,Inside Man (2006),Crime|Drama|Thriller,454848,388,movie
44204,Tsotsi (2005),Crime|Drama,468565,868,movie
44225,Aquamarine (2006),Children|Comedy|Fantasy,429591,14191,movie
44238,Leprechaun 2 (1994),Comedy|Fantasy|Horror,110329,18009,movie
44241,Leprechaun 3 (1995),Comedy|Fantasy|Horror,113636,19286,movie
44243,Leprechaun 4: In Space (1997),Comedy|Fantasy|Horror|Sci-Fi,116861,19287,movie
44301,Lights in the Dusk (Laitakaupungin valot) (2006),Crime|Drama,458242,1379,movie
44397,"Hills Have Eyes, The (2006)",Drama|Horror|Thriller,454841,9792,movie
44399,"Shaggy Dog, The (2006)",Adventure|Children|Comedy|Fantasy,393735,10067,movie
44511,Unknown White Male (2005),Documentary,436864,35555,movie
44555,"Lives of Others, The (Das leben der Anderen) (2006)",Drama|Romance|Thriller,405094,582,movie
44597,Youth of the Beast (Yaju no seishun) (1963),Action|Crime|Mystery,57697,37939,movie
44613,Take the Lead (2006),Drama,446046,12763,movie
44633,"Devil and Daniel Johnston, The (2005)",Documentary,436231,13222,movie
44657,Mouchette (1967),Drama,61996,1561,movie
44665,Lucky Number Slevin (2006),Crime|Drama|Mystery,425210,186,movie
44694,Volver (2006),Comedy|Drama,441909,219,movie
44709,Akeelah and the Bee (2006),Drama,437800,13751,movie
44719,Brainstorm (2001),Drama,263124,53961,movie
44731,Stay Alive (2006),Horror|Sci-Fi|Thriller,441796,10069,movie
44759,Basic Instinct 2 (2006),Crime|Drama|Mystery|Thriller,430912,3093,movie
44761,Brick (2005),Crime|Drama|Film-Noir|Mystery,393109,9270,movie
44773,"Dead Hate the Living!, The (2000)",Comedy|Horror,225481,28349,movie
44777,Evil Aliens (2005),Comedy|Horror|Sci-Fi,383353,10177,movie
44788,This Film Is Not Yet Rated (2006),Documentary,493459,16070,movie
44828,Slither (2006),Comedy|Horror|Sci-Fi,439815,9035,movie
44840,"Benchwarmers, The (2006)",Comedy,437863,9957,movie
44849,Renaissance (2006),Action|Animation|Film-Noir|Sci-Fi|Thriller,386741,9389,movie
44851,Go for Zucker! (Alles auf Zucker!) (2004),Comedy,416331,460,movie
44864,Friends with Money (2006),Comedy|Drama|Romance,436331,8998,movie
44889,Reefer Madness: The Movie Musical (2005),Comedy|Drama|Musical,404364,20521,movie
44929,Candy (2006),Drama|Romance,424880,4441,movie
44931,Secrets of a Soul (Geheimnisse einer Seele) (1926),Drama,16914,84954,movie
44937,"Child, The (L'enfant) (2005)",Crime|Drama,456396,11490,movie
44943,9/11 (2002),Documentary,312318,11304,movie
44972,Scary Movie 4 (2006),Comedy|Horror,362120,4257,movie
44974,Hard Candy (2005),Drama|Thriller,424136,2652,movie
45028,"Prairie Home Companion, A (2006)",Comedy|Drama|Musical,420087,9526,movie
45062,"Sentinel, The (2006)",Crime|Drama|Thriller,443632,5820,movie
45074,"Wild, The (2006)",Adventure|Animation|Children|Comedy|Fantasy,405469,9904,movie
45081,Silent Hill (2006),Fantasy|Horror|Thriller,384537,588,movie
45106,American Dreamz (2006),Comedy|Drama,465142,9310,movie
45175,Kinky Boots (2005),Comedy|Drama,434124,16367,movie
45183,"Protector, The (a.k.a. Warrior King) (Tom yum goong) (2005)",Action|Comedy|Crime|Thriller,427954,8982,movie
45186,Mission: Impossible III (2006),Action|Adventure|Thriller,317919,956,movie
45208,RV (2006),Adventure|Children|Comedy,449089,9530,movie
45210,United 93 (2006),Crime|Drama,475276,9829,movie
45221,Stick It (2006),Comedy,430634,10115,movie
45361,"American Haunting, An (2005)",Drama|Horror|Mystery|Thriller,429573,10008,movie
45382,Down in the Valley (2005),Drama|Romance,398027,7870,movie
45431,Over the Hedge (2006),Adventure|Animation|Children|Comedy,327084,7518,movie
45440,Art School Confidential (2006),Comedy|Drama,364955,9786,movie
45442,Poseidon (2006),Action|Adventure|Thriller|IMAX,409182,503,movie
45447,"Da Vinci Code, The (2006)",Drama|Mystery|Thriller,382625,591,movie
45499,X-Men: The Last Stand (2006),Action|Sci-Fi|Thriller,376994,36668,movie
45501,"Break-Up, The (2006)",Comedy|Drama|Romance,452594,9767,movie
45503,Peaceful Warrior (2006),Drama,438315,13689,movie
45517,Cars (2006),Animation|Children|Comedy,317219,920,movie
45635,"Notorious Bettie Page, The (2005)",Drama,404802,15402,movie
45648,Game 6 (2005),Comedy|Drama,425055,80919,movie
45658,On a Clear Day (2005),Drama,410400,38344,movie
45662,"Omen, The (2006)",Horror|Thriller,466909,806,movie
45666,Nacho Libre (2006),Comedy,457510,9353,movie
45668,"Lake House, The (2006)",Drama|Fantasy|Romance,410297,2044,movie
45672,Click (2006),Adventure|Comedy|Drama|Fantasy|Romance,389860,9339,movie
45720,"Devil Wears Prada, The (2006)",Comedy|Drama,458352,350,movie
45722,Pirates of the Caribbean: Dead Man's Chest (2006),Action|Adventure|Fantasy,383574,58,movie
45726,"You, Me and Dupree (2006)",Comedy,463034,1819,movie
45728,Clerks II (2006),Comedy,424345,2295,movie
45730,Lady in the Water (2006),Drama|Fantasy|Mystery,452637,9697,movie
45732,My Super Ex-Girlfriend (2006),Comedy|Fantasy|Romance,465624,4474,movie
45880,Marie Antoinette (2006),Drama|Romance,422720,1887,movie
45928,Who Killed the Electric Car? (2006),Documentary,489037,13508,movie
45950,"Inconvenient Truth, An (2006)",Documentary,497116,1781,movie
45969,Career Opportunities (1991),Comedy|Romance,101545,16270,movie
46062,High School Musical (2006),Children|Comedy|Drama|Musical|Romance,475293,10947,movie
46105,I Am a Sex Addict (2005),Comedy|Documentary|Romance,428649,17628,movie
46231,Stoned (2005),Drama,426627,17741,movie
46322,Jet Li's Fearless (Huo Yuan Jia) (2006),Action|Drama,446059,7549,movie
46335,"Fast and the Furious: Tokyo Drift, The (Fast and the Furious 3, The) (2006)",Action|Crime|Drama|Thriller,463985,9615,movie
46337,Garfield: A Tail of Two Kitties (2006),Animation|Children|Comedy,455499,9513,movie
46347,Metal: A Headbanger's Journey (2005),Documentary,478209,20604,movie
46367,"Public Eye, The (1992)",Crime|Thriller,105187,31692,movie
46530,Superman Returns (2006),Action|Adventure|Sci-Fi|IMAX,348150,1452,movie
46559,"Road to Guantanamo, The (2006)",Drama|War,468094,7872,movie
46572,Edmond (2005),Drama|Thriller,443496,18191,movie
46574,"OH in Ohio, The (2006)",Comedy,422861,14474,movie
46578,Little Miss Sunshine (2006),Adventure|Comedy|Drama,449059,773,movie
46664,"Fallen Idol, The (1948)",Drama|Mystery|Thriller,40338,21631,movie
46723,Babel (2006),Drama|Thriller,449467,1164,movie
46772,Strangers with Candy (2005),Comedy,369994,13141,movie
46850,Wordplay (2006),Documentary,492506,35199,movie
46855,Army of Shadows (L'armée des ombres) (1969),Action|Drama|Thriller|War,64040,15383,movie
46862,Orchestra Rehearsal (Prova d'orchestra) (1978),Drama,79759,47850,movie
46865,Little Man (2006),Comedy,430304,9072,movie
46948,Monster House (2006),Animation|Children|Fantasy|Mystery,385880,9297,movie
46965,Snakes on a Plane (2006),Action|Comedy|Horror|Thriller,417148,326,movie
46967,Scoop (2006),Comedy|Fantasy|Mystery,457513,512,movie
46970,Talladega Nights: The Ballad of Ricky Bobby (2006),Action|Comedy,415306,9718,movie
46972,Night at the Museum (2006),Action|Comedy|Fantasy|IMAX,477347,1593,movie
46974,World Trade Center (2006),Drama,469641,1852,movie
46976,Stranger than Fiction (2006),Comedy|Drama|Fantasy|Romance,420223,1262,movie
47044,Miami Vice (2006),Action|Crime|Drama|Thriller,430357,82,movie
47099,"Pursuit of Happyness, The (2006)",Drama,454921,1402,movie
47122,John Tucker Must Die (2006),Comedy|Romance,455967,9293,movie
47124,"Ant Bully, The (2006)",Adventure|Animation|Children|Comedy|Fantasy|IMAX,429589,9906,movie
47200,Crank (2006),Action|Thriller,479884,1948,movie
47202,"Secret Life of Words, The (2005)",Drama|Romance,430576,148,movie
47254,Chaos (2005),Action|Crime|Drama|Thriller,402910,5289,movie
47261,"Night Listener, The (2006)",Fantasy|Mystery|Thriller,448075,9782,movie
47382,Step Up (2006),Drama|Romance,462590,9762,movie
47384,Zoom (2006),Adventure|Comedy|Drama|Fantasy,383060,14113,movie
47404,Mind Game (2004),Adventure|Animation|Comedy|Fantasy|Romance|Sci-Fi,452039,21712,movie
47423,Half Nelson (2006),Drama,468489,7859,movie
47446,"Moustache, La (2005)",Drama|Mystery|Thriller,428856,16998,movie
47465,Tideland (2005),Drama|Fantasy|Thriller,410764,11559,movie
47491,Adam's Apples (Adams æbler) (2005),Comedy|Drama,418455,1023,movie
47516,Material Girls (2006),Children|Comedy|Drama,433412,10118,movie
47518,Accepted (2006),Comedy,384793,9788,movie
47538,Crime Busters (1977),Action|Adventure|Comedy|Crime,74442,11689,movie
47566,Born to Kill (1947),Crime|Drama|Film-Noir,39211,33813,movie
47610,"Illusionist, The (2006)",Drama|Fantasy|Mystery|Romance,443543,1491,movie
47629,The Queen (2006),Drama,436697,1165,movie
47640,Beerfest (2006),Comedy,486551,9988,movie
47644,Invincible (2006),Drama,445990,11652,movie
47646,Idlewild (2006),Crime|Drama|Musical,417225,13816,movie
47721,"Red Balloon, The (Ballon rouge, Le) (1956)",Children|Fantasy,48980,15265,movie
47725,Angel-A (2005),Comedy|Drama|Fantasy|Romance,473753,11227,movie
47736,"Chump at Oxford, A (1940)",Comedy,32339,33810,movie
47774,"Icicle Thief, The (Ladri di saponette) (1989)",Comedy|Fantasy,97702,41937,movie
47793,"Puffy Chair, The (2006)",Drama|Romance,436689,24055,movie
47810,"Wicker Man, The (2006)",Horror|Mystery|Thriller,450345,9708,movie
47894,"Wind That Shakes the Barley, The (2006)",Drama|War,460989,1116,movie
47937,Severance (2006),Comedy|Horror|Thriller,464196,5072,movie
47950,Hollywoodland (2006),Crime|Drama|Mystery|Thriller,427969,1249,movie
47952,"Covenant, The (2006)",Action|Horror|Thriller,475944,9954,movie
47970,"Last Kiss, The (2006)",Comedy|Drama,434139,7511,movie
47978,SherryBaby (2006),Drama,423169,13075,movie
47997,Idiocracy (2006),Adventure|Comedy|Sci-Fi|Thriller,387808,7512,movie
47999,Jesus Camp (2006),Documentary|Drama,486358,1776,movie
48001,"Bow, The (Hwal) (2005)",Drama|Romance,456470,1963,movie
48032,"Tiger and the Snow, The (La tigre e la neve) (2005)",Comedy|Drama|Romance|War,419198,10846,movie
48043,"Fountain, The (2006)",Drama|Fantasy|Romance,414993,1381,movie
48045,Fear City: A Family-Style Comedy (La cité de la peur) (1994),Comedy,109440,15097,movie
48082,"Science of Sleep, The (La science des rêves) (2006)",Comedy|Drama|Fantasy|Romance,354899,300,movie
48142,"Black Dahlia, The (2006)",Crime|Drama|Mystery|Thriller,387877,9676,movie
48150,"Woods, The (2006)",Horror,380066,6948,movie
48161,Gridiron Gang (2006),Drama,421206,9766,movie
48214,Land of Plenty (Angst and Alienation in America) (2004),Drama,382357,1595,movie
48262,"Bridge, The (2006)",Documentary,799954,1666,movie
48304,Apocalypto (2006),Adventure|Drama|Thriller,472043,1579,movie
48319,Flyboys (2006),Action|Adventure|Drama|War,454824,9664,movie
48322,Jackass Number Two (2006),Comedy|Documentary,493430,12094,movie
48326,All the King's Men (2006),Drama,405676,1717,movie
48342,Conversations with Other Women (2005),Comedy|Drama|Romance,435623,15624,movie
48385,Borat: Cultural Learnings of America for Make Benefit Glorious Nation of Kazakhstan (2006),Comedy,443453,496,movie
48394,"Pan's Labyrinth (Laberinto del fauno, El) (2006)",Drama|Fantasy|Thriller,457430,1417,movie
48412,"Guardian, The (2006)",Action|Adventure|Drama,406816,4643,movie
48414,Open Season (2006),Adventure|Animation|Children|Comedy|IMAX,400717,7484,movie
48416,School for Scoundrels (2006),Comedy|Crime,462519,9842,movie
48516,"Departed, The (2006)",Crime|Drama|Thriller,407887,1422,movie
48518,"Texas Chainsaw Massacre: The Beginning, The (2006)",Horror|Thriller,420294,10781,movie
48520,Employee of the Month (2006),Comedy,424993,9794,movie
48560,Running With Scissors (2006),Comedy|Drama,439289,7510,movie
48593,Man of the Year (2006),Comedy|Thriller,483726,9895,movie
48596,"Marine, The (2006)",Action|Drama|Thriller,419946,8975,movie
48598,Infamous (2006),Drama,420609,9672,movie
48638,Fellini's Casanova (Il Casanova di Federico Fellini) (1976),Drama|Romance,74291,42236,movie
48649,Chapayev (1934),Drama|War,24966,46774,movie
48678,Feast (2005),Action|Comedy|Horror|Thriller,426459,10070,movie
48696,Little Children (2006),Drama|Romance,404203,1440,movie
48698,Deliver Us from Evil (2006),Documentary,814075,13364,movie
48738,"Last King of Scotland, The (2006)",Drama|Thriller,455590,1523,movie
48741,"U.S. vs. John Lennon, The (2006)",Documentary,478049,14201,movie
48744,Shortbus (2006),Comedy|Drama|Romance,367027,1378,movie
48774,Children of Men (2006),Action|Adventure|Drama|Sci-Fi|Thriller,206634,9693,movie
48780,"Prestige, The (2006)",Drama|Mystery|Sci-Fi|Thriller,482571,1124,movie
48783,Flags of Our Fathers (2006),Drama|War,418689,3683,movie
48872,13 Tzameti (2005),Film-Noir|Thriller,475169,6077,movie
48877,Saw III (2006),Crime|Horror|Thriller,489270,214,movie
48879,Catch a Fire (2006),Drama|Thriller,437232,1123,movie
48883,Death of a President (2006),Crime|Drama|Mystery|Thriller,853096,21173,movie
48982,Flushed Away (2006),Animation|Comedy,424095,11619,movie
48997,Perfume: The Story of a Murderer (2006),Crime|Drama|Thriller,396171,1427,movie
49013,"Santa Clause 3: The Escape Clause, The (2006)",Comedy|Fantasy,452681,13767,movie
49110,Mom and Dad Save the World (1992),Comedy|Sci-Fi,104905,27295,movie
49130,"Good Year, A (2006)",Comedy|Drama|Romance,401445,9726,movie
49132,Shut Up & Sing (2006),Documentary,811136,2152,movie
49220,For Your Consideration (2006),Comedy,470765,14799,movie
49263,Fuck (2005),Comedy|Documentary,486585,21710,movie
49265,Shooting Dogs (a.k.a. Beyond the Gates) (2005),Documentary|Drama|War,420901,8588,movie
49272,Casino Royale (2006),Action|Adventure|Thriller,381061,36557,movie
49274,Happy Feet (2006),Adventure|Animation|Children|Comedy|IMAX,366548,9836,movie
49276,Let's Go to Prison (2006),Comedy,454987,9809,movie
49278,Déjà Vu (Deja Vu) (2006),Action|Sci-Fi|Thriller,453467,7551,movie
49280,Bobby (2006),Drama,308055,10741,movie
49284,10 Items or Less (2006),Comedy|Drama|Romance,499603,2357,movie
49286,"Holiday, The (2006)",Comedy|Romance,457939,1581,movie
49314,Harsh Times (2006),Action|Crime|Drama,433387,7873,movie
49347,Fast Food Nation (2006),Drama,460792,8324,movie
49389,The Great Train Robbery (1903),Crime|Western,439,5698,movie
49396,Tenacious D in The Pick of Destiny (2006),Adventure|Comedy|Musical,365830,2179,movie
49524,"Nativity Story, The (2006)",Drama,762121,2447,movie
49530,Blood Diamond (2006),Action|Adventure|Crime|Drama|Thriller|War,450259,1372,movie
49647,Charlotte's Web (2006),Children|Comedy|Drama|Fantasy,413895,9986,movie
49649,Eragon (2006),Action|Adventure|Fantasy,449010,2486,movie
49651,Rocky Balboa (2006),Action|Drama,479143,1246,movie
49666,Fur: An Imaginary Portrait of Diane Arbus (2006),Drama|Fantasy|Romance,422295,18615,movie
49688,"Dam Busters, The (1955)",Action|Drama|War,46889,13210,movie
49735,Another Gay Movie (2006),Comedy,443431,12795,movie
49772,"Painted Veil, The (2006)",Drama|Romance,446755,14202,movie
49793,We Are Marshall (2006),Drama,758794,11170,movie
49822,"Good Shepherd, The (2006)",Drama|Thriller,343737,1247,movie
49824,Dreamgirls (2006),Drama|Musical,443489,1125,movie
49910,Freedom Writers (2007),Drama,463998,1646,movie
49917,When the Levees Broke: A Requiem in Four Acts (2006),Documentary,783612,16468,tv
49932,Inland Empire (2006),Drama|Mystery|Thriller,460829,1730,movie
49957,"History Boys, The (2006)",Comedy|Drama,464049,8618,movie
49961,Notes on a Scandal (2006),Drama,465551,1259,movie
50003,DOA: Dead or Alive (2006),Action|Adventure,398913,9053,movie
50005,Curse of the Golden Flower (Man cheng jin dai huang jin jia) (2006),Action|Drama,473444,1494,movie
50064,"Good German, The (2006)",Drama|Mystery|Thriller,452624,182,movie
50068,Letters from Iwo Jima (2006),Drama|War,498380,1251,movie
50147,Black Christmas (2006),Action|Horror|Thriller,454082,9656,movie
50158,Stomp the Yard (2007),Drama|Musical,775539,1931,movie
50160,Miss Potter (2006),Drama,482546,13967,movie
50189,American Pie Presents The Naked Mile (American Pie 5: The Naked Mile) (2006),Comedy|Romance,808146,8275,movie
50274,Venus (2006),Drama|Romance,489327,13771,movie
50354,The Return of Don Camillo (1953),Comedy,45081,11578,movie
50356,The Little World of Don Camillo (1952),Comedy,43918,11972,movie
50440,Primeval (2007),Horror|Thriller,772193,4283,movie
50442,Alpha Dog (2007),Crime|Drama,426883,7457,movie
50445,"Hitcher, The (2007)",Action|Horror|Thriller,455960,8398,movie
50514,After the Wedding (Efter brylluppet) (2006),Drama,457655,3549,movie
50601,Bridge to Terabithia (2007),Adventure|Children|Fantasy,398808,1265,movie
50610,Beer League (2006),Comedy,453453,14137,movie
50613,Dead Meat (2004),Horror,369359,15689,movie
50658,49 Up (2005),Documentary,473434,13365,movie
50685,Waitress (2007),Comedy|Drama|Romance,473308,10758,movie
50740,Seven Up! (1964),Documentary,58578,51863,movie
50792,Catch and Release (2006),Comedy|Drama|Romance,395495,13668,movie
50794,Smokin' Aces (2006),Action|Crime|Drama|Thriller,475394,7516,movie
50796,Blood and Chocolate (2007),Drama|Fantasy|Horror|Romance,397044,10075,movie
50798,Epic Movie (2007),Adventure|Comedy,799949,9760,movie
50800,"Messengers, The (2007)",Drama|Horror|Thriller,425430,9966,movie
50802,Because I Said So (2007),Comedy|Drama|Romance,490084,1257,movie
50804,Hannibal Rising (2007),Drama|Horror|Thriller,367959,1248,movie
50806,Norbit (2007),Comedy|Romance,477051,9757,movie
50842,"Boss of It All, The (Direktøren for det hele) (2006)",Comedy|Drama,469754,5206,movie
50851,Cocaine Cowboys (2006),Documentary,380268,14761,movie
50872,Ratatouille (2007),Animation|Children|Drama,382932,2062,movie
50912,"Paris, I Love You (Paris, je t'aime) (2006)",Romance,401711,2266,movie
50923,"Astronaut Farmer, The (2007)",Drama,469263,5172,movie
50942,"Wake Up, Ron Burgundy (2004)",Comedy,423505,9965,movie
50954,It's a Boy Girl Thing (2006),Comedy|Romance,482527,37725,movie
50999,"Ugly Duckling and Me!, The (2006)",Animation|Comedy,396042,13517,movie
51024,The Odyssey (1997),Adventure|Drama|Fantasy,118414,9687,tv
51037,Unknown (2006),Drama|Mystery|Thriller,450340,9828,movie
51077,Ghost Rider (2007),Action|Fantasy|Thriller,259324,1250,movie
51080,Breach (2007),Drama|Thriller,401997,4169,movie
51082,Tyler Perry's Daddy's Little Girls (2007),Comedy|Romance,778661,16555,movie
51084,Music and Lyrics (2007),Comedy|Romance,758766,11172,movie
51086,"Number 23, The (2007)",Drama|Mystery|Thriller,481369,3594,movie
51088,Reno 911!: Miami (2007),Comedy,499554,10090,movie
51091,Black Snake Moan (2006),Drama,462200,7874,movie
51167,My Father and My Son (Babam ve oglum) (2005),Drama,476735,13393,movie
51174,Factory Girl (2006),Drama,432402,12271,movie
51255,Hot Fuzz (2007),Action|Comedy|Crime|Mystery,425112,4638,movie
51314,Golden Door (Nuovomondo) (2006),Adventure|Drama|Romance,465188,1993,movie
51357,Citizen X (1995),Crime|Drama|Thriller,112681,12554,movie
51412,Next (2007),Action|Sci-Fi|Thriller,435705,1738,movie
51471,Amazing Grace (2006),Drama|Romance,454776,15163,movie
51498,2001 Maniacs (2005),Comedy|Horror,264323,10845,movie
51540,Zodiac (2007),Crime|Drama|Thriller,443706,1949,movie
51545,Pusher III: I'm the Angel of Death (2005),Action|Comedy|Drama|Horror|Thriller,425379,11330,movie
51562,Babylon 5: The Gathering (1993),Sci-Fi,106336,10942,movie
51573,Meshes of the Afternoon (1943),Fantasy,36154,27040,movie
51575,Wild Hogs (2007),Adventure|Comedy,486946,11199,movie
51662,300 (2007),Action|Fantasy|War|IMAX,416449,1271,movie
51666,"Abandoned, The (2006)",Horror|Mystery|Thriller,475937,10790,movie
51694,Starter for 10 (2006),Drama|Romance,477095,14055,movie
51698,"Last Mimzy, The (2007)",Adventure|Children|Sci-Fi,768212,2267,movie
51705,Priceless (Hors de prix) (2006),Comedy|Romance,482088,6691,movie
51709,"Host, The (Gwoemul) (2006)",Comedy|Drama|Horror|Sci-Fi|Thriller,468492,1255,movie
51834,Becoming Jane (2007),Drama|Romance,416508,2977,movie
51884,"Namesake, The (2006)",Drama|Romance,433416,16727,movie
51903,I Think I Love My Wife (2007),Comedy|Drama|Romance,770772,14434,movie
51925,Premonition (2007),Drama|Fantasy|Mystery|Thriller,477071,9963,movie
51927,Dead Silence (2007),Horror|Mystery|Thriller,455760,14001,movie
51931,Reign Over Me (2007),Drama,490204,2355,movie
51933,Pride (2007),Drama,475355,16385,movie
51935,Shooter (2007),Action|Drama|Thriller,822854,7485,movie
51937,"Hills Have Eyes II, The (2007)",Horror|Thriller,800069,9793,movie
51939,TMNT (Teenage Mutant Ninja Turtles) (2007),Action|Adventure|Animation|Children|Comedy|Fantasy,453556,1273,movie
52042,Black Book (Zwartboek) (2006),Drama|Thriller|War,389557,9075,movie
52241,"Lookout, The (2007)",Crime|Drama|Thriller,427470,8270,movie
52245,Blades of Glory (2007),Comedy|Romance,445934,9955,movie
52279,Are We Done Yet? (2007),Comedy,422774,10172,movie
52281,Grindhouse (2007),Action|Crime|Horror|Sci-Fi|Thriller,462322,285923,movie
52283,"Reaping, The (2007)",Horror|Thriller,444682,1683,movie
52287,Meet the Robinsons (2007),Action|Adventure|Animation|Children|Comedy|Sci-Fi,396555,1267,movie
52299,American Hardcore (2006),Documentary,419434,16018,movie
52319,Inglorious Bastards (Quel maledetto treno blindato) (1978),Action|Adventure|Drama|War,76584,22311,movie
52328,Sunshine (2007),Adventure|Drama|Sci-Fi|Thriller,448134,1272,movie
52375,"Hoax, The (2007)",Crime|Drama,462338,9903,movie
52435,How the Grinch Stole Christmas! (1966),Animation|Comedy|Fantasy|Musical,60345,13377,movie
52458,Disturbia (2007),Drama|Thriller,486822,8271,movie
52462,Aqua Teen Hunger Force Colon Movie Film for Theaters (2007),Action|Adventure|Animation|Comedy|Fantasy|Mystery|Sci-Fi,455326,13158,movie
52579,"Vie en Rose, La (Môme, La) (2007)",Drama|Musical,450188,1407,movie
52604,Fracture (2007),Crime|Drama|Mystery|Thriller,488120,6145,movie
52644,Vacancy (2007),Horror|Thriller,452702,10294,movie
52668,In the Land of Women (2007),Comedy|Drama|Romance,419843,13067,movie
52694,Mr. Bean's Holiday (2007),Comedy,453451,1268,movie
52712,"Invisible, The (2007)",Crime|Drama|Fantasy|Mystery|Thriller,435670,9785,movie
52715,Kickin It Old Skool (2007),Comedy,772178,13280,movie
52722,Spider-Man 3 (2007),Action|Adventure|Sci-Fi|Thriller|IMAX,413300,559,movie
52724,Lucky You (2007),Comedy|Drama,338216,1950,movie
52730,It's a Very Merry Muppet Christmas Movie (2002),Children|Comedy,329737,13352,movie
52767,21 Up (1977),Documentary,75610,20553,movie
52784,Sharkwater (2006),Documentary,856008,13894,movie
52831,Maniac Cop (1988),Action|Crime|Horror|Thriller,95583,14240,movie
52867,"Ex, The (2007)",Comedy|Romance,458364,13171,movie
52885,Paprika (Papurika) (2006),Animation|Mystery|Sci-Fi,851578,4977,movie
52950,Day Watch (Dnevnoy dozor) (2006),Action|Fantasy|Horror|Thriller,409904,2269,movie
52952,This Is England (2006),Drama,480025,11798,movie
52967,Away from Her (2006),Drama,491747,1919,movie
52973,Knocked Up (2007),Comedy|Drama|Romance,478311,4964,movie
52975,Hairspray (2007),Comedy|Drama|Musical,427327,2976,movie
53000,28 Weeks Later (2007),Horror|Sci-Fi|Thriller,463854,1562,movie
53022,Wheels on Meals (Kuai can che) (1984),Action|Comedy|Crime|Romance,87578,11205,movie
53024,Jonestown: The Life and Death of Peoples Temple (2006),Documentary,762111,36676,movie
53121,Shrek the Third (2007),Adventure|Animation|Children|Comedy|Fantasy,413267,810,movie
53123,Once (2006),Drama|Musical|Romance,907657,5723,movie
53125,Pirates of the Caribbean: At World's End (2007),Action|Adventure|Comedy|Fantasy,449088,285,movie
53127,Bug (2007),Drama|Horror|Thriller,470705,12526,movie
53129,Mr. Brooks (2007),Crime|Drama|Thriller,780571,3432,movie
53138,"Librarian: Return to King Solomon's Mines, The (2006)",Action|Adventure|Fantasy,455596,14208,movie
53140,"Librarian: Quest for the Spear, The (2004)",Action|Adventure|Comedy|Fantasy|Romance,412915,14207,movie
53143,Fay Grim (2006),Action|Thriller,444628,24200,movie
53161,"I'm a Cyborg, But That's OK (Saibogujiman kwenchana) (2006)",Comedy|Drama|Romance|Sci-Fi,497137,5488,movie
53280,"Breed, The (2006)",Horror|Thriller,455362,10063,movie
53318,Cashback (2006),Comedy|Drama|Romance,460740,12225,movie
53322,Ocean's Thirteen (2007),Crime|Thriller,496806,298,movie
53326,Them (Ils) (2006),Horror,465203,10832,movie
53355,Sun Alley (Sonnenallee) (1999),Comedy|Romance,177242,2241,movie
53435,Hostel: Part II (2007),Crime|Horror|Thriller,498353,1691,movie
53447,Paranoid Park (2007),Crime|Drama,842929,1990,movie
53450,"Legend of Sleepy Hollow, The (1980)",Comedy|Fantasy|Horror,79453,170261,movie
53453,Starcrash (a.k.a. Star Crash) (1978),Action|Adventure|Fantasy|Sci-Fi,79946,22049,movie
53460,Surf's Up (2007),Animation|Children|Comedy,423294,9408,movie
53464,Fantastic Four: Rise of the Silver Surfer (2007),Action|Adventure|Sci-Fi,486576,1979,movie
53466,Nancy Drew (2007),Adventure|Crime|Thriller,479500,14043,movie
53468,Fido (2006),Comedy|Horror|Thriller,457572,10288,movie
53519,Death Proof (2007),Action|Adventure|Crime|Horror|Thriller,1028528,1991,movie
53550,Rescue Dawn (2006),Action|Adventure|Drama|War,462504,9952,movie
53574,"TV Set, The (2006)",Comedy|Drama,473709,17320,movie
53578,"Valet, The (La doublure) (2006)",Comedy,449851,21427,movie
53808,Bring It On: All or Nothing (2006),Comedy,490822,11211,movie
53883,"Power of Nightmares, The: The Rise of the Politics of Fear (2004)",Documentary,430484,6132,tv
53894,Sicko (2007),Documentary|Drama,386032,2359,movie
53921,"Mighty Heart, A (2007)",Drama|Thriller,829459,1988,movie
53953,1408 (2007),Drama|Horror|Thriller,450385,3021,movie
53956,Death at a Funeral (2007),Comedy,795368,2196,movie
53972,Live Free or Die Hard (2007),Action|Adventure|Crime|Thriller,337978,1571,movie
53974,License to Wed (2007),Comedy|Romance,762114,2959,movie
53993,Evan Almighty (2007),Comedy|Fantasy,413099,2698,movie
53996,Transformers (2007),Action|Sci-Fi|Thriller|IMAX,418279,1858,movie
54001,Harry Potter and the Order of the Phoenix (2007),Adventure|Drama|Fantasy|IMAX,373889,675,movie
54004,I Now Pronounce You Chuck and Larry (2007),Comedy|Romance,762107,3563,movie
54116,First Snow (2006),Drama|Thriller,432289,16083,movie
54121,Broken Arrow (1950),Drama|Romance|Western,42286,37292,movie
54185,Manufactured Landscapes (2006),Documentary,832903,24582,movie
54190,Across the Universe (2007),Drama|Fantasy|Musical|Romance,445922,4688,movie
54256,Hot Rod (2007),Comedy,787475,10074,movie
54259,Stardust (2007),Adventure|Comedy|Fantasy|Romance,486655,2270,movie
54272,"Simpsons Movie, The (2007)",Animation|Comedy,462538,35,movie
54274,I Know Who Killed Me (2007),Crime|Drama|Thriller,897361,5857,movie
54276,No Reservations (2007),Comedy|Drama|Romance,481141,3638,movie
54281,Charlie Bartlett (2007),Comedy|Drama,423977,8669,movie
54286,"Bourne Ultimatum, The (2007)",Action|Crime|Thriller,440963,2503,movie
54354,China Blue (2005),Documentary,478116,54546,movie
54372,Tell No One (Ne le dis à personne) (2006),Crime|Drama|Mystery|Thriller,362225,10795,movie
54503,Superbad (2007),Comedy,829482,8363,movie
54617,"Brice Man, The (Brice de Nice) (2005)",Comedy,412535,17350,movie
54648,Rush Hour 3 (2007),Action|Comedy|Crime|Thriller,293564,5174,movie
54686,"Last Legion, The (2007)",Action|Adventure|Fantasy|War,462396,9703,movie
54732,Balls of Fury (2007),Comedy,424823,9750,movie
54734,Sydney White (2007),Comedy,815244,10760,movie
54736,"Kingdom, The (2007)",Action|Drama|Thriller,431197,4349,movie
54745,Rocket Science (2007),Comedy|Drama,477078,13068,movie
54768,Daddy Day Camp (2007),Children|Comedy,462244,14144,movie
54771,"Invasion, The (2007)",Action|Drama|Horror|Sci-Fi|Thriller,427392,4858,movie
54780,"Nanny Diaries, The (2007)",Comedy|Drama|Romance,489237,12435,movie
54785,Halloween (2007),Horror,373883,2082,movie
54787,Death Sentence (2007),Drama|Thriller,804461,11835,movie
54796,2 Days in Paris (2007),Comedy|Drama|Romance,841044,1845,movie
54881,"King of Kong, The (2007)",Documentary,923752,13958,movie
54908,Taxi 4 (2007),Action|Comedy,804540,2335,movie
54910,Behind the Mask: The Rise of Leslie Vernon (2006),Comedy|Horror|Thriller,437857,10961,movie
54934,"Brothers Solomon, The (2007)",Comedy,784972,10071,movie
54962,"Nines, The (2007)",Drama|Mystery,810988,12994,movie
54995,Planet Terror (2007),Action|Horror|Sci-Fi,1077258,1992,movie
54997,3:10 to Yuma (2007),Action|Crime|Drama|Western,381849,5176,movie
54999,Shoot 'Em Up (2007),Action|Comedy|Crime,465602,4141,movie
55020,"Ten, The (2007)",Comedy,811106,13173,movie
55036,Gotti (1996),Crime|Drama,116441,14786,movie
55052,Atonement (2007),Drama|Romance|War,783233,4347,movie
55061,Electroma (2006),Drama|Sci-Fi,800022,13529,movie
55067,Requiem (2006),Drama|Thriller,454931,523,movie
55069,"4 Months, 3 Weeks and 2 Days (4 luni, 3 saptamâni si 2 zile) (2007)",Drama,1032846,2009,movie
55071,No End in Sight (2007),Documentary,912593,12901,movie
55080,"Brave One, The (2007)",Crime|Drama|Thriller,476964,4413,movie
55094,In the Valley of Elah (2007),Drama|Mystery,478134,6973,movie
55110,December Boys (2007),Drama,465436,4629,movie
55112,Shanghai Kiss (2007),Comedy|Drama|Romance,469184,15361,movie
55116,"Hunting Party, The (2007)",Action|Adventure|Comedy|Drama|Thriller,455782,5353,movie
55118,Eastern Promises (2007),Crime|Drama|Thriller,765443,2252,movie
55156,"Unreasonable Man, An (2006)",Documentary,492499,30365,movie
55167,Tekkonkinkreet (Tekkon kinkurîto) (2006),Action|Adventure|Animation|Crime|Fantasy,831888,13754,movie
55190,Love and Other Disasters (2006),Comedy|Romance,452643,6641,movie
55205,Interview (2007),Drama,480269,8414,movie
55207,Cashback (2004),Comedy|Drama,409799,444308,movie
55232,Resident Evil: Extinction (2007),Action|Horror|Sci-Fi|Thriller,432021,7737,movie
55241,Mr. Woodcock (2007),Comedy,419984,13257,movie
55245,Good Luck Chuck (2007),Comedy|Romance,452625,10030,movie
55247,Into the Wild (2007),Action|Adventure|Drama,758758,5915,movie
55250,"Game Plan, The (2007)",Comedy,492956,13680,movie
55253,"Lust, Caution (Se, jie) (2007)",Drama|Romance|Thriller|War,808357,4588,movie
55259,"Seeker: The Dark Is Rising, The (2007)",Action|Adventure|Drama|Fantasy,484562,2274,movie
55261,"Heartbreak Kid, The (2007)",Comedy|Drama|Romance,408839,9038,movie
55267,Dan in Real Life (2007),Comedy|Drama|Romance,480242,7211,movie
55269,"Darjeeling Limited, The (2007)",Adventure|Comedy|Drama,838221,4538,movie
55272,We Own the Night (2007),Crime|Drama,498399,2001,movie
55274,Elizabeth: The Golden Age (2007),Drama,414055,4517,movie
55276,Michael Clayton (2007),Drama|Thriller,465538,4566,movie
55278,Sleuth (2007),Drama|Mystery|Thriller,857265,4520,movie
55280,Lars and the Real Girl (2007),Comedy|Drama,805564,6615,movie
55282,30 Days of Night (2007),Horror|Thriller,389722,4513,movie
55290,Gone Baby Gone (2007),Crime|Drama|Mystery,452623,4771,movie
55292,"Comebacks, The (2007)",Comedy,790804,10759,movie
55294,Weirdsville (2007),Comedy|Crime|Drama,758798,14251,movie
55363,"Assassination of Jesse James by the Coward Robert Ford, The (2007)",Crime|Drama|Western,443680,4512,movie
55391,10th & Wolf (2006),Crime|Drama|Thriller,360323,13197,movie
55442,Persepolis (2007),Animation|Drama,808417,2011,movie
55444,Control (2007),Drama,421082,5708,movie
55451,The Jane Austen Book Club (2007),Comedy|Drama|Romance,866437,5951,movie
55492,"Last Winter, The (2006)",Horror,454864,15667,movie
55553,Black Sheep (2006),Comedy|Horror,779982,3603,movie
55555,"Edge of Heaven, The (Auf der anderen Seite) (2007)",Drama,880502,2014,movie
55577,Saw IV (2007),Crime|Horror|Thriller,890870,663,movie
55620,For the Bible Tells Me So (2007),Documentary,912583,15651,movie
55687,My Kid Could Paint That (2007),Documentary,912592,14279,movie
55721,Elite Squad (Tropa de Elite) (2007),Action|Crime|Drama|Thriller,861739,7347,movie
55729,King of California (2007),Comedy,388182,5718,movie
55765,American Gangster (2007),Crime|Drama|Thriller,765429,4982,movie
55768,Bee Movie (2007),Animation|Comedy,389790,5559,movie
55805,Before the Devil Knows You're Dead (2007),Crime|Drama|Thriller,292963,7972,movie
55814,"Diving Bell and the Butterfly, The (Scaphandre et le papillon, Le) (2007)",Drama,401383,2013,movie
55820,No Country for Old Men (2007),Crime|Drama,477348,6977,movie
55830,Be Kind Rewind (2008),Comedy,799934,4953,movie
55844,Itty Bitty Titty Committee (2007),Comedy|Drama|Romance,496328,10520,movie
55854,"Fugitive, The (1947)",Drama,39402,37368,movie
55872,August Rush (2007),Drama|Musical,426931,5123,movie
55908,"Man from Earth, The (2007)",Drama|Sci-Fi,756683,13363,movie
55946,Lions For Lambs (2007),Drama|Thriller|War,891527,4515,movie
55995,Beowulf (2007),Action|Adventure|Animation|Fantasy|IMAX,442933,2310,movie
56003,Southland Tales (2006),Comedy|Drama|Sci-Fi|Thriller,405336,4723,movie
56012,"Evening with Kevin Smith 2: Evening Harder, An (2006)",Comedy|Documentary,910873,16768,movie
56022,Harrison Bergeron (1995),Drama|Sci-Fi,113264,24732,movie
56060,I Served the King of England (Obsluhoval jsem anglického krále) (2006),Comedy|Drama|Romance|War,284363,12555,movie
56145,"Mist, The (2007)",Horror|Sci-Fi,884328,5876,movie
56152,Enchanted (2007),Adventure|Animation|Children|Comedy|Fantasy|Musical|Romance,461770,4523,movie
56156,Hitman (2007),Action|Crime|Thriller,465494,1620,movie
56169,Awake (2007),Drama|Thriller,211933,13483,movie
56171,"Golden Compass, The (2007)",Adventure|Children|Fantasy,385752,2268,movie
56174,I Am Legend (2007),Action|Horror|Sci-Fi|Thriller|IMAX,480249,6479,movie
56176,Alvin and the Chipmunks (2007),Children|Comedy,952640,6477,movie
56251,Futurama: Bender's Big Score (2007),Animation|Comedy|Sci-Fi,471711,7249,movie
56274,Margot at the Wedding (2007),Drama,757361,13998,movie
56286,I'm Not There (2007),Drama,368794,3902,movie
56333,"Savages, The (2007)",Comedy|Drama,775529,8272,movie
56336,Wrong Turn 2: Dead End (2007),Action|Horror|Thriller,804555,13186,movie
56339,"Orphanage, The (Orfanato, El) (2007)",Drama|Horror|Mystery|Thriller,464141,6537,movie
56367,Juno (2007),Comedy|Drama|Romance,467406,7326,movie
56379,"Maxed Out: Hard Times, Easy Credit and the Era of Predatory Lenders (2006)",Documentary,762117,33003,movie
56389,My Blueberry Nights (2007),Drama|Romance,765120,1989,movie
56563,Helvetica (2007),Documentary,847817,13348,movie
56587,"Bucket List, The (2007)",Comedy|Drama,825232,7350,movie
56607,"Kite Runner, The (2007)",Drama,419887,7979,movie
56620,"Deaths of Ian Stone, The (2007)",Horror|Thriller,810823,12171,movie
56715,Wristcutters: A Love Story (2006),Drama|Fantasy|Romance,477139,13198,movie
56757,Sweeney Todd: The Demon Barber of Fleet Street (2007),Drama|Horror|Musical|Thriller,408236,13885,movie
56775,National Treasure: Book of Secrets (2007),Action|Adventure,465234,6637,movie
56782,There Will Be Blood (2007),Drama|Western,469494,7345,movie
56788,Charlie Wilson's War (2007),Comedy|Drama|War,472062,6538,movie
56801,AVPR: Aliens vs. Predator - Requiem (2007),Action|Horror|Sci-Fi,758730,440,movie
56805,Walk Hard: The Dewey Cox Story (2007),Comedy|Musical,841046,6575,movie
56837,As You Like It (2006),Comedy|Drama|Romance,450972,19103,movie
56869,Drained (O cheiro do Ralo) (2006),Comedy,489458,40860,movie
56908,Dedication (2007),Comedy|Drama|Romance,490579,14118,movie
56915,"Water Horse: Legend of the Deep, The (2007)",Adventure|Children|Fantasy,760329,54318,movie
56921,Battlestar Galactica: Razor (2007),Action|Drama|Sci-Fi|Thriller,991178,69315,movie
56941,P.S. I Love You (2007),Comedy|Drama|Romance,431308,6023,movie
56949,27 Dresses (2008),Comedy|Romance,988595,6557,movie
57147,Cassandra's Dream (2007),Crime|Drama|Thriller,795493,4787,movie
57183,Like Stars on Earth (Taare Zameen Par) (2007),Drama,986264,7508,movie
57243,"Band's Visit, The (Bikur Ha-Tizmoret) (2007)",Comedy|Drama,1032856,5259,movie
57274,[REC] (2007),Drama|Horror|Thriller,1038988,8329,movie
57326,In the Name of the King: A Dungeon Siege Tale (2008),Action|Adventure|Fantasy,460780,2312,movie
57368,Cloverfield (2008),Action|Mystery|Sci-Fi|Thriller,1060277,7191,movie
57421,Hatchet (2006),Comedy|Horror,422401,11908,movie
57499,Heaven and Earth (Ten to Chi to) (1990),Action|Adventure|Drama|War,99753,41845,movie
57502,Cat Soup (Nekojiru-so) (2001),Adventure|Animation|Drama|Horror,385586,25078,movie
57504,"Girl Who Leapt Through Time, The (Toki o kakeru shôjo) (2006)",Animation|Comedy|Drama|Romance|Sci-Fi,808506,14069,movie
57522,First Sunday (2008),Comedy|Crime,486578,14423,movie
57526,Untraceable (2008),Crime|Thriller,880578,8090,movie
57528,Rambo (Rambo 4) (2008),Action|Drama|Thriller|War,462499,7555,movie
57532,Meet the Spartans (2008),Comedy,1073498,7278,movie
57536,Strange Wilderness (2008),Comedy,489282,14220,movie
57637,"Signal, The (2007)",Horror|Sci-Fi|Thriller,780607,13059,movie
57640,Hellboy II: The Golden Army (2008),Action|Adventure|Fantasy|Sci-Fi,411477,11253,movie
57669,In Bruges (2008),Comedy|Crime|Drama|Thriller,780536,8321,movie
57772,World on a Wire (Welt am Draht) (1973),Crime|Sci-Fi,70904,86449,tv
57843,Rise of the Footsoldier (2007),Action|Crime|Drama,901507,13054,movie
57910,Teeth (2007),Comedy|Horror,780622,13121,movie
57951,Fool's Gold (2008),Action|Adventure|Comedy|Romance,770752,8676,movie
58025,Jumper (2008),Action|Adventure|Drama|Sci-Fi|Thriller,489099,8247,movie
58047,"Definitely, Maybe (2008)",Comedy|Drama|Romance,832266,8390,movie
58078,"Air I Breathe, The (2007)",Crime|Drama|Romance|Thriller,485851,13641,movie
58103,Vantage Point (2008),Action|Drama|Thriller,443274,7461,movie
58105,"Spiderwick Chronicles, The (2008)",Adventure|Children|Drama|Fantasy|IMAX,416236,8204,movie
58107,Step Up 2 the Streets (2008),Drama|Musical|Romance,1023481,8328,movie
58154,"Other Boleyn Girl, The (2008)",Drama|Romance,467200,12184,movie
58156,Semi-Pro (2008),Comedy,839980,13260,movie
58162,Run Fatboy Run (2007),Comedy|Romance,425413,7942,movie
58191,Taxi to the Dark Side (2007),Documentary,854678,13362,movie
58287,Descent (2007),Drama|Thriller,463027,21373,movie
58291,College Road Trip (2008),Comedy,997047,13493,movie
58293,"10,000 BC (2008)",Adventure|Romance|Thriller,443649,7840,movie
58295,"Bank Job, The (2008)",Action|Crime|Thriller,200465,8848,movie
58297,Doomsday (2008),Action|Drama|Sci-Fi|Thriller,483607,13460,movie
58299,Horton Hears a Who! (2008),Adventure|Animation|Children|Comedy,451079,12222,movie
58301,Funny Games U.S. (2007),Drama|Thriller,808279,8461,movie
58303,"Counterfeiters, The (Die Fälscher) (2007)",Crime|Drama|War,813547,7862,movie
58306,Mongol (2007),Drama|War,416044,12246,movie
58309,War Dance (2007),Documentary,912599,16666,movie
58315,"Love Guru, The (2008)",Comedy,811138,12177,movie
58332,Diary of the Dead (2007),Horror|Sci-Fi,848557,13025,movie
58347,Penelope (2006),Comedy|Fantasy|Romance,472160,7985,movie
58351,City of Men (Cidade dos Homens) (2007),Drama,870090,7343,movie
58376,Zeitgeist: The Movie (2007),Documentary|War,1166827,13016,movie
58404,Justice League: The New Frontier (2008) ,Action|Adventure|Animation|Fantasy|Sci-Fi,902272,14011,movie
58425,Heima (2007),Documentary,1094594,14793,movie
58492,Snow Angels (2007),Drama,453548,14054,movie
58554,"Class, The (Klass) (2007)",Drama,988108,28205,movie
58559,"Dark Knight, The (2008)",Action|Crime|Drama|IMAX,468569,155,movie
58627,Never Back Down (2008),Action,1023111,8456,movie
58655,Drillbit Taylor (2008),Comedy,817538,8457,movie
58783,Youth Without Youth (2007),Drama|Romance|Sci-Fi,481797,7797,movie
58803,21 (2008),Crime|Drama|Romance|Thriller,478087,8065,movie
58806,Smart People (2008),Comedy|Drama|Romance,858479,12890,movie
58826,"Shepherd: Border Patrol, The (2008)",Action|Crime|Thriller,827521,24411,movie
58839,Leatherheads (2008),Comedy|Drama|Romance,379865,4942,movie
58842,Assembly (Ji jie hao) (2007) ,Action|Drama|War,881200,14044,movie
58870,Zebraman (2004),Comedy,388556,36223,movie
58876,Stop-Loss (2008),Drama|War,489281,8988,movie
58879,Shine a Light (2008),Documentary|Musical|IMAX,893382,7944,movie
58964,Inside (À l'intérieur) (2007),Horror|Thriller,856288,13312,movie
58972,Nim's Island (2008),Adventure|Comedy|Fantasy,410377,10488,movie
58975,"Ruins, The (2008)",Horror|Thriller,963794,11152,movie
58998,Forgetting Sarah Marshall (2008),Comedy|Romance,800039,9870,movie
59014,Superhero Movie (2008),Action|Comedy|Sci-Fi,426592,11918,movie
59016,Street Kings (2008),Crime|Drama|Thriller,421073,1266,movie
59018,"Visitor, The (2007)",Drama|Romance,857191,12473,movie
59022,Harold & Kumar Escape from Guantanamo Bay (2008),Adventure|Comedy,481536,13335,movie
59026,99 francs (2007),Comedy,875113,8827,movie
59037,Speed Racer (2008),Action|Children|Sci-Fi|IMAX,811080,7459,movie
59103,"Forbidden Kingdom, The (2008)",Action|Adventure|Comedy|Fantasy,865556,1729,movie
59118,Happy-Go-Lucky (2008),Comedy|Drama,1045670,10503,movie
59126,Religulous (2008),Comedy|Documentary,815241,13007,movie
59129,Outpost (2008),Action|Horror,892899,9017,movie
59131,Are You Scared? (2006),Horror,845955,25119,movie
59141,Son of Rambow (2007),Children|Comedy|Drama,845046,13258,movie
59143,Super High Me (2007),Comedy|Documentary,1111833,14236,movie
59220,Outsourced (2006),Comedy|Romance,425326,7861,movie
59258,Baby Mama (2008),Comedy,871426,8780,movie
59295,Expelled: No Intelligence Allowed (2008),Documentary,1091617,13359,movie
59306,Prom Night (2008),Horror|Mystery|Thriller,926129,8617,movie
59315,Iron Man (2008),Action|Adventure|Sci-Fi,371746,1726,movie
59333,Made of Honor (2008),Comedy|Romance,866439,10761,movie
59336,Redbelt (2008),Action|Drama,1012804,12400,movie
59369,Taken (2008),Action|Crime|Drama|Thriller,936501,8681,movie
59387,"Fall, The (2006)",Adventure|Drama|Fantasy,460791,14784,movie
59421,What Happens in Vegas... (2008),Comedy|Romance,1033643,9029,movie
59429,American Pie Presents Beta House (American Pie 6: Beta House) (2007),Comedy,974959,8277,movie
59440,Bella (2006),Drama|Romance,482463,12586,movie
59501,"Chronicles of Narnia: Prince Caspian, The (2008)",Adventure|Children|Fantasy,499448,2454,movie
59549,Shelter (2007),Drama|Romance,942384,17483,movie
59604,"Girl Next Door, The (2007)",Crime|Drama|Horror|Thriller,830558,15356,movie
59615,Indiana Jones and the Kingdom of the Crystal Skull (2008),Action|Adventure|Comedy|Sci-Fi,367882,217,movie
59667,Nina's Heavenly Delights (2006),Comedy,435706,12808,movie
59725,Sex and the City (2008),Comedy|Romance,1000774,4564,movie
59727,"Strangers, The (2008)",Horror|Thriller,482606,10665,movie
59731,"Bigger, Stronger, Faster* (2008)",Documentary,1151309,13636,movie
59738,All the Boys Love Mandy Lane (2006),Horror|Mystery|Thriller,490076,9022,movie
59784,Kung Fu Panda (2008),Action|Animation|Children|Comedy|IMAX,441773,9502,movie
59810,Recount (2008),Drama,1000771,14050,movie
59814,Ex Drummer (2007),Comedy|Crime|Drama|Horror,812243,14019,movie
59900,You Don't Mess with the Zohan (2008),Comedy,960144,10661,movie
59915,Stuck (2007),Horror|Thriller,758786,13848,movie
59947,"Protector, The (1985)",Action|Comedy|Drama|Thriller,89847,45408,movie
59985,Chaos Theory (2007),Comedy|Drama|Romance,460745,12912,movie
59995,Boy A (2007),Crime|Drama,1078188,14748,movie
60030,Spiral (2007),Drama|Horror|Thriller,491162,18467,movie
60037,"Happening, The (2008)",Drama|Sci-Fi|Thriller,949731,8645,movie
60040,"Incredible Hulk, The (2008)",Action|Sci-Fi,800080,1724,movie
60046,"Children of Huang Shi, The (2008)",Drama|War,889588,13405,movie
60069,WALL·E (2008),Adventure|Animation|Children|Romance|Sci-Fi,910970,10681,movie
60072,Wanted (2008),Action|Thriller,493464,8909,movie
60074,Hancock (2008),Action|Adventure|Comedy|Crime|Fantasy,448157,8960,movie
60126,Get Smart (2008),Action|Comedy,425061,11665,movie
60128,Young People Fucking (a.k.a. YPF) (2007),Comedy,913445,13019,movie
60141,St. Trinian's (2007),Children|Comedy,964587,10748,movie
60161,Futurama: The Beast with a Billion Backs (2008),Action|Animation|Comedy|Romance|Sci-Fi,1054485,12889,movie
60289,Kit Kittredge: An American Girl (2008),Children|Comedy|Drama|Mystery,846308,8359,movie
60291,Gonzo: The Life and Work of Dr. Hunter S. Thompson (2008),Documentary,479468,13003,movie
60293,"Wackness, The (2008)",Comedy|Drama|Romance,1082886,13990,movie
60303,Strange Circus (Kimyô na sâkasu) (2005),Horror|Mystery|Thriller,492784,10842,movie
60333,Encounters at the End of the World (2008),Documentary,1093824,12172,movie
60363,Zombie Strippers! (2008),Comedy|Horror,960890,13009,movie
60365,Frosty the Snowman (1969),Animation|Children|Comedy|Fantasy|Musical,64349,13675,movie
60389,Battle for Haditha (2007),War,870211,14111,movie
60397,Mamma Mia! (2008),Comedy|Musical|Romance,795421,11631,movie
60408,Welcome to the Sticks (Bienvenue chez les Ch'tis) (2008),Comedy,1064932,8265,movie
60471,Rogue (2007),Action|Adventure|Horror|Sci-Fi|Thriller,479528,13022,movie
60487,"It's the Great Pumpkin, Charlie Brown (1966)",Animation|Children|Comedy,60550,13353,movie
60514,Journey to the Center of the Earth (2008),Action|Adventure|Sci-Fi,373051,88751,movie
60516,Meet Dave (2008),Adventure|Children|Comedy|Romance|Sci-Fi,765476,11260,movie
60522,"Machine Girl, The (Kataude mashin gâru) (2008)",Action|Comedy|Fantasy|Horror|Thriller,1050160,13964,movie
60538,Shrooms (2007),Horror|Thriller,492486,14456,movie
60647,Transsiberian (2008),Crime|Drama|Thriller,800241,6687,movie
60674,Stargate: Continuum (2008),Sci-Fi,929629,12914,movie
60684,Watchmen (2009),Action|Drama|Mystery|Sci-Fi|Thriller|IMAX,409459,13183,movie
60735,Shotgun Stories (2007),Drama|Thriller,952682,12247,movie
60737,Watching the Detectives (2007),Comedy|Romance,472205,22100,movie
60753,Felon (2008),Crime|Drama,1117385,13012,movie
60756,Step Brothers (2008),Comedy,838283,12133,movie
60760,"X-Files: I Want to Believe, The (2008)",Drama|Mystery|Sci-Fi|Thriller,443701,8836,movie
60766,Man on Wire (2008),Documentary,1155592,14048,movie
60803,"Little Drummer Boy, The (1968)",Animation|Children|Musical,63230,18846,movie
60818,Hogfather (Terry Pratchett's Hogfather) (2006),Adventure|Fantasy|Thriller,765458,11910,movie
60832,Pathology (2008),Crime|Horror|Thriller,964539,12192,movie
60857,"Tracey Fragments, The (2007)",Drama,801526,16725,movie
60885,"Zone, The (La Zona) (2007)",Drama|Thriller,1039652,15865,movie
60894,"Edge of Love, The (2008)",Drama|Romance|War,819714,14061,movie
60904,Heart of a Dog (Sobachye serdtse) (1988),Comedy|Drama|Sci-Fi,96126,43680,movie
60937,"Mummy: Tomb of the Dragon Emperor, The (2008)",Action|Adventure|Fantasy|Thriller,859163,1735,movie
60941,"Midnight Meat Train, The (2008)",Horror|Mystery|Thriller,805570,10185,movie
60943,Frozen River (2008),Drama,978759,10183,movie
60950,Vicky Cristina Barcelona (2008),Comedy|Drama|Romance,497465,5038,movie
60979,Batman: Gotham Knight (2008),Action|Animation|Crime,1117563,13851,movie
61011,"Walker, The (2007)",Drama|Mystery,783608,13251,movie
61024,Pineapple Express (2008),Action|Comedy|Crime,910936,10189,movie
61026,Red Cliff (Chi bi) (2008),Action|Adventure|Drama|War,425637,12289,movie
61071,"Sisterhood of the Traveling Pants 2, The (2008)",Adventure|Comedy|Drama|Romance,1018785,10188,movie
61073,Hell Ride (2008),Action|Drama|Thriller,411475,13300,movie
61123,High School Musical 2 (2007),Comedy|Drama|Musical|Romance,810900,13649,movie
61132,Tropic Thunder (2008),Action|Adventure|Comedy|War,942385,7446,movie
61160,Star Wars: The Clone Wars (2008),Action|Adventure|Animation|Sci-Fi,1185834,12180,movie
61167,Henry Poole is Here (2008),Drama|Mystery,1029120,13107,movie
61210,Mutant Chronicles (2008),Action|Adventure|Sci-Fi,490181,13256,movie
61236,Waltz with Bashir (Vals im Bashir) (2008),Animation|Documentary|Drama|War,1185616,8885,movie
61240,Let the Right One In (Låt den rätte komma in) (2008),Drama|Fantasy|Horror|Romance,1139797,13310,movie
61246,Hamlet 2 (2008),Comedy,1104733,12621,movie
61248,Death Race (2008),Action|Adventure|Sci-Fi|Thriller,452608,10483,movie
61250,"House Bunny, The (2008)",Comedy,852713,12620,movie
61255,"Rocker, The (2008)",Comedy,1031969,10186,movie
61257,I.O.U.S.A. (a.k.a. IOUSA) (2008),Documentary,963807,15320,movie
61262,Mirrors (2008),Horror|Mystery|Thriller,790686,13515,movie
61289,Sukiyaki Western Django (2008),Action|Western,906665,13637,movie
61319,Somers Town (2008),Drama,1172206,14298,movie
61323,Burn After Reading (2008),Comedy|Crime|Drama,887883,4944,movie
61348,Disaster Movie (2008),Comedy,1213644,13805,movie
61350,Babylon A.D. (2008),Action|Adventure|Sci-Fi|Thriller,364970,9381,movie
61352,Traitor (2008),Crime|Drama|Thriller,988047,13291,movie
61394,"Onion Movie, The (2008)",Comedy,392878,14771,movie
61401,"Spirit, The (2008)",Action|Comedy|Fantasy|Thriller,831887,8285,movie
61406,John Adams (2008),Drama,472027,15114,tv
61465,Bangkok Dangerous (2008),Action|Crime|Thriller,814022,13184,movie
61628,Sunflower (Xiang ri kui) (2005),Drama,401808,38019,movie
61692,Altered (2006),Horror|Sci-Fi|Thriller,457275,14458,movie
61697,Righteous Kill (2008),Crime|Mystery|Thriller,1034331,13389,movie
61705,Lakeview Terrace (2008),Drama|Thriller,947802,13279,movie
61729,Ghost Town (2008),Comedy|Fantasy|Romance,995039,12797,movie
61818,"Crow, The: Wicked Prayer (2005)",Action|Adventure|Fantasy|Thriller,353324,16456,movie
61986,Appaloosa (2008),Western,800308,12690,movie
62008,Dead Fury (2008),Action|Animation|Comedy|Horror,1282036,37776,movie
62081,Eagle Eye (2008),Action|Crime|Thriller|IMAX,1059786,13027,movie
62113,How to Lose Friends & Alienate People (2008),Comedy,455538,13092,movie
62155,Nick and Norah's Infinite Playlist (2008),Comedy|Drama|Romance,981227,12182,movie
62208,"Sound of the Mountain (Thunder of the Mountain, The) (Yama no oto) (1954)",Drama,47682,46492,movie
62250,Gomorrah (Gomorra) (2008),Crime|Drama,929425,8882,movie
62293,"Duchess, The (2008)",Drama|Romance,864761,12783,movie
62299,Alone in the Dark II (2008),Action|Horror,913951,12683,movie
62336,FLCL (2000),Animation|Comedy|Fantasy|Sci-Fi,279077,5895,tv
62344,Rachel Getting Married (2008),Drama|Romance,1084950,14976,movie
62374,Body of Lies (2008),Action|Drama|Thriller,758774,12113,movie
62376,City of Ember (2008),Adventure|Children|Sci-Fi,970411,13600,movie
62383,"20,000 Leagues Under the Sea (1916)",Action|Adventure|Sci-Fi,6333,30266,movie
62394,Max Payne (2008),Action|Crime|Drama|Thriller,467197,13051,movie
62434,Zack and Miri Make a Porno (2008),Comedy|Drama|Romance,1007028,10358,movie
62437,W. (2008),Drama,1175491,10523,movie
62439,My Best Friend's Girl (2008),Comedy|Romance,1046163,13596,movie
62511,"Synecdoche, New York (2008)",Comedy|Drama,383028,4960,movie
62553,"Secret Life of Bees, The (2008)",Drama,416212,12837,movie
62586,"American Carol, An (2008)",Comedy|Fantasy,1190617,13948,movie
62644,"Wave, The (Welle, Die) (2008)",Drama,1063669,7735,movie
62662,Tokyo-Ga (1985),Documentary,90182,76406,movie
62718,"Angus, Thongs and Perfect Snogging (2008)",Comedy|Romance,963743,12689,movie
62792,Pride and Glory (2008),Crime|Drama,482572,13150,movie
62799,"Express, The (2008)",Drama,469903,14325,movie
62834,Babylon 5: The Legend of the Rangers: To Live and Die in Starlight (2002),Sci-Fi,280453,16068,movie
62836,Babylon 5: The Lost Tales - Voices in the Dark (2007),Sci-Fi,871427,15289,movie
62849,RocknRolla (2008),Action|Crime,1032755,13809,movie
62956,Futurama: Bender's Game (2008),Action|Adventure|Animation|Comedy|Fantasy|Sci-Fi,1054486,13253,movie
62970,Tin Man (2007),Adventure|Fantasy|Sci-Fi,910812,12584,tv
62999,Madagascar: Escape 2 Africa (2008),Action|Adventure|Animation|Children|Comedy|IMAX,479952,10527,movie
63033,Blindness (2008),Drama|Mystery|Romance|Thriller,861689,8338,movie
63062,Changeling (2008),Crime|Drama|Mystery,824747,3580,movie
63072,"Road, The (2009)",Adventure|Drama|Thriller,898367,20766,movie
63082,Slumdog Millionaire (2008),Crime|Drama|Romance,1010048,12405,movie
63113,Quantum of Solace (2008),Action|Adventure|Thriller,830515,10764,movie
63131,Role Models (2008),Comedy,430922,15373,movie
63179,Tokyo! (2008),Drama,976060,8938,movie
63222,JCVD (2008),Action|Drama|Thriller,1130988,13672,movie
63239,Cinderella (1997),Children|Fantasy|Musical|Romance,128996,42884,movie
63276,Crows Zero (Kurôzu zero) (2007),Action,1016290,14943,movie
63312,Krabat (2008),Drama|Fantasy,772181,4627,movie
63393,Camp Rock (2008),Comedy|Musical|Romance,1055366,13655,movie
63433,Farscape: The Peacekeeper Wars (2004),Action|Adventure|Sci-Fi,387736,224784,tv
63436,Saw V (2008),Crime|Horror|Thriller,1132626,11917,movie
63479,Sex Drive (2008),Comedy,1135985,13523,movie
63515,The Island (2006),Drama|Mystery,851577,22358,movie
63540,Beverly Hills Chihuahua (2008),Adventure|Children|Comedy,1014775,14405,movie
63768,Tattooed Life (Irezumi ichidai) (1965),Crime|Drama,59320,88435,movie
63808,"Class, The (Entre les murs) (2008)",Drama,1068646,8841,movie
63826,Splinter (2008),Action|Horror|Thriller,1031280,13220,movie
63853,Australia (2008),Adventure|Drama|War|Western,455824,6972,movie
63859,Bolt (2008),Action|Adventure|Animation|Children|Comedy,397892,13053,movie
63876,Milk (2008),Drama,1013753,10139,movie
63992,Twilight (2008),Drama|Fantasy|Romance|Thriller,1099212,8966,movie
64010,"Children, The (2008)",Horror,1172571,16342,movie
64030,Transporter 3 (2008),Action|Adventure|Crime|Thriller,1129442,13387,movie
64032,Four Christmases (2008),Comedy,369436,12193,movie
64034,"Boy in the Striped Pajamas, The (Boy in the Striped Pyjamas, The) (2008)",Drama|War,914798,14574,movie
64114,Fireproof (2008),Drama|Romance,1129423,14438,movie
64116,Igor (2008),Animation|Comedy,465502,14248,movie
64167,Dinotopia (2002),Adventure|Fantasy,233044,12224,movie
64197,Hunger (2008),Drama,986233,1161229,movie
64231,Punisher: War Zone (2008),Action|Crime|Drama|Thriller,450314,13056,movie
64249,Shrek the Halls (2007),Adventure|Animation|Comedy|Fantasy,897387,13394,movie
64278,"Pervert's Guide to Cinema, The (2006)",Documentary,828154,34283,movie
64285,Wallace and Gromit in 'A Matter of Loaf and Death' (2008),Animation|Comedy,1118511,14447,movie
64497,"Day the Earth Stood Still, The (2008)",Drama|Sci-Fi|Thriller|IMAX,970416,10200,movie
64499,Che: Part One (2008),Drama|War,892255,8881,movie
64501,Che: Part Two (2008),Drama|War,374569,8880,movie
64575,Doubt (2008),Drama|Mystery,918927,14359,movie
64614,Gran Torino (2008),Crime|Drama,1205489,13223,movie
64620,Frost/Nixon (2008),Drama,870111,11499,movie
64622,"Reader, The (2008)",Drama|Romance,976051,8055,movie
64695,Sword of the Stranger (Sutorejia: Mukô hadan) (2007),Action|Adventure|Animation,1121794,13980,movie
64716,Seven Pounds (2008),Drama,814314,11321,movie
64839,"Wrestler, The (2008)",Drama,1125849,12163,movie
64957,"Curious Case of Benjamin Button, The (2008)",Drama|Fantasy|Mystery|Romance,421715,4922,movie
64969,Yes Man (2008),Comedy,1068680,10201,movie
64983,Valkyrie (2008),Drama|Thriller|War,985699,2253,movie
64993,5 Centimeters per Second (Byôsoku 5 senchimêtoru) (2007),Animation|Drama|Romance,983213,38142,movie
64997,War of the Worlds (2005),Action|Sci-Fi,449040,34812,movie
65037,Ben X (2007),Drama,953318,6936,movie
65088,Bedtime Stories (2008),Adventure|Children|Comedy,960731,10202,movie
65126,Choke (2008),Comedy|Drama,1024715,13973,movie
65130,Revolutionary Road (2008),Drama|Romance,959337,4148,movie
65133,Blackadder Back & Forth (1999),Comedy,212579,194113,movie
65135,Blackadder's Christmas Carol (1988),Comedy,94754,942609,movie
65188,Dear Zachary: A Letter to a Son About His Father (2008),Documentary,1152758,15584,movie
65193,Wild Child (2008),Drama|Romance,1024255,13971,movie
65216,Defiance (2008),Drama|Thriller|War,1034303,13813,movie
65225,Zeitgeist: Addendum (2008),Documentary,1332128,13180,movie
65230,Marley & Me (2008),Comedy|Drama,822832,14306,movie
65261,Ponyo (Gake no ue no Ponyo) (2008),Adventure|Animation|Children|Fantasy,876563,12429,movie
65350,"General Died at Dawn, The (1936)",Adventure|Crime|Thriller,27664,113916,movie
65359,Earthsea (Legend of Earthsea) (2004),Adventure|Drama|Fantasy,407384,13278,tv
65514,Ip Man (2008),Action|Drama|War,1220719,14756,movie
65577,"Tale of Despereaux, The (2008)",Adventure|Animation|Children|Comedy|Fantasy,420238,10199,movie
65585,Bride Wars (2009),Comedy|Romance,901476,10521,movie
65588,"Gamers, The: Dorkness Rising (2008)",Action|Adventure|Comedy|Fantasy,447166,26235,movie
65596,Mesrine: Killer Instinct (L'instinct de mort) (2008),Action|Crime|Drama|Thriller,1259014,13635,movie
65601,My Bloody Valentine 3-D (2009),Horror|Thriller,1179891,14435,movie
65631,Battle in Seattle (2007),Action|Drama,850253,13177,movie
65642,"Timecrimes (Cronocrímenes, Los) (2007)",Sci-Fi|Thriller,480669,14139,movie
65651,Fire and Ice (2008),Adventure|Fantasy,1135493,16999,movie
65682,Underworld: Rise of the Lycans (2009),Action|Fantasy|Horror|Thriller,834001,12437,movie
65685,Inkheart (2008),Adventure|Fantasy,494238,2309,movie
65738,Revenge of the Nerds III: The Next Generation (1992),Comedy,105251,18543,movie
65740,Revenge of the Nerds IV: Nerds in Love (1994),Comedy|Romance,110982,21029,movie
65802,Paul Blart: Mall Cop (2009),Action|Comedy|Crime,1114740,14560,movie
65810,Notorious (2009),Drama|Musical,472198,14410,movie
65882,"Uninvited, The (2009)",Drama|Horror|Mystery|Thriller,815245,14254,movie
65982,Outlander (2008),Action|Adventure|Sci-Fi,462465,10529,movie
66090,Eden Lake (2008),Horror|Thriller,1020530,13510,movie
66097,Coraline (2009),Animation|Fantasy|Thriller,327597,14836,movie
66171,Push (2009),Sci-Fi|Thriller,465580,13455,movie
66198,"International, The (2009)",Drama|Thriller,963178,4959,movie
66203,He's Just Not That Into You (2009),Comedy|Drama|Romance,1001508,10184,movie
66240,Dead Like Me: Life After Death (2009),Comedy|Fantasy,1079444,14849,movie
66297,Futurama: Into the Wild Green Yonder (2009),Action|Animation|Comedy|Sci-Fi,1054487,15060,movie
66310,Frontière(s) (2007),Drama|Horror|Thriller,814685,13492,movie
66320,"11th Hour, The (2007)",Documentary,492931,4832,movie
66335,Afro Samurai: Resurrection (2009),Animation,1265998,14711,movie
66371,Departures (Okuribito) (2008),Drama,1069238,16804,movie
66427,My Name Is Bruce (2007),Comedy|Horror,489235,1961,movie
66509,Funny People (2009),Comedy|Drama,1201167,20829,movie
66511,Berlin Calling (2008),Comedy|Drama,1213019,30508,movie
66544,Nuremberg (2000),Drama|War,208629,7389,tv
66665,Away We Go (2009),Comedy|Drama|Romance,1176740,19255,movie
66744,"Divo, Il (2008)",Drama,1023490,8832,movie
66783,Friday the 13th (2009),Horror,758746,13207,movie
66785,"Good, the Bad, the Weird, The (Joheunnom nabbeunnom isanghannom) (2008)",Action|Adventure|Comedy|Western,901487,15067,movie
66798,"Pink Panther 2, The (2009)",Adventure|Comedy|Mystery,838232,15159,movie
66915,Rock-A-Doodle (1991),Adventure|Animation|Children|Musical,102802,20421,movie
66934,Dr. Horrible's Sing-Along Blog (2008),Comedy|Drama|Musical|Sci-Fi,1227926,5739,tv
66943,"Cottage, The (2008)",Comedy|Crime|Horror|Thriller,465430,13849,movie
67087,"I Love You, Man (2009)",Comedy,1155056,16538,movie
67168,Dance of the Dead (2008),Adventure|Comedy|Horror,926063,13094,movie
67186,"Haunting in Connecticut, The (2009)",Horror|Thriller,492044,18781,movie
67193,Duplicity (2009),Crime|Romance|Thriller,1135487,16558,movie
67197,Knowing (2009),Action|Drama|Mystery|Sci-Fi|Thriller,448011,13811,movie
67255,"Girl with the Dragon Tattoo, The (Män som hatar kvinnor) (2009)",Crime|Drama|Mystery|Thriller,1132620,15472,movie
67267,Sunshine Cleaning (2008),Comedy|Drama,862846,13090,movie
67295,Kung Fu Panda: Secrets of the Furious Five (2008),Action|Animation|Children|Comedy,1287845,15854,movie
67361,Echelon Conspiracy (2009),Action|Mystery|Thriller,1124039,16325,movie
67408,Monsters vs. Aliens (2009),Animation|Sci-Fi|IMAX,892782,15512,movie
67508,"Baader Meinhof Komplex, Der (2008)",Action|Crime|Drama|Thriller,765432,6968,movie
67534,Big Stan (2007),Comedy,490086,13161,movie
67618,Strictly Sexual (2008),Comedy|Drama|Romance,494277,13808,movie
67665,Anvil! The Story of Anvil (2008),Documentary|Musical,1157605,18094,movie
67695,Observe and Report (2009),Action|Comedy,1197628,16991,movie
67734,Adventureland (2009),Comedy|Drama,1091722,16614,movie
67788,Confessions of a Shopaholic (2009),Comedy|Romance,1093908,20048,movie
67799,The Butterfly Effect 3: Revelations (2009),Drama|Fantasy|Sci-Fi|Thriller,1234541,16258,movie
67888,Man on the Flying Trapeze (1935),Comedy,26676,55773,movie
67923,"Fast & Furious (Fast and the Furious 4, The) (2009)",Action|Crime|Drama|Thriller,1013752,13804,movie
67997,In the Loop (2009),Comedy,1226774,19833,movie
68073,Pirate Radio (2009),Comedy|Drama,1131729,18947,movie
68135,17 Again (2009),Comedy|Drama,974661,16996,movie
68157,Inglourious Basterds (2009),Action|Drama|War,361748,16869,movie
68159,State of Play (2009),Crime|Drama|Thriller,473705,16995,movie
68194,"Damned United, The (2009)",Drama,1226271,21641,movie
68205,Crank: High Voltage (2009),Action|Comedy|Crime,1121931,15092,movie
68237,Moon (2009),Drama|Mystery|Sci-Fi|Thriller,1182345,17431,movie
68269,"Young Victoria, The (2009)",Drama|Romance,962736,18320,movie
68319,X-Men Origins: Wolverine (2009),Action|Sci-Fi|Thriller,458525,2080,movie
68347,Sin Nombre (2009),Crime|Drama|Thriller,1127715,21191,movie
68358,Star Trek (2009),Action|Adventure|Sci-Fi|IMAX,796366,13475,movie
68444,"Great Buck Howard, The (2008)",Comedy,460810,16279,movie
68480,Flatfoot on the Nile (Piedone d'Egitto) (1980),Action|Comedy|Crime,79718,11160,movie
68486,Red Cliff Part II (Chi Bi Xia: Jue Zhan Tian Xia) (2009),Action|Drama|War,1326972,15384,movie
68522,Earth (2007),Documentary,393597,10946,movie
68536,Stanley Kubrick: A Life in Pictures (2001),Documentary,278736,30416,movie
68552,Crossing Over (2009),Drama,924129,15577,movie
68554,Angels & Demons (2009),Crime|Drama|Mystery|Thriller,808151,13448,movie
68597,Scorpio (1973),Action|Drama|Thriller,70653,42738,movie
68600,Balls Out: Gary the Tennis Coach (2009),Comedy,787470,14141,movie
68650,Powder Blue (2009),Drama,1032819,17740,movie
68659,Fanboys (2009),Adventure|Comedy|Drama,489049,13532,movie
68791,Terminator Salvation (2009),Action|Adventure|Sci-Fi|Thriller,438488,534,movie
68793,Night at the Museum: Battle of the Smithsonian (2009),Action|Comedy|IMAX,1078912,18360,movie
68835,Were the World Mine (2008),Adventure|Fantasy|Musical|Romance,476991,19375,movie
68848,"Brothers Bloom, The (2008)",Adventure|Comedy|Crime|Romance,844286,21755,movie
68872,Paisan (Paisà) (1946),Drama|War,38823,8429,movie
68886,I Do: How to Get Married and Stay Single (Prête-moi ta main) (2006),Comedy|Romance,478724,19955,movie
68932,"Soloist, The (2009)",Drama|Musical,821642,17332,movie
68945,Neon Genesis Evangelion: Death & Rebirth (Shin seiki Evangelion Gekijô-ban: Shito shinsei) (1997),Action|Animation|Mystery|Sci-Fi,169880,21832,movie
68952,Drag Me to Hell (2009),Comedy|Horror,1127180,16871,movie
68954,Up (2009),Adventure|Animation|Children|Drama,1049413,14160,movie
68959,Fullmetal Alchemist the Movie: Conqueror of Shamballa (Gekijô-ban hagane no renkinjutsushi: Shanbara wo yuku mono) (2005),Action|Adventure|Animation|Drama,485323,14003,movie
69069,Fired Up (2009),Comedy,1083456,17927,movie
69118,In the Electric Mist (2009),Drama|Mystery,910905,13975,movie
69122,"Hangover, The (2009)",Comedy|Crime,1119646,18785,movie
69131,Killshot (2008),Action|Crime|Drama|Thriller,443559,16164,movie
69134,Antichrist (2009),Drama|Fantasy,870984,17609,movie
69140,Sweeney Todd (2006),Crime|Drama|Horror|Thriller,479760,37924,movie
69211,Boy Eats Girl (2005),Comedy|Horror,415679,27134,movie
69224,Marius and Jeanette (Marius et Jeannette) (1997),Comedy|Drama|Romance,119620,64968,movie
69227,Ernest Rides Again (1993),Children|Comedy,106827,34300,movie
69251,Special (2006),Drama|Fantasy,479162,13856,movie
69275,Dead Snow (Død snø) (2009),Action|Adventure|Comedy|Horror,1278340,14451,movie
69278,Land of the Lost (2009),Action|Adventure|Comedy|Sci-Fi,457400,18162,movie
69304,Imagine That (2009),Comedy|Drama|Fantasy,780567,19724,movie
69306,"Taking of Pelham 1 2 3, The (2009)",Crime|Drama|Thriller,1111422,18487,movie
69394,"Stoning of Soraya M., The (2008)",Crime|Drama,1277737,33409,movie
69406,"Proposal, The (2009)",Comedy|Romance,1041829,18240,movie
69436,Year One (2009),Adventure|Comedy,1045778,17610,movie
69453,"Land That Time Forgot, The (1975)",Adventure|Sci-Fi,73260,27085,movie
69469,Garfield's Pet Force (2009),Animation,1389762,19508,movie
69481,"Hurt Locker, The (2008)",Action|Drama|Thriller|War,887912,12162,movie
69495,Breakfast with Scot (2007),Drama|Romance,910847,16240,movie
69516,"Limits of Control, The (2009)",Crime|Drama|Film-Noir,1135092,8284,movie
69524,Raiders of the Lost Ark: The Adaptation (1989),Action|Adventure|Thriller,772251,1147215,movie
69526,Transformers: Revenge of the Fallen (2009),Action|Adventure|Sci-Fi|IMAX,1055369,8373,movie
69529,Home (2009),Documentary,1014762,62320,movie
69604,Whatever Works (2009),Comedy|Romance,1178663,19265,movie
69606,Ghosts of Girlfriends Past (2009),Comedy|Fantasy|Romance,821640,12556,movie
69640,Public Enemies (2009),Crime|Drama|Thriller,1152836,11322,movie
69644,Ice Age: Dawn of the Dinosaurs (2009),Action|Adventure|Animation|Children|Comedy|Romance,1080016,8355,movie
69654,Prison Break: The Final Break (2009),Action|Drama|Thriller,1131748,176241,movie
69685,Daria: Is It College Yet? (2002),Animation|Comedy,285627,24232,movie
69712,My Sister's Keeper (2009),Drama,1078588,10024,movie
69720,Hood of Horror (2006),Comedy|Drama|Horror,475298,15423,movie
69746,Watchmen: Tales of the Black Freighter (2009),Action|Adventure|Animation|Horror,1295071,16440,movie
69757,(500) Days of Summer (2009),Comedy|Drama|Romance,1022603,19913,movie
69784,Brüno (Bruno) (2009),Comedy,889583,18480,movie
69805,"Librarian, The: The Curse of the Judas Chalice (2008)",Action|Adventure|Fantasy,1146438,14728,movie
69844,Harry Potter and the Half-Blood Prince (2009),Adventure|Fantasy|Mystery|Romance|IMAX,417741,767,movie
69849,Roots (1977),Drama|War,75572,13555,tv
69860,Eichmann (2007),Drama|War,901481,14687,movie
69904,Open Water 2: Adrift (2006),Drama|Thriller,470055,9592,movie
69951,"Imaginarium of Doctor Parnassus, The (2009)",Drama|Fantasy,1054606,8054,movie
69953,9to5: Days in Porn (a.k.a. 9 to 5: Days in Porn) (2008),Documentary,1278293,19929,movie
69988,Humpday (2009),Comedy,1334537,23720,movie
70015,Polytechnique (2009),Crime|Drama,1194238,22302,movie
70159,Orphan (2009),Drama|Horror|Mystery|Thriller,1148204,21208,movie
70183,"Ugly Truth, The (2009)",Comedy|Drama|Romance,1142988,20943,movie
70206,"Collector, The (2009)",Crime|Horror|Thriller,844479,21407,movie
70208,"Perfect Getaway, A (2009)",Horror|Thriller,971209,12403,movie
70286,District 9 (2009),Mystery|Sci-Fi|Thriller,1136608,17654,movie
70293,Julie & Julia (2009),Comedy|Drama|Romance,1135503,24803,movie
70301,Obsessed (2009),Crime|Drama|Thriller,1198138,17335,movie
70305,Race to Witch Mountain (2009),Adventure|Children|Fantasy|Sci-Fi|Thriller,1075417,13836,movie
70334,Hannah Montana: The Movie (2009),Comedy|Drama|Musical|Romance,1114677,18126,movie
70336,G.I. Joe: The Rise of Cobra (2009),Action|Adventure|Sci-Fi|Thriller,1046173,14869,movie
70361,12 Rounds (2009),Action|Thriller,1160368,17134,movie
70451,Max Manus (2008),Action|Drama|War,1029235,13752,movie
70492,Winds of the Wasteland (1936),Western,28510,40743,movie
70521,Lost in Austen (2008),Drama|Fantasy|Romance|Sci-Fi,1117666,15129,tv
70533,Evangelion: 1.0 You Are (Not) Alone (Evangerion shin gekijôban: Jo) (2007),Action|Animation|Sci-Fi,923811,15137,movie
70545,"Deal, The (2008)",Comedy,848281,11115,movie
70565,"Goods: Live Hard, Sell Hard, The (2009)",Comedy,1092633,19905,movie
70599,"Time Traveler's Wife, The (2009)",Drama|Romance|Sci-Fi,452694,24420,movie
70637,I Can't Think Straight (2007),Drama|Romance,830570,31216,movie
70641,Miss March (2009),Comedy,1151922,19556,movie
70663,"I Love You, Beth Cooper (2009)",Comedy|Romance,1032815,19840,movie
70687,Paper Heart (2009),Comedy|Documentary|Drama|Romance,1331064,25183,movie
70697,G-Force (2009),Action|Adventure|Children|Fantasy,436339,19585,movie
70703,Christopher Columbus: The Discovery (1992),Adventure,103962,41682,movie
70708,Tetro (2009),Drama|Mystery,964185,11928,movie
70728,Bronson (2009),Action|Comedy|Drama|Thriller,1172570,18533,movie
70862,It Might Get Loud (2008),Documentary,1229360,22492,movie
70932,My Life in Ruins (2009),Comedy,865559,23049,movie
70946,Troll 2 (1990),Fantasy|Horror,105643,26914,movie
70984,Taking Woodstock (2009),Comedy,1127896,26320,movie
70990,If These Walls Could Talk (1996),Drama,116607,35203,movie
70994,Halloween II (2009),Horror|Thriller,1311067,24150,movie
71033,"Secret in Their Eyes, The (El secreto de sus ojos) (2009)",Crime|Drama|Mystery|Romance|Thriller,1305806,25376,movie
71057,9 (2009),Adventure|Animation|Sci-Fi,472033,12244,movie
71106,Frequently Asked Questions About Time Travel (2009),Comedy|Sci-Fi,910554,22494,movie
71108,"White Ribbon, The (Das weiße Band) (2009)",Drama|Mystery,1149362,37903,movie
71129,Green Lantern: First Flight (2009),Action|Adventure|Animation|Fantasy|Sci-Fi,1384590,17445,movie
71131,"Most Hated Family in America, The (2007)",Documentary,1000764,63581,movie
71135,Pandorum (2009),Horror|Sci-Fi|Thriller,1188729,19898,movie
71147,Death of a Cyclist (Muerte de un ciclista) (1955),Drama,48394,72083,movie
71156,"Men Who Stare at Goats, The (2009)",Action|Comedy|Drama,1234548,10313,movie
71160,"Hunt For Gollum, The (2009)",Action|Adventure|Fantasy,1323925,1676563,movie
71205,Jennifer's Body (2009),Comedy|Horror|Sci-Fi|Thriller,1131734,19994,movie
71211,"Informant!, The (2009)",Comedy|Crime|Drama|Thriller,1130080,11323,movie
71248,Extract (2009),Comedy,1225822,12569,movie
71252,"Final Destination, The (Final Destination 4) (Final Destination in 3-D, The) (2009)",Horror|Thriller,1144884,19912,movie
71254,Gamer (2009),Action|Sci-Fi|Thriller,1034032,18501,movie
71264,Cloudy with a Chance of Meatballs (2009),Animation|Children|Fantasy|IMAX,844471,22794,movie
71268,Tyler Perry's I Can Do Bad All by Myself (2009),Comedy|Drama,1385912,26367,movie
71282,"Food, Inc. (2008)",Documentary,1286537,18570,movie
71302,Attack of the 50 Foot Woman (1958),Comedy|Sci-Fi,51380,18724,movie
71304,Thirst (Bakjwi) (2009),Drama|Horror,762073,22536,movie
71327,Bright Star (2009),Drama|Romance,810784,29963,movie
71341,Blood Creek (a.k.a. Town Creek) (2009),Horror,450336,30685,movie
71379,Paranormal Activity (2009),Horror|Thriller,1179904,23827,movie
71429,World's Greatest Dad (2009),Comedy|Drama,1262981,20178,movie
71438,Still Walking (Aruitemo aruitemo) (2008),Drama,1087578,25050,movie
71453,"Blood of the Beasts (Sang des bêtes, Le) (1949)",Documentary|Drama,41842,91262,movie
71462,"Cove, The (2009)",Documentary,1313104,23128,movie
71464,"Serious Man, A (2009)",Comedy|Drama,1019452,12573,movie
71466,City Island (2009),Comedy|Drama,1174730,28053,movie
71468,Ink (2009),Action|Fantasy|Sci-Fi,1071804,24869,movie
71484,Metropia (2009),Animation|Sci-Fi,985058,36800,movie
71494,"Haunted World of El Superbeasto, The (2009)",Action|Animation|Comedy|Horror|Thriller,419724,23127,movie
71500,Trick 'r Treat (2007),Comedy|Horror|Thriller,862856,23202,movie
71518,Whip It (2009),Comedy|Drama,1172233,22798,movie
71520,"Invention of Lying, The (2009)",Comedy,1058017,23082,movie
71530,Surrogates (2009),Action|Sci-Fi|Thriller,986263,19959,movie
71535,Zombieland (2009),Action|Comedy|Horror,1156398,19908,movie
71550,Assassination of a High School President (2008),Comedy|Drama|Mystery,1018818,18176,movie
71579,"Education, An (2009)",Drama|Romance,1174732,24684,movie
71619,Coco Before Chanel (Coco avant Chanel) (2009),Drama,1035736,11156,movie
71640,Burma VJ: Reporting from a Closed Country (Burma VJ: Reporter i et lukket land) (2008),Documentary,1333634,26763,movie
71668,Couples Retreat (2009),Comedy|Romance,1078940,19899,movie
71732,I Sell the Dead (2008),Comedy|Horror,902290,21910,movie
71745,Where the Wild Things Are (2009),Adventure|Children|Drama|Fantasy|IMAX,386117,16523,movie
71810,Legionnaire (1998),Action|Adventure|Drama|War,126388,3513,movie
71823,"New York, I Love You (2009)",Drama|Romance,808399,12572,movie
71838,Law Abiding Citizen (2009),Drama|Thriller,1197624,22803,movie
71867,"Misfortunates, The (De helaasheid der dingen) (2009)",Drama,1075110,33806,movie
71899,Mary and Max (2009),Animation|Comedy|Drama,978762,24238,movie
71902,Spread (2009),Drama|Romance,1186370,19918,movie
71910,"Tournament, The (2009)",Action,471041,24056,movie
71970,"Princess and the Pirate, The (1944)",Adventure|Comedy|Romance,37193,30506,movie
71999,Aelita: The Queen of Mars (Aelita) (1924),Action|Adventure|Drama|Fantasy|Romance|Sci-Fi|Thriller,14646,2973,movie
72011,Up in the Air (2009),Drama|Romance,1193138,22947,movie
72104,Balance (1989),Animation|Drama|Mystery|Sci-Fi|Thriller,96880,44338,movie
72129,Saw VI (2009),Crime|Horror|Mystery|Thriller,1233227,22804,movie
72142,Love Exposure (Ai No Mukidashi) (2008),Action|Comedy|Drama|Romance,1128075,28422,movie
72165,Cirque du Freak: The Vampire's Assistant (2009),Action|Adventure|Comedy|Fantasy|Horror|Thriller,450405,24418,movie
72167,"Boondock Saints II: All Saints Day, The (2009)",Action|Crime|Drama|Thriller,1300851,22821,movie
72171,Black Dynamite (2009),Action|Comedy,1190536,24804,movie
72178,Welcome to Dongmakgol (2005),Comedy|Drama|War,475783,14968,movie
72224,Gentlemen Broncos (2009),Comedy,1161418,22820,movie
72226,Fantastic Mr. Fox (2009),Adventure|Animation|Children|Comedy|Crime,432283,10315,movie
72294,"Christmas Carol, A (2009)",Animation|Children|Drama|Fantasy|IMAX,1067106,17979,movie
72308,Battlestar Galactica: The Plan (2009),Action|Adventure|Drama|Sci-Fi,1286130,105077,movie
72330,"Private Lives of Pippa Lee, The (2009)",Drama,1134629,4475,movie
72356,Partly Cloudy (2009),Animation|Children|Comedy|Fantasy,1425244,24480,movie
72378,2012 (2009),Action|Drama|Sci-Fi|Thriller,1190080,14161,movie
72395,Precious (2009),Drama,929632,25793,movie
72405,Bad Lieutenant: Port of Call New Orleans (2009),Crime|Drama,1095217,11699,movie
72407,"Twilight Saga: New Moon, The (2009)",Drama|Fantasy|Horror|Romance|Thriller,1259571,18239,movie
72424,Derailed (2002),Action|Thriller,298296,17774,movie
72479,"Messenger, The (2009)",Drama|Romance|War,790712,28089,movie
72489,Ninja Assassin (2009),Action|Crime|Drama|Thriller,1186367,22832,movie
72554,Cell 211 (Celda 211) (2009),Action|Drama,1242422,33273,movie
72591,"Patriot, The (1998)",Action|Thriller,120786,6058,movie
72601,Teenage Mutant Ninja Turtles: Turtles Forever (2009),Action|Adventure|Animation|Comedy|Thriller,1543920,34003,movie
72603,Merry Madagascar (2009),Animation,1526300,25472,movie
72605,Brothers (2009),Drama|Thriller|War,765010,7445,movie
72624,Garage (2007),Drama,878674,18595,movie
72641,"Blind Side, The  (2009)",Drama,878804,22881,movie
72692,Mickey's Once Upon a Christmas (1999),Animation|Comedy|Fantasy,238414,15400,movie
72694,Shrink (2009),Drama,1247692,22640,movie
72696,Old Dogs (2009),Comedy,976238,22949,movie
72701,Planet 51 (2009),Adventure|Animation|Children|Comedy|Sci-Fi,762125,16866,movie
72714,Earthlings (2006),Documentary,358456,30238,movie
72720,"Single Man, A (2009)",Drama,1315981,34653,movie
72731,"Lovely Bones, The (2009)",Crime|Drama|Fantasy|Horror|Thriller,380510,7980,movie
72733,Invictus (2009),Drama,1057500,22954,movie
72737,"Princess and the Frog, The (2009)",Animation|Children|Fantasy|Musical|Romance,780521,10198,movie
72874,"Peacekeeper, The (1997)",Action,119872,27719,movie
72919,Did You Hear About the Morgans? (2009),Comedy|Crime|Drama|Romance,1314228,24438,movie
72921,Snow White (1916),Fantasy|Romance,7361,174598,movie
72982,Alice (2009),Action|Adventure|Fantasy,1461312,33466,tv
72998,Avatar (2009),Action|Adventure|Sci-Fi|IMAX,499549,19995,movie
73015,It's Complicated (2009),Comedy|Romance,1230414,22897,movie
73017,Sherlock Holmes (2009),Action|Crime|Mystery|Thriller,988045,10528,movie
73023,Crazy Heart (2009),Drama|Romance,1263670,25196,movie
73042,Alvin and the Chipmunks: The Squeakquel (2009),Animation|Children|Comedy|Musical,1231580,23398,movie
73106,American Pie Presents: The Book of Love (American Pie 7: The Book of Love) (2009),Comedy,1407050,26123,movie
73160,Sorority Babes in the Slimeball Bowl-O-Rama (1988),Comedy|Horror,96142,27390,movie
73211,Pontypool (2008),Horror|Thriller,1226681,23963,movie
73266,Youth in Revolt (2009),Comedy|Drama|Romance,403702,22327,movie
73268,Daybreakers (2010),Action|Drama|Horror|Thriller,433362,19901,movie
73290,Hachiko: A Dog's Story (a.k.a. Hachi: A Dog's Tale) (2009),Drama,1028532,28178,movie
73319,Leap Year (2010),Comedy|Romance,1216492,25195,movie
73321,"Book of Eli, The (2010)",Action|Adventure|Drama,1037705,20504,movie
73323,"Girl Who Kicked the Hornet's Nest, The (Luftslottet som sprängdes) (2009)",Action|Crime|Mystery,1343097,33613,movie
73344,"Prophet, A (Un Prophète) (2009)",Crime|Drama,1235166,21575,movie
73386,Staten Island (2009),Crime|Drama,976246,25927,movie
73431,"Maiden Heist, The (2009)",Comedy|Crime,1107860,24271,movie
73488,Blood: The Last Vampire (2009),Action|Horror|Thriller,806027,1450,movie
73499,MacGyver: Lost Treasure of Atlantis (1994),Action|Adventure,110419,81895,movie
73501,Pekka ja Pätkä Suezilla (1958),Comedy,49607,148435,movie
73515,Bart Got a Room (2008),Comedy|Romance,472050,20107,movie
73569,Project A 2 ('A' gai wak juk jap) (1987),Action|Comedy|Crime,92501,21521,movie
73676,Robin-B-Hood (Bo bui gai wak) (2006),Action|Comedy|Drama,485976,25676,movie
73681,"Concert, Le (2009)",Comedy|Drama,1320082,25205,movie
73741,Ninja (2009),Action|Crime|Drama|Thriller,1182921,25602,movie
73804,Asterix at the Olympic Games (Astérix aux jeux olympiques) (2008),Adventure|Children|Comedy|Fantasy,463872,2395,movie
73808,"Chaser, The (Chugyeogja) (2008)",Crime|Drama|Thriller,1190539,13855,movie
73822,Meantime (1984),Comedy|Drama,82727,57978,movie
73854,"Rudolph, the Red-Nosed Reindeer (1964)",Adventure|Animation|Children|Fantasy|Musical,58536,13382,movie
73858,"Dennis the Menace Christmas, A (2007)",Comedy,918511,13358,movie
73876,Undisputed II: Last Man Standing (2006),Action|Crime|Drama,443676,15255,movie
73881,3 Idiots (2009),Comedy|Drama|Romance,1187043,20453,movie
73929,Legion (2010),Action|Fantasy|Horror|Thriller,1038686,22894,movie
74075,Stan Helsing (2009),Comedy|Horror,1185266,23988,movie
74089,Peter Pan (1960),Children|Fantasy|Musical,54176,51120,movie
74095,Wicked City (Yôjû toshi) (1987),Animation|Fantasy|Horror|Sci-Fi,98692,21453,movie
74154,When in Rome (2010),Comedy|Romance,1185416,13477,movie
74226,"Dream of Light (a.k.a. Quince Tree Sun, The) (Sol del membrillo, El) (1992)",Documentary|Drama,105438,94706,movie
74228,Triangle (2009),Drama|Horror|Mystery|Thriller,1187064,26466,movie
74275,I Love You Phillip Morris (2009),Comedy|Drama|Romance,1045772,8952,movie
74282,Anne of Green Gables: The Sequel (a.k.a. Anne of Avonlea) (1987),Children|Drama|Romance,92571,40724,movie
74324,Temple Grandin (2010),Drama,1278469,33602,movie
74342,"Captain Newman, M.D. (1963)",Comedy|Drama|War,56903,33728,movie
74370,"House of the Devil, The (2009)",Horror|Thriller,1172994,25983,movie
74450,Valentine's Day (2010),Comedy|Romance,817230,32856,movie
74452,"Wolfman, The (2010)",Horror|Thriller,780653,7978,movie
74458,Shutter Island (2010),Drama|Mystery|Thriller,1130884,11324,movie
74508,Persuasion (2007),Drama|Romance,844330,13949,movie
74510,"Girl Who Played with Fire, The (Flickan som lekte med elden) (2009)",Action|Crime|Drama|Mystery|Thriller,1216487,24253,movie
74530,Percy Jackson & the Olympians: The Lightning Thief (2010),Adventure|Fantasy,814255,32657,movie
74532,Cop Out (2010),Action|Comedy|Crime,1385867,23742,movie
74545,"Ghost Writer, The (2010)",Drama|Mystery|Thriller,1139328,11439,movie
74553,"Secret of Kells, The (2009)",Animation|Fantasy,485601,26963,movie
74580,"Spy Next Door, The (2010)",Action|Children|Comedy,1273678,23172,movie
74624,Agora (2009),Adventure|Drama|Romance,1186830,26428,movie
74647,Motherhood (2009),Comedy,1220220,22805,movie
74668,District 13: Ultimatum (Banlieue 13 - Ultimatum) (2009),Action|Sci-Fi,1247640,15357,movie
74677,"Yes Men Fix the World, The (2009)",Documentary,1352852,18489,movie
74683,Mike Bassett: England Manager (2001),Comedy,282744,19962,movie
74685,"Crazies, The (2010)",Action|Drama|Horror|Sci-Fi|Thriller,455407,29427,movie
74688,Dear John (2010),Drama|Romance|War,989757,22971,movie
74696,Last Train Home (2009),Documentary|Drama,1512201,45576,movie
74698,Tooth Fairy (2010),Comedy|Fantasy,808510,23023,movie
74727,Gentlemen of Fortune (Dzhentlmeny udachi) (1972),Comedy|Crime|Drama|Mystery,68519,20871,movie
74750,[REC]² (2009),Horror|Thriller,1245112,10664,movie
74754,"Room, The (2003)",Comedy|Drama|Romance,368226,17473,movie
74789,Alice in Wonderland (2010),Adventure|Fantasy|IMAX,1014759,12155,movie
74791,"Town Called Panic, A (Panique au village) (2009)",Animation,1433540,40623,movie
74795,Green Zone (2010),Action|Drama|Thriller|War,947810,22972,movie
74851,From Paris with Love (2010),Action|Crime,1179034,26389,movie
74868,Dorian Gray (2009),Drama|Horror|Sci-Fi,1235124,23488,movie
74916,Greenberg (2010),Comedy|Drama,1234654,27583,movie
74946,She's Out of My League (2010),Comedy,815236,34016,movie
74948,Harry Brown (2009),Crime|Drama|Thriller,1289406,25941,movie
75341,Remember Me (2010),Drama|Romance,1403981,23169,movie
75389,"Burrowers, The (2008)",Horror|Thriller|Western,445939,15846,movie
75395,Frozen (2010),Drama|Horror|Thriller,1323045,44363,movie
75416,Generation X (1996),Action|Adventure|Sci-Fi,116401,26623,movie
75446,Little Ashes (2008),Drama,1104083,31299,movie
75803,Our Family Wedding (2010),Comedy,1305583,34563,movie
75805,"Bounty Hunter, The (2010)",Action|Comedy|Romance,1038919,27573,movie
75813,Leaves of Grass (2009),Comedy|Crime|Drama|Thriller,1151359,12834,movie
75816,Women in Trouble (2009),Comedy,1247704,31723,movie
75947,Mondo Cane (1962),Documentary,57318,32688,movie
75985,Repo Men (2010),Action|Sci-Fi|Thriller,1053424,31867,movie
76030,Case 39 (2009),Horror|Thriller,795351,28355,movie
76054,Oceans (Océans) (2009),Documentary|Drama,765128,36970,movie
76060,"Slammin' Salmon, The (2009)",Comedy,1135525,34423,movie
76077,Hot Tub Time Machine (2010),Comedy|Sci-Fi,1231587,23048,movie
76091,Mother (Madeo) (2009),Crime|Drama|Mystery|Thriller,1216496,30018,movie
76093,How to Train Your Dragon (2010),Adventure|Animation|Children|Fantasy|IMAX,892769,10191,movie
76143,"Bone Man, The (Der Knochenmann) (2009)",Crime|Thriller,1181927,21467,movie
76173,Micmacs (Micmacs à tire-larigot) (2009),Comedy|Crime,1149361,27936,movie
76175,Clash of the Titans (2010),Action|Adventure|Drama|Fantasy,800320,18823,movie
76251,Kick-Ass (2010),Action|Comedy,1250777,23483,movie
76293,Date Night (2010),Action|Comedy|Romance,1279935,35056,movie
76301,"Emperor's New Groove 2: Kronk's New Groove, The (2005)",Animation|Children|Comedy|Romance,401398,13417,movie
76738,Steam of Life (Miesten vuoro) (2010),Documentary,1583323,52903,movie
76743,Mortadelo & Filemon: The Big Adventure (La gran aventura de Mortadelo y Filemón) (2003),Action|Adventure|Comedy,314121,8980,movie
76751,American Drug War: The Last White Hope (2007),Crime|Documentary,1033467,25572,movie
76763,"Runaways, The (2010)",Drama|Musical,1017451,27586,movie
77177,Wild China (2008),Documentary,884762,20574,tv
77191,Death at a Funeral (2010),Comedy,1321509,34803,movie
77201,Valhalla Rising (2009),Action|Drama|War,862467,37861,movie
77206,Diary of a Wimpy Kid (2010),Children|Comedy,1196141,33217,movie
77233,"Union: The Business Behind Getting High, The (2007)",Comedy|Documentary,1039647,36443,movie
77266,Disgrace (2008),Drama,445953,12411,movie
77364,"Losers, The (2010)",Action|Adventure|Drama|Mystery|Thriller,480255,34813,movie
77414,"Last Song, The (2010)",Drama|Romance,1294226,35690,movie
77421,Cyrus (2010),Comedy|Drama|Romance,1336617,39053,movie
77427,"Human Centipede, The (First Sequence) (2009)",Horror,1467304,37169,movie
77455,Exit Through the Gift Shop (2010),Comedy|Documentary,1587707,39452,movie
77561,Iron Man 2 (2010),Action|Adventure|Sci-Fi|Thriller|IMAX,1228705,10138,movie
77667,MacGruber (2010),Action|Comedy,1470023,37931,movie
77688,Three Men and a Cradle (3 hommes et un couffin) (1985),Comedy,90206,4180,movie
77709,"Sky Crawlers, The (Sukai kurora) (2008)",Adventure|Animation|Drama,1056437,15877,movie
77795,Cargo (2009),Sci-Fi,381940,34069,movie
77798,"Nightmare on Elm Street, A (2010)",Fantasy|Horror|Thriller,1179056,23437,movie
77800,Four Lions (2010),Comedy|Drama,1341167,37495,movie
77841,St Trinian's 2: The Legend of Fritton's Gold (2009),Adventure|Comedy,1210106,37565,movie
77846,12 Angry Men (1997),Crime|Drama,118528,12219,movie
77866,Robin Hood (2010),Action|Adventure|Drama|Romance|War,955308,20662,movie
77881,Lovers & Leavers (Kuutamolla) (2002),Drama|Romance,307076,21245,movie
77893,Merantau (2009),Action|Drama,1368116,34626,movie
77931,Stingray Sam (2009),Comedy|Musical|Sci-Fi|Western,1355599,37511,movie
78034,Cemetery Junction (2010),Comedy|Drama|Romance,1196204,36801,movie
78039,Blue Valentine (2010),Drama|Romance,1120985,46705,movie
78041,Killers (2010),Action|Comedy,1103153,37821,movie
78088,Buried (2010),Mystery|Thriller,1462758,26388,movie
78103,Shake Hands with the Devil (2007),Drama|War,472562,30527,movie
78105,Prince of Persia: The Sands of Time (2010),Action|Adventure|Fantasy|Romance|IMAX,473075,9543,movie
78116,Please Give (2010),Comedy|Drama,878835,40247,movie
78142,Baarìa (2009),Comedy|Drama|War,1081935,25846,movie
78160,Ricky Gervais Live: Animals (2003),Comedy,397612,198306,movie
78174,Sex and the City 2 (2010),Comedy|Drama|Romance,1261945,37786,movie
78209,Get Him to the Greek (2010),Comedy,1226229,32823,movie
78218,Unthinkable (2010),Drama|Thriller,914863,38199,movie
78264,"Back-up Plan, The (2010)",Comedy|Romance,1212436,34806,movie
78266,Splice (2009),Horror|Sci-Fi|Thriller,1017460,37707,movie
78316,Letters to Juliet (2010),Drama|Romance,892318,37056,movie
78349,Exam (2009),Mystery|Thriller,1258197,29917,movie
78467,Jonah Hex (2010),Action|Drama|Thriller|Western,1075747,20533,movie
78469,"A-Team, The (2010)",Action|Comedy|Thriller,429493,34544,movie
78499,Toy Story 3 (2010),Adventure|Animation|Children|Comedy|Fantasy|IMAX,435761,10193,movie
78544,Ricky Gervais Live 3: Fame (2007),Comedy,993779,198308,movie
78574,Winter's Bone (2010),Drama|Thriller,1399683,39013,movie
78620,"Scalphunters, The (1968)",Comedy|Western,63557,32068,movie
78626,Barking Dogs Never Bite (Flandersui gae) (2000),Comedy|Horror,269743,21531,movie
78637,Shrek Forever After (a.k.a. Shrek: The Final Chapter) (2010),Adventure|Animation|Children|Comedy|Fantasy|IMAX,892791,10192,movie
78703,TiMER (2009),Comedy|Drama|Fantasy|Romance,1179794,39545,movie
78746,Best Worst Movie (2009),Documentary,1144539,40819,movie
78772,"Twilight Saga: Eclipse, The (2010)",Fantasy|Romance|Thriller|IMAX,1325004,24021,movie
78836,Enter the Void (2009),Drama,1191111,34647,movie
78893,"Last Airbender, The (2010)",Action|Adventure|Fantasy,938283,10196,movie
78959,Endgame (2009),Drama,1217616,15102,movie
79006,Empire of Dreams: The Story of the 'Star Wars' Trilogy (2004),Documentary,416716,76180,movie
79008,South Park: Imaginationland (2008),Animation|Comedy|Fantasy,1308667,16023,movie
79057,Predators (2010),Action|Sci-Fi|Thriller,1424381,34851,movie
79073,When You're Strange (2009),Documentary,1333667,37659,movie
79091,Despicable Me (2010),Animation|Children|Comedy|Crime,1323594,20352,movie
79132,Inception (2010),Action|Crime|Drama|Mystery|Sci-Fi|Thriller|IMAX,1375666,27205,movie
79134,Grown Ups (2010),Comedy,1375670,38365,movie
79139,"Sorcerer's Apprentice, The (2010)",Action|Adventure|Children|Comedy|Fantasy,963966,27022,movie
79185,Knight and Day (2010),Action|Comedy|Romance,1013743,37834,movie
79224,"Karate Kid, The (2010)",Action|Children|Drama,1155076,38575,movie
79242,"Kids Are All Right, The (2010)",Comedy|Drama,842926,39781,movie
79251,"Serbian Film, A (Srpski film) (2010)",Horror|Thriller,1273235,73861,movie
79259,Cherrybomb (2009),Drama|Thriller,1248971,40850,movie
79274,Batman: Under the Red Hood (2010),Action|Animation,1569923,40662,movie
79293,Salt (2010),Action|Thriller,944835,27576,movie
79299,"No. 1 Ladies' Detective Agency, The (2008)",Comedy|Crime|Mystery,874957,7154,tv
79333,Watch Out for the Automobile (Beregis avtomobilya) (1966),Comedy|Crime|Romance,60161,39768,movie
79357,Mr. Nobody (2009),Drama|Fantasy|Romance|Sci-Fi,485947,31011,movie
79428,Dinner for Schmucks (2010),Comedy,427152,38778,movie
79501,Deadly Outlaw: Rekka (a.k.a. Violent Fire) (Jitsuroku Andô Noboru kyôdô-den: Rekka) (2002),Crime|Drama|Thriller,352465,36274,movie
79536,Hellsinki (Rööperi) (2009),Crime,1227536,25335,movie
79553,Ip Man 2 (2010),Action,1386932,37472,movie
79572,Ramona and Beezus (2010),Children|Comedy,493949,38843,movie
79590,"Rebound, The (2009)",Comedy|Romance,1205535,24122,movie
79592,"Other Guys, The (2010)",Action|Comedy,1386588,27581,movie
79677,"Two Escobars, The (2010)",Crime|Documentary,1522863,53190,movie
79684,Paper Man (2009),Comedy|Drama,437405,39414,movie
79695,"Expendables, The (2010)",Action|Adventure|Thriller,1320253,27578,movie
79702,Scott Pilgrim vs. the World (2010),Action|Comedy|Fantasy|Musical|Romance,446029,22538,movie
79798,I Killed My Mother (J'ai tué ma mère) (2009),Drama,1424797,26280,movie
79868,Heartless (2009),Fantasy|Horror|Mystery|Thriller,1220214,38150,movie
79879,Piranha (Piranha 3D) (2010),Action|Horror|Thriller,464154,43593,movie
79895,"Extraordinary Adventures of Adèle Blanc-Sec, The (2010)",Action|Adventure|Fantasy|Mystery,1179025,35552,movie
79897,Get Low (2009),Comedy|Drama|Mystery,1194263,44718,movie
79946,"Joneses, The (2009)",Comedy|Drama,1285309,41479,movie
80083,Dragon Ball Z: Dead Zone (Doragon bôru Z 1: Ora no Gohan wo kaese) (1989),Action|Adventure|Animation|Fantasy|Sci-Fi,142235,28609,movie
80094,"Last Exorcism, The (2010)",Horror|Thriller,1320244,38358,movie
80124,Sisters (Syostry) (2001),Action|Crime|Drama,284492,49943,movie
80126,"American, The (2010)",Drama|Thriller,1440728,27579,movie
80139,Jackass 2.5 (2007),Comedy|Documentary,1117523,14158,movie
80162,"Horde, The (La Horde) (2009)",Action|Horror|Thriller,1183276,37905,movie
80166,"Switch, The (2010)",Comedy|Romance,889573,41210,movie
80219,Machete (2010),Action|Adventure|Comedy|Crime|Thriller,985694,23631,movie
80241,Going the Distance (2010),Comedy|Romance,1322312,38073,movie
80363,Resident Evil: Afterlife (2010),Action|Horror|Sci-Fi|Thriller|IMAX,1220634,35791,movie
80454,Princess (Prinsessa) (2010),Drama,1428453,60678,movie
80463,"Social Network, The (2010)",Drama,1285016,37799,movie
80478,"Man Vanishes, A (Ningen Johatsu) (1967)",Documentary|Drama|Mystery,62043,85692,movie
80489,"Town, The (2010)",Crime|Drama|Thriller,840361,23168,movie
80549,Easy A (2010),Comedy|Romance,1282140,37735,movie
80551,Eat Pray Love (2010),Drama|Romance,879870,38167,movie
80553,Howl (2010),Drama,1049402,38568,movie
80572,I'm Still Here (2010),Comedy|Drama,1356864,43939,movie
80584,"Patrik Age 1.5 (Patrik 1,5) (2008)",Comedy|Drama|Romance,1067733,15179,movie
80586,Flipped (2010),Comedy|Drama|Romance,817177,43949,movie
80590,Wall Street: Money Never Sleeps (2010),Drama,1027718,33909,movie
80615,Legend of the Guardians: The Owls of Ga'Hoole (2010),Adventure|Animation|Fantasy|IMAX,1219342,41216,movie
80693,It's Kind of a Funny Story (2010),Comedy|Drama,804497,43923,movie
80727,Middle Men (2009),Comedy|Crime|Drama,1251757,38842,movie
80748,Alice in Wonderland (1933),Adventure|Children|Fantasy,23753,25694,movie
80831,Let Me In (2010),Drama|Horror|Mystery,1228987,41402,movie
80834,Sintel (2010),Animation|Fantasy,1727587,45745,movie
80839,Secretariat (2010),Adventure|Drama,1028576,39486,movie
80846,Devil (2010),Horror|Mystery|Thriller,1314655,44040,movie
80858,You Again (2010),Comedy,1414382,38303,movie
80860,Life as We Know It (2010),Comedy|Romance,1055292,38408,movie
80862,Catfish (2010),Documentary|Mystery,1584016,42296,movie
80864,You Will Meet a Tall Dark Stranger (2010),Comedy|Romance,1182350,38031,movie
80880,Stone (2010),Drama|Thriller,1423995,44113,movie
80906,Inside Job (2010),Documentary,1645089,44639,movie
80917,Monsters (2010),Drama|Sci-Fi,1470827,43933,movie
80969,Never Let Me Go (2010),Drama|Romance|Sci-Fi,1334260,42188,movie
81018,"Illusionist, The (L'illusionniste) (2010)",Animation,775489,41201,movie
81087,Luck by Chance (2009),Drama,886539,16344,movie
81132,Rubber (2010),Action|Adventure|Comedy|Crime|Drama|Film-Noir|Horror|Mystery|Thriller|Western,1612774,45649,movie
81156,Jackass 3D (2010),Action|Comedy|Documentary,1116184,16290,movie
81158,Restrepo (2010),Documentary|War,1559549,39312,movie
81191,Waiting for 'Superman' (2010),Documentary,1566648,39440,movie
81229,Red (2010),Action|Comedy,1245526,39514,movie
81257,In a Better World (Hævnen) (2010),Drama,1340107,44716,movie
81383,Heartbreaker (L'Arnacoeur) (2010),Comedy|Romance,1465487,41211,movie
81417,Paranormal Activity 2 (2010),Horror|IMAX,1536044,41436,movie
81456,Heartbeats (Les amours imaginaires) (2010),Drama|Romance,1600524,51241,movie
81512,Hereafter (2010),Drama|Fantasy,1212419,44603,movie
81520,Undisputed III: Redemption (2010),Action|Crime|Drama,1156466,38234,movie
81535,Saw VII 3D - The Final Chapter (2010),Horror|Mystery|Thriller,1477076,41439,movie
81537,Due Date (2010),Comedy,1231583,41733,movie
81562,127 Hours (2010),Adventure|Drama|Thriller,1542344,44115,movie
81564,Megamind (2010),Action|Animation|Children|Comedy|Sci-Fi|IMAX,1001526,38055,movie
81591,Black Swan (2010),Drama|Thriller,947798,44214,movie
81681,I Shot Jesse James (1949),Drama|Romance|Western,41497,41058,movie
81782,Unstoppable (2010),Action|Drama|Thriller,477080,44048,movie
81784,Morning Glory (2010),Comedy|Drama|Romance,1126618,38357,movie
81786,Certified Copy (Copie conforme) (2010),Drama,1020773,48303,movie
81788,"Next Three Days, The (2010)",Crime|Drama|Romance|Thriller,1458175,43539,movie
81791,Somewhere (2010),Drama,1421051,39210,movie
81819,Biutiful (2010),Drama,1164999,45958,movie
81831,"First Beautiful Thing, The (La prima cosa bella) (2010)",Comedy|Drama,1467273,36940,movie
81834,Harry Potter and the Deathly Hallows: Part 1 (2010),Action|Adventure|Fantasy|IMAX,926084,12444,movie
81845,"King's Speech, The (2010)",Drama,1504320,45269,movie
81847,Tangled (2010),Animation|Children|Comedy|Fantasy|Musical|Romance|IMAX,398286,38757,movie
81910,"Art of the Steal, The (2009)",Documentary,1326733,41999,movie
81932,"Fighter, The (2010)",Drama,964517,45317,movie
81949,"Romantics, The (2010)",Comedy|Drama|Romance,1403988,41556,movie
82041,"Loved Ones, The (2009)",Horror,1316536,46420,movie
82053,Casino Jack (2010),Comedy|Crime,1194417,45324,movie
82088,Vincent Wants to Sea (Vincent will meer) (2010),Drama,1611211,47979,movie
82093,London Boulevard (2010),Crime|Romance,1213648,48838,movie
82095,Skyline (2010),Sci-Fi|Thriller,1564585,42684,movie
82152,Beastly (2011),Drama|Fantasy|Romance,1152398,38117,movie
82167,Love and Other Drugs (2010),Comedy|Drama|Romance,758752,43347,movie
82169,"Chronicles of Narnia: The Voyage of the Dawn Treader, The (2010)",Adventure|Children|Fantasy,980970,10140,movie
82202,"Tourist, The (2010)",Drama|Thriller,1243957,37710,movie
82242,Rare Exports: A Christmas Tale (Rare Exports) (2010),Action|Comedy,1401143,48395,movie
82366,Hatchet II (2010),Comedy|Horror|Thriller,1270835,43919,movie
82378,All Good Things (2010),Drama|Mystery|Thriller,1175709,46503,movie
82459,True Grit (2010),Western,1403865,44264,movie
82461,Tron: Legacy (2010),Action|Adventure|Sci-Fi|IMAX,1104001,20526,movie
82499,How Do You Know (2010),Comedy|Drama|Romance,1341188,42888,movie
82527,Barney's Version (2010),Drama,1423894,46829,movie
82534,"Company Men, The (2010)",Drama,1172991,44129,movie
82641,"One-Armed Swordsman, The (Dubei dao) (1967)",Action|Drama,61597,54178,movie
82667,I Saw the Devil (Akmareul boatda) (2010),Crime|Thriller,1588170,49797,movie
82684,Trash Humpers (2009),Drama,1488163,46788,movie
82744,Faster (2010),Action|Crime|Drama,1433108,41283,movie
82765,Little Big Soldier (Da bing xiao jiang) (2010),Action|Adventure|Comedy|Drama|War,1319718,35138,movie
82767,Rabbit Hole (2010),Drama,935075,27585,movie
82848,One Week (1920),Comedy,11541,23282,movie
82852,Little Fockers (2010),Comedy,970866,39451,movie
82854,Gulliver's Travels (2010),Adventure|Comedy|Fantasy,1320261,38745,movie
82857,Sweetgrass (2009),Adventure|Documentary|Western,1517252,50071,movie
83086,Burlesque (2010),Drama|Musical|Romance,1126591,42297,movie
83132,"Secret World of Arrietty, The (Kari-gurashi no Arietti) (2010)",Animation|Children|Fantasy,1568921,51739,movie
83134,Tucker & Dale vs Evil (2010),Comedy|Horror,1465522,46838,movie
83177,Yogi Bear (2010),Children|Comedy,1302067,41515,movie
83270,Made in Dagenham (2010),Comedy|Drama,1371155,46138,movie
83349,"Green Hornet, The (2011)",Action|Comedy|Crime|Fantasy|Thriller|IMAX,990407,40805,movie
83369,"Way Back, The (2010)",Drama,1023114,49009,movie
83374,"Warrior's Way, The (2010)",Action|Fantasy|Western,1032751,46528,movie
83480,Season of the Witch (2011),Adventure|Drama|Fantasy,479997,23047,movie
83601,Amer (2009),Drama|Horror,1426352,43950,movie
83613,Cowboys & Aliens (2011),Action|Sci-Fi|Thriller|Western|IMAX,409847,49849,movie
83796,Anything for Her (Pour elle) (2008),Crime|Drama|Thriller,1217637,14556,movie
83803,Day & Night (2010),Animation|Children,1620446,40619,movie
83827,Marwencol (2010),Documentary,1391092,52013,movie
83910,"Dilemma, The (2011)",Comedy|Drama,1578275,44564,movie
83969,Down Argentine Way (1940),Comedy|Drama|Romance,32410,43810,movie
83976,"Trip, The (2010)",Comedy|Drama,1740047,63578,movie
84152,Limitless (2011),Sci-Fi|Thriller,1219289,51876,movie
84156,Happy People: A Year in the Taiga (2010),Documentary,1683876,89704,movie
84187,Evangelion: 2.0 You Can (Not) Advance (Evangerion shin gekijôban: Ha) (2009),Action|Animation|Drama|Sci-Fi,860906,22843,movie
84189,I Spit on Your Grave (2010),Crime|Horror|Thriller,1242432,43947,movie
84240,Even the Rain (También la lluvia) (2010),Drama,1422032,53596,movie
84246,It Happened on Fifth Avenue (1947),Comedy|Romance,39502,52844,movie
84273,Zeitgeist: Moving Forward (2011),Documentary,1781069,54293,movie
84374,No Strings Attached (2011),Comedy|Romance,1411238,41630,movie
84392,"Lincoln Lawyer, The (2011)",Crime|Drama|Thriller,1189340,50348,movie
84414,All-Star Superman (2011),Action|Adventure|Animation|Sci-Fi,1699114,56590,movie
84512,Girls About Town (1931),Comedy,21910,120843,movie
84523,Kill! (Kiru) (1968),Action|Comedy|Drama,63186,39029,movie
84553,Pekka ja Pätkä salapoliiseina (1957),Comedy,50832,148432,movie
84601,Unknown (2011),Drama|Mystery|Thriller,1401152,48138,movie
84615,Cedar Rapids (2011),Comedy,1477837,52067,movie
84637,Gnomeo & Juliet (2011),Adventure|Animation|Children|Comedy|Fantasy|Romance,377981,45772,movie
84696,Burke and Hare (2010),Comedy|Thriller,1320239,50204,movie
84716,Castaway on the Moon (Kimssi pyoryugi) (2009),Comedy|Drama|Romance,1499666,18438,movie
84772,Paul (2011),Adventure|Comedy|Sci-Fi,1092026,39513,movie
84799,"Asphyx, The (1973)",Horror|Sci-Fi,69738,37618,movie
84844,Brother 2 (Brat 2) (2000),Crime|Drama,238883,20993,movie
84847,Emma (2009),Comedy|Drama|Romance,1366312,183894,movie
84942,Drive Angry (2011),Action|Fantasy|Thriller,1502404,47327,movie
84944,Rango (2011),Action|Adventure|Animation|Children|Comedy|Western,1192628,44896,movie
84950,Take Me Home Tonight (2011),Comedy|Drama,810922,50725,movie
84952,Confessions (Kokuhaku) (2010),Drama|Horror,1590089,54186,movie
84954,"Adjustment Bureau, The (2011)",Romance|Sci-Fi|Thriller,1385826,38050,movie
85020,"Mechanic, The (2011)",Action|Drama|Thriller,472399,27582,movie
85022,Hall Pass (2011),Comedy,480687,48988,movie
85025,"Eagle, The (2011)",Adventure|Drama,1034389,49494,movie
85056,I Am Number Four (2011),Action|Sci-Fi|Thriller|IMAX,1464540,46529,movie
85131,Battle: Los Angeles (2011),Action|Sci-Fi|War,1217613,44943,movie
85179,Summer Wars (Samâ wôzu) (2009),Adventure|Animation|Comedy|Sci-Fi,1474276,28874,movie
85213,"Sunset Limited, The (2011)",Drama,1510938,56831,movie
85259,Winnie the Pooh and the Honey Tree (1966),Animation|Children,61199,36540,movie
85261,Mars Needs Moms (2011),Action|Adventure|Animation|Children|Comedy|Sci-Fi|IMAX,1305591,50321,movie
85295,Scooby-Doo! Curse of the Lake Monster (2010),Adventure|Children|Comedy|Mystery,1618435,47533,movie
85316,Winnie the Pooh and Tigger Too (1974),Animation|Children,72410,72185,movie
85334,Hard Ticket to Hawaii (1987),Action|Comedy,93146,26011,movie
85342,Elite Squad: The Enemy Within (Tropa de Elite 2 - O Inimigo Agora É Outro) (2010),Action|Crime|Drama,1555149,47931,movie
85354,Mesrine: Public Enemy #1 (L'ennemi public n°1) (2008),Action|Crime,411272,15362,movie
85367,Just Go with It (2011),Comedy|Romance,1564367,50546,movie
85394,Cave of Forgotten Dreams (2010),Documentary,1664894,59490,movie
85397,Red Riding Hood (2011),Fantasy|Horror|Mystery|Thriller,1486185,49730,movie
85399,"Big Mommas: Like Father, Like Son (2011)",Comedy,1464174,38322,movie
85401,Super (2010),Action|Comedy|Drama,1512235,45132,movie
85412,"Troll Hunter, The (Trolljegeren) (2010)",Fantasy|Horror,1740707,46146,movie
85414,Source Code (2011),Action|Drama|Mystery|Sci-Fi|Thriller,945513,45612,movie
85438,Jane Eyre (2011),Drama|Romance,1229822,38684,movie
85510,Sucker Punch (2011),Action|Fantasy|Thriller|IMAX,978764,23629,movie
85565,Chalet Girl (2011),Comedy|Romance,1487118,58232,movie
85736,BURN-E (2008),Adventure|Animation|Children|Sci-Fi,1334585,13413,movie
85774,Senna (2010),Documentary,1424432,58496,movie
85780,Family Guy Presents: It's a Trap (2010),Animation|Comedy|Sci-Fi,1701991,278427,movie
85788,Insidious (2010),Fantasy|Horror|Thriller,1591095,49018,movie
85796,Hobo with a Shotgun (2011),Action|Adventure|Crime|Thriller,1640459,49010,movie
85881,Win Win (2011),Comedy|Drama,1606392,55725,movie
85885,Room in Rome (Habitación en Roma) (2010),Drama|Romance,1263750,48650,movie
86000,Boy (2010),Comedy|Drama,1560139,39356,movie
86014,Diary of a Wimpy Kid: Rodrick Rules (2011),Comedy,1650043,60307,movie
86028,Henry's Crime (2010),Comedy|Crime,1220888,53172,movie
86059,Hop (2011),Animation|Children|Comedy,1411704,50359,movie
86066,Playing the Victim (Izobrazhaya zhertvu) (2006),Comedy,820096,64484,movie
86068,Films to Keep You Awake: The Christmas Tale (Películas para no dormir: Cuento de navidad) (2005),Horror|Thriller,450827,75725,movie
86142,13 Assassins (Jûsan-nin no shikaku) (2010),Action,1436045,58857,movie
86190,Hanna (2011),Action|Adventure|Mystery|Thriller,993842,50456,movie
86237,Connections (1978),Documentary,78588,219569,tv
86279,Into Eternity (2010),Documentary,1194612,54527,movie
86286,Daffy Duck's Quackbusters (1988),Animation|Children|Comedy|Horror,94939,23521,movie
86290,American: The Bill Hicks Story (2009),Comedy|Documentary,1179947,46105,movie
86293,Arthur (2011),Comedy,1334512,49012,movie
86295,Scream 4 (2011),Comedy|Horror|Mystery|Thriller,1262416,41446,movie
86298,Rio (2011),Adventure|Animation|Children|Comedy,1436562,46195,movie
86320,Melancholia (2011),Drama|Sci-Fi,1527186,62215,movie
86332,Thor (2011),Action|Adventure|Drama|Fantasy|IMAX,800369,10195,movie
86345,Louis C.K.: Hilarious (2010),Comedy,1421373,45523,movie
86347,Louis C.K.: Chewed Up (2008),Comedy,1190722,30969,movie
86355,Atlas Shrugged: Part 1 (2011),Drama|Mystery|Sci-Fi,480239,56780,movie
86377,Louis C.K.: Shameless (2007),Comedy,927619,24447,movie
86487,Mildred Pierce (2011),Drama,1492030,39468,tv
86504,Voices from the List (2004),Documentary,405455,167966,movie
86548,Water for Elephants (2011),Drama|Romance,1067583,55787,movie
86593,African Cats (2011),Adventure|Documentary,1223236,57586,movie
86628,Kill the Irishman (2011),Action|Crime,1416801,51209,movie
86644,"Fast Five (Fast and the Furious 5, The) (2011)",Action|Crime|Drama|Thriller|IMAX,1596343,51497,movie
86668,Louis Theroux: Law & Disorder (2008),Documentary,1347439,241620,movie
86721,Idiots and Angels (2008),Animation|Drama|Fantasy,1013607,42521,movie
86781,Incendies (2010),Drama|Mystery|War,1255953,46738,movie
86815,Soul Surfer (2011),Action|Drama,1596346,43959,movie
86817,Something Borrowed (2011),Comedy|Drama|Romance,491152,49022,movie
86833,Bridesmaids (2011),Comedy,1478338,55721,movie
86835,Priest (2011),Action|Horror|Sci-Fi|Thriller,822847,38321,movie
86864,Mothra (Mosura) (1961),Adventure|Fantasy|Sci-Fi,55198,39410,movie
86880,Pirates of the Caribbean: On Stranger Tides (2011),Action|Adventure|Fantasy|IMAX,1298650,1865,movie
86882,Midnight in Paris (2011),Comedy|Fantasy|Romance,1605783,59436,movie
86892,The Man from Nowhere (2010),Action|Crime|Thriller,1527788,51608,movie
86898,"Tree of Life, The (2011)",Drama,478304,8967,movie
86911,"Hangover Part II, The (2011)",Comedy,1411697,45243,movie
86922,Nothing to Declare (Rien à déclarer) (2010),Comedy,1528313,52077,movie
86960,Across the Hall (2009),Thriller,1176724,21469,movie
87028,"Roommate, The (2011)",Drama|Thriller,1265990,49950,movie
87192,Attack the Block (2011),Action|Comedy|Sci-Fi,1478964,59678,movie
87194,The Way (2010),Adventure|Comedy|Drama,1441912,59468,movie
87197,Let the Bullets Fly (2010),Action|Comedy,1533117,51533,movie
87222,Kung Fu Panda 2 (2011),Action|Adventure|Animation|Children|Comedy|IMAX,1302011,49444,movie
87232,X-Men: First Class (2011),Action|Adventure|Sci-Fi|Thriller|War,1270798,49538,movie
87234,Submarine (2010),Comedy|Drama|Romance,1440292,49020,movie
87287,American Grindhouse (2010),Documentary,1307861,70862,movie
87298,Everything Must Go (2010),Comedy|Drama,1531663,45658,movie
87304,Beginners (2010),Drama,1532503,55347,movie
87306,Super 8 (2011),Mystery|Sci-Fi|Thriller|IMAX,1650062,37686,movie
87413,Bernie (1996),Comedy|Drama,115658,19963,movie
87430,Green Lantern (2011),Action|Adventure|Sci-Fi,1133985,44912,movie
87444,Elektra Luxx (2010),Comedy,1340773,56272,movie
87483,Mr. Popper's Penguins (2011),Comedy,1396218,58224,movie
87485,Bad Teacher (2011),Comedy,1284575,52449,movie
87520,Transformers: Dark of the Moon (2011),Action|Adventure|Sci-Fi|War|IMAX,1399103,38356,movie
87522,Larry Crowne (2011),Comedy|Drama|Romance,1583420,59861,movie
87529,Your Highness (2011),Action|Adventure|Comedy|Fantasy,1240982,38319,movie
87660,Too Big to Fail (2011),Drama,1742683,65034,movie
87785,Takers (2010),Action|Crime|Thriller,1135084,22907,movie
87834,My Life as McDull (Mak dau goo si) (2001),Animation|Comedy|Drama,312941,73884,movie
87867,Zookeeper (2011),Comedy,1222817,38317,movie
87869,Horrible Bosses (2011),Comedy|Crime,1499658,51540,movie
87876,Cars 2 (2011),Adventure|Animation|Children|Comedy|IMAX,1216475,49013,movie
87960,Between the Folds (2008),Documentary,1253565,24792,movie
88069,Delhi Belly (2011),Comedy|Crime,1934231,67109,movie
88094,Upside Down: The Creation Records Story (2010),Documentary,1764726,64780,movie
88108,Monte Carlo (2011),Adventure|Comedy|Romance,1067774,59860,movie
88125,Harry Potter and the Deathly Hallows: Part 2 (2011),Action|Adventure|Drama|Fantasy|Mystery|IMAX,1201607,12445,movie
88129,Drive (2011),Crime|Drama|Film-Noir|Thriller,780504,64690,movie
88140,Captain America: The First Avenger (2011),Action|Adventure|Sci-Fi|Thriller|War,458339,1771,movie
88163,"Crazy, Stupid, Love. (2011)",Comedy|Drama|Romance,1570728,50646,movie
88179,One Day (2011),Drama|Romance,1563738,51828,movie
88235,"Guard, The (2011)",Comedy|Crime,1540133,67913,movie
88267,Winnie the Pooh (2011),Animation|Children|Comedy,1449283,51162,movie
88272,"Woman, The (2011)",Horror,1714208,65599,movie
88327,"New One-Armed Swordsman, The (Xin du bi dao) (1971)",Action|Drama|War,69518,28039,movie
88345,Mike's New Car (2002),Animation|Comedy,323250,13931,movie
88356,"Smurfs, The (2011)",Animation|Children|Comedy,472181,41513,movie
88405,Friends with Benefits (2011),Comedy|Romance,1632708,50544,movie
88448,Paper Birds (Pájaros de papel) (2010),Comedy|Drama,1360822,50004,movie
88515,Blitz (2011),Action|Crime|Thriller,1297919,55846,movie
88593,"Yellow Sea, The (a.k.a. The Murderer) (Hwanghae) (2010)",Crime|Drama|Thriller,1230385,57361,movie
88672,Our Idiot Brother (2011),Comedy,1637706,59968,movie
88697,SUBWAYStories: Tales from the Underground (1997),Drama,120240,209802,movie
88699,Death Race 2 (2010),Action|Sci-Fi|Thriller,1500491,51620,movie
88744,Rise of the Planet of the Apes (2011),Action|Drama|Sci-Fi|Thriller,1318514,61791,movie
88746,Terri (2011),Comedy,1687281,51993,movie
88785,"Change-Up, The (2011)",Comedy,1488555,49520,movie
88810,"Help, The (2011)",Drama,1454029,50014,movie
88812,30 Minutes or Less (2011),Action|Comedy|Crime,1622547,62206,movie
88911,My Afternoons with Margueritte (La tête en friche) (2010),Comedy,1455151,39413,movie
88932,Final Destination 5 (2011),Horror|Thriller|IMAX,1622979,55779,movie
88954,"Very Harold & Kumar 3D Christmas, A (2011)",Comedy,1268799,55465,movie
89028,Don't Be Afraid of the Dark (2010),Horror|Thriller,1270761,46261,movie
89030,Fright Night (2011),Comedy|Horror,1438176,58151,movie
89039,Another Earth (2011),Drama|Romance|Sci-Fi,1549572,55420,movie
89047,Hesher (2010),Drama,1403177,44835,movie
89072,Stake Land (2010),Horror,1464580,52015,movie
89085,"Debt, The (2011)",Drama|Thriller,1226753,48289,movie
89087,Colombiana (2011),Action|Adventure|Drama|Thriller,1657507,62835,movie
89090,Bill Cunningham New York (2011),Documentary,1621444,55244,movie
89118,"Skin I Live In, The (La piel que habito) (2011)",Drama,1189073,63311,movie
89190,Conan the Barbarian (2011),Action|Adventure|Fantasy,816462,37430,movie
89208,Walled In (2009),Horror|Thriller,1104006,16335,movie
89281,Birdemic: Shock and Terror (2010),Romance|Thriller,1316037,40016,movie
89305,"Inbetweeners Movie, The (2011)",Adventure|Comedy,1716772,69798,movie
89343,Red State (2011),Action|Crime|Horror|Thriller,873886,48572,movie
89386,Pearl Jam Twenty (2011),Documentary|Musical,1417592,72744,movie
89388,I Don't Know How She Does It (2011),Comedy,1742650,70868,movie
89427,Shark Night 3D (2011),Horror|Thriller,1633356,65055,movie
89470,Contagion (2011),Sci-Fi|Thriller|IMAX,1598778,39538,movie
89492,Moneyball (2011),Drama,1210166,60308,movie
89580,Neds (2010),Drama,1560970,55785,movie
89582,Cold Fish (Tsumetai nettaigyo) (2010),Drama|Thriller,1632547,68341,movie
89586,Phineas and Ferb the Movie: Across the 2nd Dimension (2011),Adventure|Animation|Children,1825918,71689,movie
89678,Northanger Abbey (2007),Drama|Romance,844794,18093,movie
89745,"Avengers, The (2012)",Action|Adventure|Sci-Fi|IMAX,848228,24428,movie
89753,Tinker Tailor Soldier Spy (2011),Drama|Film-Noir|Thriller,1340800,49517,movie
89759,"Separation, A (Jodaeiye Nader az Simin) (2011)",Drama,1832382,60243,movie
89761,"Dangerous Method, A (2011)",Drama|Thriller,1571222,48231,movie
89774,Warrior (2011),Drama,1291584,59440,movie
89804,"Ides of March, The (2011)",Drama,1124035,10316,movie
89837,Kill List (2011),Horror|Mystery|Thriller,1788391,74725,movie
89840,Killer Elite (2011),Action|Thriller,1448755,49021,movie
89862,Bellflower (2011),Action|Drama|Romance,1242599,58699,movie
89864,50/50 (2011),Comedy|Drama,1306980,40807,movie
89898,Generation P (2011),Comedy|Drama|Sci-Fi,459748,63375,movie
89904,The Artist (2011),Comedy|Drama|Romance,1655442,74643,movie
89939,Gigi (1949),Comedy,41414,123723,movie
89945,BlinkyTM (2011),Horror|Sci-Fi,1520494,59852,movie
90057,Take Shelter (2011),Drama,1675192,64720,movie
90243,Three Outlaw Samurai (Sanbiki no samurai) (1964),Action|Drama,58652,58878,movie
90245,Antonio Gaudí (1985),Documentary,86907,37239,movie
90249,Real Steel (2011),Action|Drama|Sci-Fi|IMAX,433035,39254,movie
90343,Footloose (2011),Comedy|Drama|Musical,1068242,68817,movie
90345,"Thing, The (2011)",Horror|Mystery|Sci-Fi|Thriller,905372,60935,movie
90353,Beautiful Boy (2010),Drama,1533013,59437,movie
90357,Tyrannosaur (2011),Drama,1204340,76543,movie
90374,Martha Marcy May Marlene (2011),Drama|Thriller,1441326,50837,movie
90376,We Need to Talk About Kevin (2011),Drama|Thriller,1242460,71859,movie
90384,Behind Enemy Lines II: Axis of Evil (2006),Action|Thriller|War,497329,10005,movie
90403,"Three Musketeers, The (2011)",Action|Adventure,1509767,52451,movie
90405,In Time (2011),Crime|Sci-Fi|Thriller,1637688,49530,movie
90428,Margaret (2011),Drama,466893,44754,movie
90430,Carnage (2011),Comedy|Drama,1692486,72113,movie
90439,Margin Call (2011),Drama|Thriller,1615147,50839,movie
90469,Paranormal Activity 3 (2011),Horror,1778304,72571,movie
90471,Puncture (2011),Drama,1582248,72432,movie
90522,Johnny English Reborn (2011),Adventure|Comedy|Thriller,1634122,58233,movie
90524,Abduction (2011),Action|Drama|Mystery|Thriller,1600195,59965,movie
90528,This Must Be the Place (2011),Crime|Drama|Thriller,1440345,53487,movie
90531,Shame (2011),Drama,1723811,76025,movie
90576,What's Your Number? (2011),Comedy|Romance,770703,63492,movie
90600,Headhunters (Hodejegerne) (2011),Action|Crime|Thriller,1614989,70670,movie
90603,Batman: Year One (2011),Action|Animation|Crime,1672723,69735,movie
90630,Miss Representation (2011),Documentary,1784538,77801,movie
90647,Puss in Boots (2011),Adventure|Animation|Comedy|Fantasy|IMAX,448694,417859,movie
90717,Tower Heist (2011),Action|Comedy|Crime,471042,59108,movie
90719,J. Edgar (2011),Drama,1616195,88794,movie
90738,"Double, The (2011)",Action|Crime|Drama|Mystery|Thriller,1646980,73499,movie
90746,"Adventures of Tintin, The (2011)",Action|Animation|Mystery|IMAX,983193,17578,movie
90769,Starsuckers (2009),Documentary,1510934,40658,movie
90809,Tomboy (2011),Drama,1847731,65229,movie
90863,George Harrison: Living in the Material World (2011),Documentary,1113829,43107,tv
90866,Hugo (2011),Children|Drama|Mystery,970179,44826,movie
90888,Immortals (2011),Action|Drama|Fantasy,1253864,37958,movie
90890,Jack and Jill (2011),Comedy,810913,71880,movie
90943,Into the Abyss (2011),Documentary,1972663,77365,movie
90945,"Sign of Four, The (1987)",Adventure|Crime|Drama,685628,329303,movie
91077,"Descendants, The (2011)",Comedy|Drama,1033575,65057,movie
91079,Like Crazy (2011),Drama|Romance,1758692,60420,movie
91094,"Muppets, The (2011)",Children|Comedy|Musical,1204342,64328,movie
91104,"Twilight Saga: Breaking Dawn - Part 1, The (2011)",Adventure|Drama|Fantasy|Romance,1324999,50619,movie
91126,War Horse (2011),Drama|War,1568911,57212,movie
91128,"Rum Diary, The (2011)",Comedy|Drama|Thriller,376136,23514,movie
91233,Lifted (2006),Animation|Comedy|Sci-Fi,945571,13060,movie
91261,Hipsters (Stilyagi) (2008),Drama|Musical|Romance,1239426,38336,movie
91266,Another Cinderella Story (2008),Children|Comedy|Musical|Romance,1071358,15157,movie
91273,Bunraku (2010),Action|Drama|Fantasy,1181795,30618,movie
91323,"Sitter, The (2011)",Comedy,1366344,57431,movie
91325,Extremely Loud and Incredibly Close (2011),Drama,477302,64685,movie
91337,Play the Game (2009),Comedy|Romance,1124388,45708,movie
91353,Asterix in America (a.k.a Asterix Conquers America) (Astérix et les Indiens) (1994),Adventure|Animation|Children|Comedy,109162,9369,movie
91355,Asterix and the Vikings (Astérix et les Vikings) (2006),Adventure|Animation|Children|Comedy|Fantasy,371552,9642,movie
91386,Happy Feet Two (2011),Animation|Children|Comedy|IMAX,1402488,65759,movie
91414,Arthur Christmas (2011),Animation|Children|Comedy|Drama,1430607,51052,movie
91470,Violet & Daisy (2011),Action|Drama,1634136,91550,movie
91483,Bullet to the Head (2012),Action|Crime|Film-Noir,1308729,70074,movie
91485,"Expendables 2, The (2012)",Action|Adventure,1764651,76163,movie
91488,"Snowman, The (1982)",Animation|Children|Musical,84701,13396,movie
91500,The Hunger Games (2012),Action|Adventure|Drama|Sci-Fi|Thriller,1392170,70160,movie
91529,"Dark Knight Rises, The (2012)",Action|Adventure|Crime|IMAX,1345836,49026,movie
91535,"Bourne Legacy, The (2012)",Action|Adventure|Drama|Thriller|IMAX,1194173,49040,movie
91542,Sherlock Holmes: A Game of Shadows (2011),Action|Adventure|Comedy|Crime|Mystery|Thriller,1515091,58574,movie
91571,Coriolanus (2011),Drama|Thriller,1372686,101173,movie
91622,Young Adult (2011),Comedy|Drama,1625346,57157,movie
91628,New Year's Eve (2011),Comedy|Romance,1598822,62838,movie
91630,Mission: Impossible - Ghost Protocol (2011),Action|Adventure|Thriller|IMAX,1229238,56292,movie
91653,We Bought a Zoo (2011),Comedy|Drama,1389137,74465,movie
91658,"Girl with the Dragon Tattoo, The (2011)",Drama|Thriller,1568346,65754,movie
91660,"Darkest Hour, The (2011)",Action|Horror|Sci-Fi|Thriller,1093357,71469,movie
91666,Last Holiday (1950),Comedy|Drama|Romance,42665,16939,movie
91671,Alvin and the Chipmunks: Chipwrecked (2011),Animation|Comedy,1615918,55301,movie
91688,Salvation Boulevard (2011),Comedy|Thriller,1251743,51995,movie
91690,Friends with Kids (2011),Comedy,1720616,80038,movie
91784,Girl Walks Into a Bar (2011),Comedy|Drama|Fantasy,1682246,59006,movie
91842,Contraband (2012),Action|Crime|Drama|Thriller,1524137,77866,movie
91860,"Way South, The (De weg naar het zuiden) (1981)",Documentary,83318,269963,movie
91869,Being Elmo: A Puppeteer's Journey (2011),Documentary,1787660,75301,movie
91873,Joyful Noise (2012),Comedy|Musical,1710396,63574,movie
91890,"Iron Lady, The (2011)",Drama,1007029,71688,movie
91935,Albatross (2011),Drama,1541149,72842,movie
91947,"Revenant, The (2009)",Comedy|Horror,1336006,79896,movie
91974,Underworld: Awakening (2012),Action|Fantasy|Horror|IMAX,1496025,52520,movie
91976,"Grey, The (2012)",Action|Drama,1601913,75174,movie
91978,Man on a Ledge (2012),Crime|Thriller,1568338,49527,movie
91981,Sacrifice (Zhao shi gu er) (2010),Drama,1726738,55741,movie
92008,Haywire (2011),Action|Thriller,1506999,70435,movie
92046,Contact High (2009),Comedy,780002,31337,movie
92048,"Whistleblower, The (2010)",Drama|Thriller,896872,65760,movie
92094,Einstein and Eddington (2008),Drama,995036,15044,movie
92192,Apollo 18 (2011),Horror|Sci-Fi|Thriller,1772240,50357,movie
92198,Seeking Justice (2011),Action|Drama|Thriller,1214962,74998,movie
92234,Red Tails (2012),Action|Adventure|Drama|War,485985,72431,movie
92243,"Flowers of War, The (Jin líng shí san chai) (2011)",Drama|War,1410063,76758,movie
92259,Intouchables (2011),Comedy|Drama,1675434,77338,movie
92264,One for the Money (2012),Action|Comedy|Crime,1598828,54054,movie
92309,"Innkeepers, The (2011)",Horror|Thriller,1594562,58428,movie
92348,Puss in Boots (Nagagutsu o haita neko) (1969),Adventure|Animation|Children|Comedy|Fantasy|Romance,64714,58704,movie
92391,Grave Encounters (2011),Horror,1703199,50698,movie
92420,Chronicle (2012),Action|Sci-Fi|Thriller,1706593,76726,movie
92422,"Woman in Black, The (2012)",Drama|Horror|Thriller,1596365,65086,movie
92427,Woman in Love (Rubbeldiekatz) (2011),Comedy,1802810,80125,movie
92439,"Art of Getting By, The (2011)",Drama|Romance,1645080,64678,movie
92475,All Watched Over by Machines of Loving Grace (2011),Documentary,1955162,44045,tv
92494,Dylan Moran: Monster (2004),Comedy|Documentary,439553,13976,movie
92507,Safe House (2012),Action|Crime|Mystery|Thriller,1599348,59961,movie
92509,"Vow, The (2012)",Drama|Romance,1606389,72570,movie
92535,Louis C.K.: Live at the Beacon Theater (2011),Comedy,2112999,80379,movie
92637,Pitfall (Otoshiana) (1962),Crime|Drama|Fantasy,203612,54146,movie
92643,Monsieur Lazhar (2011),Children|Comedy|Drama,2011971,78480,movie
92665,"For a Good Time, Call... (2012)",Comedy|Drama|Romance,1996264,84200,movie
92674,Janie Jones (2010),Drama|Musical,1509130,73700,movie
92681,Journey 2: The Mysterious Island (2012),Action|Adventure|Comedy|Sci-Fi|IMAX,1397514,72545,movie
92694,Perfect Sense (2011),Drama|Romance|Sci-Fi,1439572,51999,movie
92730,Rollo and the Woods Sprite (Rölli ja metsänhenki) (2001),Children|Fantasy,249131,64029,movie
92760,"Atomic Brain, The (1963)",Horror|Sci-Fi,57859,37464,movie
92938,Ghost Rider: Spirit of Vengeance (2012),Action|Fantasy|Thriller,1071875,71676,movie
92954,Prayers for Bobby (2009),Drama,1073510,21634,movie
93006,"Very Potter Musical, A (2009)",Comedy|Musical,2033193,54507,movie
93008,"Very Potter Sequel, A (2010)",Comedy|Musical,2040264,59017,movie
93022,Miss Nobody (2010),Comedy|Crime,1129427,51875,movie
93040,"Civil War, The (1990)",Documentary|War,98769,9693,tv
93114,Ro.Go.Pa.G. (1963),Comedy|Drama,56171,59045,movie
93134,"Women on the 6th Floor, The (Les Femmes du 6ème Étage) (2010)",Comedy,1805297,57243,movie
93139,Mega Shark vs. Crocosaurus (2010),Action|Adventure|Horror,1705773,52454,movie
93193,Red Hill (2010),Crime|Thriller|Western,1530983,45569,movie
93208,Mickey's The Prince and the Pauper (1990),Animation|Children,100409,25831,movie
93242,Gone (2012),Drama|Thriller,1838544,79548,movie
93270,Project X (2012),Comedy,1636826,57214,movie
93272,Dr. Seuss' The Lorax (2012),Animation|Fantasy|Musical|IMAX,1482459,73723,movie
93287,"Big Year, The (2011)",Comedy,1053810,73937,movie
93297,Act of Valor (2012),Action|Thriller|War,1591479,75674,movie
93320,Trailer Park Boys (1999),Comedy|Crime,383678,38674,movie
93326,This Means War (2012),Action|Comedy|Romance,1596350,59962,movie
93363,John Carter (2012),Action|Adventure|Sci-Fi|IMAX,401729,49529,movie
93443,Goon (2011),Comedy|Drama,1456635,74387,movie
93502,"Ledge, The (2011)",Drama|Thriller,1535970,63493,movie
93510,21 Jump Street (2012),Action|Comedy|Crime,1232829,64688,movie
93512,"Jeff, Who Lives at Home (2012)",Comedy|Drama,1588334,82532,movie
93563,Lockout (2012),Action|Sci-Fi|Thriller,1592525,81796,movie
93598,"Snowtown (Snowtown Murders, The) (2011)",Crime|Drama|Thriller,1680114,67748,movie
93610,Space Battleship Yamato (2010),Action|Adventure|Drama,1477109,61984,movie
93721,Jiro Dreams of Sushi (2011),Documentary,1772925,80767,movie
93723,Damsels in Distress (2011),Comedy|Romance,1667307,82533,movie
93740,Salmon Fishing in the Yemen (2011),Comedy|Drama|Romance,1441952,81025,movie
93766,Wrath of the Titans (2012),Action|Adventure|Fantasy|IMAX,1646987,57165,movie
93790,Detachment (2011),Drama,1683526,74308,movie
93805,Iron Sky (2012),Action|Comedy|Sci-Fi,1034314,10679,movie
93819,Absentia (2011),Horror,1610996,74777,movie
93831,American Reunion (American Pie 4) (2012),Comedy,1605630,71552,movie
93838,The Raid: Redemption (2011),Action|Crime,1899353,94329,movie
93840,"Cabin in the Woods, The (2012)",Comedy|Horror|Sci-Fi|Thriller,1259521,22970,movie
93855,God Bless America (2011),Comedy|Drama,1912398,74306,movie
93980,"Three Stooges, The (2012)",Comedy,383010,76489,movie
93982,"Raven, The (2012)",Mystery|Thriller,1486192,70436,movie
93988,North & South (2004),Drama|Romance,417349,13643,tv
94011,"Big Bang, The (2011)",Action|Thriller,1307873,54271,movie
94015,Mirror Mirror (2012),Adventure|Comedy|Fantasy,1667353,62764,movie
94018,Battleship (2012),Action|Sci-Fi|Thriller|IMAX,1440129,44833,movie
94070,"Best Exotic Marigold Hotel, The (2011)",Comedy|Drama,1412386,74534,movie
94122,Comic-Con Episode IV: A Fan's Hope (2011),Documentary,1605782,91356,movie
94130,Bully (2011),Documentary,1682181,84404,movie
94150,Hysteria (2011),Comedy|Romance,1435513,75802,movie
94160,Dante's Inferno: An Animated Epic (2010),Action|Animation|Fantasy,1401113,31967,movie
94262,"Atomic Submarine, The (1959)",Sci-Fi|Thriller,52587,37467,movie
94266,"Five-Year Engagement, The (2012)",Comedy|Romance,1195478,72207,movie
94323,Think Like a Man (2012),Comedy,1621045,67660,movie
94325,"Lucky One, The (2012)",Drama,1327194,77877,movie
94405,Safe (2012),Action|Crime|Thriller,1656190,72387,movie
94478,Dark Shadows (2012),Comedy|Horror|IMAX,1077368,62213,movie
94494,96 Minutes (2011) ,Drama|Thriller,1641385,89326,movie
94503,"Decoy Bride, The (2011)",Comedy|Romance,1657299,40161,movie
94661,Rocket Singh: Salesman of the Year (2009),Comedy|Drama,1434447,26815,movie
94677,"Dictator, The (2012)",Comedy,1645170,76493,movie
94735,Walking with Monsters (2005),Documentary,490048,28500,movie
94777,Men in Black III (M.III.B.) (M.I.B.³) (2012),Action|Comedy|Sci-Fi|IMAX,1409024,41154,movie
94780,Snow White and the Huntsman (2012),Action|Adventure|Drama,1735898,58595,movie
94799,Sound of My Voice (2011),Drama|Mystery|Sci-Fi,1748207,86812,movie
94810,Eva (2011),Drama|Fantasy|Sci-Fi,1298554,77561,movie
94833,"Pirates! Band of Misfits, The (2012)",Adventure|Animation|Children|Comedy,1430626,72197,movie
94864,Prometheus (2012),Action|Horror|Sci-Fi|IMAX,1446714,70981,movie
94867,"Pact, The (2012)",Horror|Mystery|Thriller,2040560,111440,movie
94896,Bernie (2011),Comedy|Crime|Drama,1704573,92591,movie
94919,Inhale (2010),Drama|Thriller,1196340,12645,movie
94931,Take This Waltz (2011),Drama|Romance,1592281,86555,movie
94953,Wanderlust (2012),Comedy,1655460,50647,movie
94959,Moonrise Kingdom (2012),Comedy|Drama|Romance,1748122,83666,movie
94985,Get the Gringo (2012),Action|Crime|Drama|Thriller,1567609,80389,movie
95004,Superman/Doomsday (2007) ,Action|Animation,934706,13640,movie
95067,"Thousand Words, A (2012)",Comedy|Drama,763831,72358,movie
95088,Safety Not Guaranteed (2012),Comedy|Drama,1862079,84332,movie
95105,Madagascar 3: Europe's Most Wanted (2012),Adventure|Animation|Children|Comedy|IMAX,1277953,80321,movie
95135,Your Sister's Sister (2011),Comedy|Drama,1742336,84355,movie
95145,Dragon Ball: The Curse Of The Blood Rubies (Doragon bôru: Shenron no densetsu) (1986),Action|Adventure|Animation|Children,142251,39144,movie
95147,Dragon Ball: Sleeping Princess in Devil's Castle (Doragon bôru: Majinjô no nemuri hime) (1987),Action|Adventure|Animation|Children,142249,39145,movie
95149,Superman/Batman: Public Enemies (2009),Action|Animation|Fantasy,1398941,22855,movie
95163,Dragon Ball: Mystical Adventure (Doragon bôru: Makafushigi dai bôken) (1988),Action|Adventure|Animation|Children,142248,116776,movie
95165,Dragon Ball Z the Movie: The World's Strongest (a.k.a. Dragon Ball Z: The Strongest Guy in The World) (Doragon bôru Z: Kono yo de ichiban tsuyoi yatsu) (1990),Action|Adventure|Animation|Sci-Fi|Thriller,142240,39100,movie
95167,Brave (2012),Action|Adventure|Animation|Children,1217209,62177,movie
95170,Beauty and the Beast: The Enchanted Christmas (1997),Animation|Children|Fantasy|Musical,118692,13313,movie
95175,Front of the Class (2008),Drama,1292594,63193,movie
95182,Dragon Ball Z the Movie: The Tree of Might (Doragon bôru Z 3: Chikyû marugoto chô kessen) (1990),Action|Adventure|Animation|Sci-Fi,142233,39101,movie
95193,Pocahontas II: Journey to a New World (1998) ,Adventure|Animation|Children,143808,13761,movie
95199,What to Expect When You're Expecting (2012),Comedy|Drama|Romance,1586265,76494,movie
95201,To Rome with Love (2012),Comedy,1859650,81836,movie
95207,Abraham Lincoln: Vampire Hunter (2012),Action|Fantasy|Horror|Thriller,1611224,72331,movie
95218,First Position (2011),Documentary,2008513,89874,movie
95307,Rock of Ages (2012),Comedy|Drama|Musical|IMAX,1336608,80585,movie
95309,Seeking a Friend for the End of the World (2012),Comedy|Drama|Romance,1307068,88005,movie
95311,Presto (2008),Animation|Children|Comedy|Fantasy,1245104,13042,movie
95313,Jack-Jack Attack (2005),Adventure|Animation|Children|Comedy,455565,13932,movie
95377,One Man Band (2005),Animation|Comedy|Musical,479113,13933,movie
95441,Ted (2012),Comedy|Fantasy,1637725,72105,movie
95449,Magic Mike (2012),Drama|Romance,1915581,77930,movie
95473,Dragon Ball Z: The Return of Cooler (Doragon bôru Z 6: Gekitotsu! Hyakuoku pawâ no senshi) (1992),Action|Adventure|Animation,142237,39103,movie
95475,Dragon Ball Z: Cooler's Revenge (Doragon bôru Z 5: Tobikkiri no saikyô tai saikyô) (1991),Action|Adventure|Animation,1125254,24752,movie
95497,Dragon Ball Z: Super Android 13! (Doragon bôru Z 7: Kyokugen batoru!! San dai sûpâ saiyajin) (1992),Action|Adventure|Animation,142241,39104,movie
95499,Dragon Ball Z: Broly - The Legendary Super Saiyan (Doragon bôru Z 8: Moetsukiro!! Nessen retsusen-chô gekisen) (1993),Action|Adventure|Animation,142242,34433,movie
95508,Cleanskin (2012),Crime|Drama|Thriller,1598873,95516,movie
95510,"Amazing Spider-Man, The (2012)",Action|Adventure|Sci-Fi|IMAX,948470,1930,movie
95519,Dragon Ball Z: Bojack Unbound (Doragon bôru Z 9: Ginga girigiri!! Butchigiri no sugoi yatsu) (1993),Action|Adventure|Animation|Fantasy,142238,39105,movie
95543,Ice Age 4: Continental Drift (2012),Adventure|Animation|Comedy,1667889,57800,movie
95558,Beasts of the Southern Wild (2012),Drama|Fantasy,2125435,84175,movie
95583,Savages (2012),Crime|Drama|Thriller,1615065,82525,movie
95624,"Firm, The (2009)",Drama,1313113,31218,movie
95633,Spirit Camp (2009),Horror,1078933,40770,movie
95654,Geri's Game (1997),Animation|Children,131409,13929,movie
95690,Some Guy Who Kills People (2011),Comedy|Thriller,1568341,80468,movie
95717,Treasure Island (2012),Adventure,1820723,43065,tv
95720,"Watch, The (2012)",Comedy|Sci-Fi,1298649,80035,movie
95738,"Adventures of Mary-Kate and Ashley, The: The Case of the Christmas Caper (1995)",Children|Musical|Mystery,283851,554191,movie
95744,2 Days in New York (2012),Comedy,1602472,84165,movie
95761,Killer Joe (2011),Crime|Thriller,1726669,73567,movie
95771,Dragon Ball Z: Broly Second Coming (Doragon bôru Z 10: Kiken na futari! Sûpâ senshi wa nemurenai) (1994),Action|Adventure|Animation,285036,44251,movie
95780,Dragon Ball Z: Bio-Broly (Doragon bôru Z 11: Sûpâ senshi gekiha! Katsu no wa ore da) (1994),Action|Adventure|Animation,142234,39106,movie
95796,Anaconda: The Offspring (2008),Action|Horror|Sci-Fi|Thriller,1137996,14863,movie
95839,"Christmas Carol, A (1999)",Drama|Fantasy,216621,16716,movie
95843,Goodbye Charlie (1964),Comedy|Fantasy|Romance,58154,52906,movie
95858,For the Birds (2000),Animation|Children|Comedy,248808,13930,movie
95873,Ruby Sparks (2012),Comedy|Fantasy|Romance,1839492,103332,movie
95875,Total Recall (2012),Action|Sci-Fi|Thriller,1386703,64635,movie
95939,"Angels' Share, The (2012)",Comedy|Drama,1924394,103747,movie
95949,"Immature, The (Immaturi) (2011)",Comedy,1630637,56909,movie
95965,Dragon Ball Z: Bardock - The Father of Goku (Doragon bôru Z: Tatta hitori no saishuu kessen - Furiiza ni itonda Z senshi Kakarotto no chichi) (1990),Action|Adventure|Animation,142245,39323,movie
96004,Dragon Ball Z: The History of Trunks (Doragon bôru Z: Zetsubô e no hankô!! Nokosareta chô senshi - Gohan to Torankusu) (1993),Action|Adventure|Animation,142247,39324,movie
96007,Dragon Ball GT: A Hero's Legacy (Doragon bôru GT: Gokû gaiden! Yûki no akashi wa sû-shin-chû) (1997),Action|Adventure|Animation,142232,18095,movie
96020,Sidewalls (Medianeras) (2011),Drama,1235841,76696,movie
96079,Skyfall (2012),Action|Adventure|Thriller|IMAX,1074638,37724,movie
96084,Hands Over the City (Le mani sulla città) (1963),Drama,57286,58383,movie
96110,"Campaign, The (2012)",Comedy,1790886,77953,movie
96114,Brake (2012),Crime|Thriller,1990181,85414,movie
96121,Hope Springs (2012),Comedy|Drama,1535438,82696,movie
96150,"Queen of Versailles, The (2012)",Documentary,2125666,84327,movie
96281,ParaNorman (2012),Adventure|Animation|Comedy,1623288,77174,movie
96283,Diary of a Wimpy Kid: Dog Days (2012),Children|Comedy,2023453,82650,movie
96373,Broken (2012),Drama,1441940,109584,movie
96411,6 Days to Air: The Making of South Park (2011),Documentary,2076781,76360,movie
96417,Premium Rush (2012),Action|Thriller,1547234,49526,movie
96430,"Odd Life of Timothy Green, The (2012)",Comedy|Drama|Fantasy,1462769,71864,movie
96432,Lawless (2012),Crime|Drama,1212450,82633,movie
96448,Piranha 3DD (a.k.a. Piranha DD) (2012),Comedy|Horror,1714203,71668,movie
96471,Prime Suspect 3 (1993),Crime|Drama|Mystery,106104,202043,movie
96488,Searching for Sugar Man (2012),Documentary,2125608,84334,movie
96518,Prime Suspect 6: The Last Witness (2003),Drama|Thriller,365651,263947,movie
96520,Prime Suspect: The Lost Child (1995),Drama|Mystery,114182,215999,movie
96530,Conception (2011),Comedy|Romance,1619277,83403,movie
96563,Paradise Lost 3: Purgatory (2011),Documentary,2028530,83660,movie
96567,"Words, The (2012)",Drama|Romance,1840417,83686,movie
96588,Pitch Perfect (2012),Comedy|Musical,1981677,114150,movie
96606,Samsara (2011),Documentary,770802,89708,movie
96608,Runaway Brain (1995) ,Animation|Comedy|Sci-Fi,114308,67166,movie
96610,Looper (2012),Action|Crime|Sci-Fi,1276104,59967,movie
96616,That's My Boy (2012),Comedy,1232200,87428,movie
96655,Robot & Frank (2012),Comedy|Drama|Sci-Fi,1990314,84329,movie
96691,Resident Evil: Retribution (2012),Action|Horror|Sci-Fi|IMAX,1855325,71679,movie
96726,Lola Versus (2012),Comedy|Romance,1710417,100529,movie
96728,"Master, The (2012)",Drama,1560747,68722,movie
96737,Dredd (2012),Action|Sci-Fi,1343727,49049,movie
96811,End of Watch (2012),Crime|Drama|Thriller,1855199,77016,movie
96815,V/H/S (2012),Horror|Thriller,2105044,84348,movie
96821,"Perks of Being a Wallflower, The (2012)",Drama|Romance,1659337,84892,movie
96829,"Hunt, The (Jagten) (2012)",Drama,2106476,103663,movie
96832,Holy Motors (2012),Drama|Fantasy|Musical|Mystery|Sci-Fi,2076220,103328,movie
96861,Taken 2 (2012),Action|Crime|Drama|Thriller,1397280,82675,movie
96917,House at the End of the Street (2012),Horror|Thriller,1582507,82505,movie
96935,My Left Eye Sees Ghosts (Ngo joh aan gin diy gwai) (2002),Comedy|Fantasy|Romance,319901,45397,movie
96945,Love Lasts Three Years (L'amour dure trois ans) (2011),Comedy|Drama|Romance,1638328,85735,movie
96964,"Tall Man, The (2012)",Crime|Drama|Mystery,1658837,86597,movie
96975,LOL (2012),Comedy|Drama|Romance,1592873,80271,movie
97024,Rust and Bone (De rouille et d'os) (2012),Drama|Romance,2053425,97365,movie
97168,Marley (2012),Documentary,1183919,90125,movie
97172,Frankenweenie (2012),Animation|Comedy|Horror|IMAX,1142977,62214,movie
97188,Sinister (2012),Horror|Thriller,1922777,82507,movie
97194,"Thing: Terror Takes Shape, The (1998)",Documentary,376921,92171,movie
97225,Hotel Transylvania (2012),Animation|Children|Comedy,837562,76492,movie
97230,Side by Side (2012),Documentary,2014338,110354,movie
97285,Take Aim at the Police Van (Sono gosôsha wo nerae: 'Jûsangô taihisen' yori) (1960),Action|Crime|Mystery,54325,71723,movie
97304,Argo (2012),Drama|Thriller,1024648,68734,movie
97306,Seven Psychopaths (2012),Comedy|Crime,1931533,86838,movie
97328,Liberal Arts (2012),Comedy|Drama,1872818,84306,movie
97470,Catch .44 (2011),Action|Drama|Thriller,1886493,75736,movie
97643,[REC]³ 3 Génesis (2012),Horror|Thriller,1649444,80280,movie
97665,Asterix & Obelix: God Save Britannia (Astérix et Obélix: Au service de Sa Majesté) (2012),Adventure|Comedy,1597522,99770,movie
97701,Paranormal Activity 4 (2012),Horror|IMAX,2109184,82990,movie
97742,Alex Cross (2012),Action|Crime|Mystery|Thriller,1712170,94348,movie
97752,Cloud Atlas (2012),Drama|Sci-Fi|IMAX,1371111,83542,movie
97757,'Hellboy': The Seeds of Creation (2004),Action|Adventure|Comedy|Documentary|Fantasy,424755,72867,movie
97785,Silent Hill: Revelation 3D (2012),Horror|Mystery|Thriller,938330,61012,movie
97836,Here Comes the Boom (2012),Action|Comedy,1648179,87826,movie
97858,Mental (2012),Comedy|Drama,1655416,126797,movie
97860,Killing Them Softly (2012),Crime|Drama|Thriller,1764234,64689,movie
97866,"Imposter, The (2012)",Documentary,1966604,84287,movie
97870,"Sessions, The (Surrogate, The) (2012)",Drama,1866249,113947,movie
97904,Smashed (2012),Comedy|Drama,2063781,84341,movie
97913,Wreck-It Ralph (2012),Animation|Comedy,1772341,82690,movie
97921,Silver Linings Playbook (2012),Comedy|Drama,1045658,82693,movie
97923,Flight (2012),Drama,1907668,87502,movie
97936,Anna Karenina (2012),Drama,1781769,96724,movie
97938,Life of Pi (2012),Adventure|Drama|IMAX,454876,87827,movie
97950,"Man with the Iron Fists, The (2012)",Action|Adventure|Crime,1258972,97430,movie
97988,"Bay, The (2012)",Horror|Sci-Fi|Thriller,1713476,123105,movie
98061,Himizu (2011),Children|Crime|Drama,1900893,98631,movie
98083,Jackass 3.5 (2011),Comedy|Documentary,1753968,65851,movie
98122,Indie Game: The Movie (2012),Documentary,1942884,80215,movie
98124,"Batman: The Dark Knight Returns, Part 1 (2012)",Action|Animation|Sci-Fi,2313197,123025,movie
98154,Lincoln (2012),Drama|War,443272,72976,movie
98160,Nature Calls (2012),Comedy,1493157,135708,movie
98175,Vamps (2012),Comedy|Horror|Romance,1545106,73935,movie
98203,"Twilight Saga: Breaking Dawn - Part 2, The (2012)",Adventure|Drama|Fantasy|Romance|IMAX,1673434,50620,movie
98230,10 Years (2011),Comedy|Drama|Romance,1715873,58547,movie
98239,Red Dawn (2012),Action|War,1234719,60747,movie
98243,Rise of the Guardians (2012),Adventure|Animation|Children|Fantasy|IMAX,1446192,81188,movie
98279,"Fantastic Fear of Everything, A (2012)",Comedy,2006040,101519,movie
98296,Deadfall (2012),Crime|Drama|Thriller,1667310,97614,movie
98361,Byzantium (2012),Drama|Fantasy|Thriller,1531901,102780,movie
98491,Paperman (2012),Animation|Comedy|Romance,2388725,140420,movie
98499,"Fearless Hyena, The (Xiao quan guai zhao) (1979)",Action|Comedy,79315,19274,movie
98503,Half a Loaf of Kung Fu (Dian zhi gong fu gan chian chan) (1980),Action|Comedy,80623,18867,movie
98585,Hitchcock (2012),Drama,975645,112336,movie
98604,From Up on Poppy Hill (Kokuriko-zaka kara) (2011),Animation|Drama|Romance,1798188,83389,movie
98607,Redline (2009),Action|Animation|Sci-Fi,1483797,71883,movie
98623,Winners and Sinners (Qi mou miao ji: Wu fu xing) (1983),Action|Comedy|Crime,86605,25539,movie
98633,My Lucky Stars (Fuk sing go jiu) (1985),Action|Comedy,89177,10044,movie
98697,"Money Money Money (L'aventure, c'est l'aventure) (1972)",Adventure|Comedy,66798,34280,movie
98799,"Liar's Autobiography: The Untrue Story of Monty Python's Graham Chapman, A (2012)",Animation|Comedy,1979172,110392,movie
98809,"Hobbit: An Unexpected Journey, The (2012)",Adventure|Fantasy|IMAX,903624,49051,movie
98836,Hyde Park on Hudson (2012),Comedy|Drama,1477855,87504,movie
98908,How to Make Love to a Woman (2010),Comedy|Romance,1241017,40722,movie
98961,Zero Dark Thirty (2012),Action|Drama|Thriller,1790885,97630,movie
99005,Fire with Fire (2012),Action|Crime|Drama,1925431,139567,movie
99007,Warm Bodies (2013),Comedy|Horror|Romance,1588173,82654,movie
99030,Wrong (2012),Comedy|Drama,1901040,83186,movie
99087,Playing for Keeps (2012),Comedy|Romance,1540128,77875,movie
99106,"Guilt Trip, The (2012)",Comedy,1694020,82687,movie
99112,Jack Reacher (2012),Action|Crime|Thriller,790724,75780,movie
99114,Django Unchained (2012),Action|Drama|Western,1853728,68718,movie
99117,This Is 40 (2012),Drama,1758830,89492,movie
99122,I Bought a Vampire Motorcycle (1990),Comedy|Horror,97550,41153,movie
99130,Ice Cream Man (1995),Comedy|Horror,113376,44470,movie
99145,"Impossible, The (Imposible, Lo) (2012)",Drama|Thriller,1649419,80278,movie
99149,"Misérables, Les (2012)",Drama|Musical|Romance|IMAX,1707386,82695,movie
99191,Campfire Tales (1997),Horror,115813,16315,movie
99415,Parental Guidance (2012),Comedy,1047540,88042,movie
99437,John Dies at the End (2012),Comedy|Fantasy|Horror,1783732,75761,movie
99532,"Misérables, Les (2000)",Drama|Romance,230534,43512,tv
99574,Promised Land (2012),Drama,2091473,133694,movie
99636,English Vinglish (2012),Comedy|Drama,2181931,118628,movie
99638,Fish Story (Fisshu sutôrî) (2009),Comedy,1244666,38010,movie
99721,Texas Chainsaw 3D (2013),Horror|Mystery|Thriller,1572315,76617,movie
99728,Gangster Squad (2013),Action|Crime|Drama,1321870,82682,movie
99750,"Iceman, The (2012)",Crime|Drama|Thriller,1491044,68812,movie
99764,It's Such a Beautiful Day (2012),Animation|Comedy|Drama|Fantasy|Sci-Fi,2396224,489412,movie
99813,"Batman: The Dark Knight Returns, Part 2 (2013)",Action|Animation,2166834,142061,movie
99846,Everything or Nothing: The Untold Story of 007 (2012),Documentary,2366308,135921,movie
99853,Codependent Lesbian Space Alien Seeks Same (2011),Comedy|Romance|Sci-Fi,1762248,105538,movie
99910,"Last Stand, The (2013)",Action|Crime|Thriller,1549920,76640,movie
99917,Upstream Color (2013),Romance|Sci-Fi|Thriller,2084989,145197,movie
99992,Shadow Dancer (2012),Crime|Drama|Thriller,1770734,84336,movie
100044,Human Planet (2011),Documentary,1806234,32062,tv
100068,Comme un chef (2012),Comedy,1911553,85872,movie
100083,Movie 43 (2013),Comedy,1333125,87818,movie
100106,"Pervert's Guide to Ideology, The (2012)",Documentary,2152198,128190,movie
100159,Sightseers (2012),Comedy,2023690,117974,movie
100163,Hansel & Gretel: Witch Hunters (2013),Action|Fantasy|Horror|IMAX,1428538,60304,movie
100194,Jim Jefferies: Fully Functional (EPIX) (2012),Comedy,2274356,146837,movie
100226,Why Stop Now (2012),Comedy|Drama,1853643,118677,movie
100277,Tabu (2012),Drama|Romance,2153963,93858,movie
100302,Upside Down (2012),Drama|Romance|Sci-Fi,1374992,58244,movie
100304,"Liability, The (2012)",Action|Thriller,2081437,162145,movie
100306,Angst  (1983),Drama|Horror,165623,18912,movie
100326,Stand Up Guys (2012),Comedy|Crime,1389096,121824,movie
100383,Side Effects (2013),Crime|Drama|Mystery|Thriller,2053463,109421,movie
100390,Identity Thief (2013),Comedy|Crime,2024432,109431,movie
100397,"ABCs of Death, The (2012)",Horror,1935896,87436,movie
100487,Beautiful Creatures (2013),Drama|Fantasy|Romance,1559547,109491,movie
100498,"Good Day to Die Hard, A (2013)",Action|Crime|Thriller|IMAX,1606378,47964,movie
100507,21 and Over (2013),Comedy,1711425,107811,movie
100527,Safe Haven (2013),Drama|Mystery|Romance,1702439,112949,movie
100553,Frozen Planet (2011),Documentary,2092588,8724,tv
100556,"Act of Killing, The (2012)",Documentary,2375605,123678,movie
100579,Universal Soldier: Day of Reckoning (2012),Action|Sci-Fi|Thriller,1659343,122857,movie
100611,Escape from Planet Earth (2013),Adventure|Animation|Comedy|Sci-Fi,765446,68179,movie
100714,Before Midnight (2013),Drama|Romance,2209418,132344,movie
100737,Snitch (2013),Action|Drama|Thriller,882977,134411,movie
100810,Dark Skies (2013),Horror|Sci-Fi|Thriller,2387433,145135,movie
100843,Oh Boy (A Coffee in Berlin) (2012),Comedy|Drama,1954701,130739,movie
100882,Journey to the West: Conquering the Demons (Daai wa sai you chi Chui mo chun kei) (2013),Adventure|Comedy|Fantasy|Romance|IMAX,2017561,170657,movie
100906,Maniac Cop 2 (1990),Action|Horror|Thriller,100107,28090,movie
101025,Jack the Giant Slayer (2013),Adventure|Fantasy|IMAX,1351685,81005,movie
101070,Wadjda (2012),Drama,2258858,129112,movie
101072,"Unintentional Kidnapping of Mrs. Elfriede Ott, The (Die Unabsichtliche Entführung der Frau Elfriede Ott) (2010)",Comedy,1663636,59255,movie
101074,"Legend of Sleepy Hollow, The (1949)",Animation|Comedy|Horror|Musical,51850,43650,movie
101076,G.I. Joe: Retaliation (2013),Action|Adventure|Sci-Fi|Thriller|IMAX,1583421,72559,movie
101088,Stoker (2013),Drama|Mystery|Thriller,1682180,86825,movie
101112,Oz the Great and Powerful (2013),Action|Adventure|Fantasy|IMAX,1623205,68728,movie
101142,"Croods, The (2013)",Adventure|Animation|Comedy,481499,49519,movie
101283,"Incredible Burt Wonderstone, The (2013)",Comedy,790628,124459,movie
101360,"Call, The (2013)",Drama|Thriller,1911644,158011,movie
101362,Olympus Has Fallen (2013),Action|Thriller,2302755,117263,movie
101415,"First Time, The (2012)",Comedy|Drama|Romance,1763303,84199,movie
101423,Mezzo Forte (1998),Action|Animation|Comedy,427531,55892,movie
101525,"Place Beyond the Pines, The (2012)",Crime|Drama,1817273,97367,movie
101529,"Brass Teapot, The (2012)",Comedy|Fantasy|Thriller,1935902,127867,movie
101531,Phil Spector (2013),Drama,1745862,173153,movie
101577,"Host, The (2013)",Action|Adventure|Romance,1517260,72710,movie
101612,Admission (2013),Comedy|Romance,1814621,144340,movie
101739,Evil Dead (2013),Horror,1288558,109428,movie
101741,Trance (2013),Crime|Thriller,1924429,68727,movie
101765,"Perfect Plan, A (Plan parfait, Un) (2012)",Adventure|Comedy|Romance,1986843,133698,movie
101864,Oblivion (2013),Action|Adventure|Sci-Fi|IMAX,1483013,75612,movie
101884,Dark Tide (2012),Adventure|Drama|Thriller,1507563,59963,movie
101895,42 (2013),Drama,453562,109410,movie
101962,Wolf Children (Okami kodomo no ame to yuki) (2012),Animation|Fantasy,2140203,110420,movie
101973,Disconnect (2012),Drama|Thriller,1433811,127517,movie
102007,"Invincible Iron Man, The (2007)",Animation,903135,13647,movie
102025,Yongary: Monster from the Deep (1967),Children|Horror|Sci-Fi,61549,42699,movie
102033,Pain & Gain (2013),Action|Comedy|Crime,1980209,134374,movie
102058,Hulk Vs. (2009),Animation,1325753,15257,movie
102066,Resolution (2012),Horror|Thriller,1977895,121606,movie
102070,Grabbers (2012),Comedy|Horror|Sci-Fi,1525366,84204,movie
102084,Justice League: Doom (2012) ,Action|Animation|Fantasy,2027128,76589,movie
102088,"Grandmaster, The (Yi dai zong shi) (2013)",Action|Drama|IMAX,1462900,44865,movie
102123,This Is the End (2013),Action|Comedy,1245492,109414,movie
102125,Iron Man 3 (2013),Action|Sci-Fi|Thriller|IMAX,1300854,68721,movie
102165,"English Teacher, The (2013)",Comedy|Drama,2055765,174321,movie
102194,Mud (2012),Adventure|Crime|Drama,1935179,103731,movie
102217,Bill Hicks: Revelations (1993),Comedy,152183,25117,movie
102278,Pawn (2013),Crime|Thriller,1551630,165739,movie
102338,Shaolin Temple (Shao Lin si) (1976),Action|Adventure|Drama,75202,45736,movie
102378,Syrup (2013),Comedy|Drama,762138,72525,movie
102407,"Great Gatsby, The (2013)",Drama,1343092,64682,movie
102445,Star Trek Into Darkness (2013),Action|Adventure|Sci-Fi|IMAX,1408101,54138,movie
102481,"Internship, The (2013)",Comedy,2234155,116741,movie
102590,Darkon (2006),Documentary|Fantasy,462246,16150,movie
102602,Mimino (1977),Comedy,76391,27861,movie
102666,Ivan Vasilievich: Back to the Future (Ivan Vasilievich menyaet professiyu) (1973),Adventure|Comedy,70233,20803,movie
102684,Only God Forgives (2013),Drama|Thriller,1602613,77987,movie
102686,"Hangover Part III, The (2013)",Comedy,1951261,109439,movie
102716,"Fast & Furious 6 (Fast and the Furious 6, The) (2013)",Action|Crime|Thriller|IMAX,1905041,82992,movie
102720,Epic (2013),Adventure|Animation|Fantasy,848537,116711,movie
102735,Captain America (1979),Action|Drama,78937,197467,movie
102742,Tie Xi Qu: West of the Tracks (Tiexi qu) (2003),Documentary,389448,86282,movie
102747,"Rink, The (1916)",Comedy,7264,2077,movie
102749,Captain America II: Death Too Soon (1979),Action|Crime,78938,197481,movie
102760,Down Terrace (2009),Comedy|Crime|Drama,1489167,42151,movie
102800,Frances Ha (2012),Comedy|Drama,2347569,121986,movie
102802,"Lords of Salem, The (2012)",Horror|Thriller,1731697,104755,movie
102819,Behind the Candelabra (2013),Drama,1291580,119675,movie
102823,As I Was Moving Ahead Occasionally I Saw Brief Glimpses of Beauty (2000),Documentary,262240,130824,movie
102852,With Great Power: The Stan Lee Story (2012),Documentary,1091863,86843,movie
102880,After Earth (2013),Action|Adventure|Sci-Fi|IMAX,1815862,82700,movie
102903,Now You See Me (2013),Crime|Mystery|Thriller,1670345,75656,movie
102984,Inhuman Resources (Redd Inc.) (2012),Horror|Thriller,1857842,133463,movie
102993,"Way, Way Back, The (2013)",Comedy|Drama,1727388,147773,movie
103027,Much Ado About Nothing (2012),Comedy|Drama|Romance,2094064,91739,movie
103042,Man of Steel (2013),Action|Adventure|Fantasy|Sci-Fi|IMAX,770828,49521,movie
103048,"Kings of Summer, The (2013)",Comedy,2179116,156700,movie
103075,"Purge, The (2013)",Crime|Horror|Thriller,2184339,158015,movie
103085,Rapture-Palooza (2013),Comedy|Fantasy,1879032,174188,movie
103107,20 Feet from Stardom (Twenty Feet from Stardom) (2013),Documentary,2396566,159014,movie
103137,"Bling Ring, The (2013)",Crime|Drama,2132285,96936,movie
103141,Monsters University (2013),Adventure|Animation|Comedy,1453405,62211,movie
103171,Schlussmacher (2013),Comedy,1978524,160085,movie
103210,Fullmetal Alchemist: The Sacred Star of Milos (2011),Action|Adventure|Animation,1776196,80518,movie
103219,Maniac (2012),Horror|Thriller,2103217,103620,movie
103221,Not Suitable for Children (2012),Comedy|Romance,1935065,120292,movie
103228,Pacific Rim (2013),Action|Adventure|Sci-Fi|IMAX,1663662,68726,movie
103233,LEGO Batman: The Movie - DC Heroes Unite (2013),Action|Adventure|Animation,2465238,177271,movie
103235,"Best Offer, The (Migliore offerta, La) (2013)",Thriller,1924396,152742,movie
103245,Adam and Eve (National Lampoon's Adam & Eve) (2005),Comedy|Drama|Romance,391728,53928,movie
103249,World War Z (2013),Action|Drama|Horror|IMAX,816711,72190,movie
103253,Elysium (2013),Action|Drama|Sci-Fi|IMAX,1535108,68724,movie
103335,Despicable Me 2 (2013),Animation|Children|Comedy|IMAX,1690953,93456,movie
103339,White House Down (2013),Action|Drama|Thriller|IMAX,2334879,117251,movie
103341,"World's End, The (2013)",Action|Comedy|Sci-Fi,1213663,107985,movie
103366,Redemption (Hummingbird) (2013),Action|Crime|Thriller,1893256,136418,movie
103372,"Heat, The (2013)",Action|Comedy|Crime,2404463,136795,movie
103384,"Lone Ranger, The (2013)",Action|Adventure|Western|IMAX,1210819,57201,movie
103449,Passion (2012),Crime|Drama|Mystery|Thriller,1829012,109099,movie
103483,V/H/S/2 (2013),Horror|Thriller,2450186,159117,movie
103502,"Knot, The (2012)",Comedy|Romance,1877797,136386,movie
103539,The Spectacular Now (2013),Comedy|Drama|Romance,1714206,157386,movie
103543,"Lifeguard, The (2013)",Comedy|Drama,2265534,157375,movie
103596,Sharknado (2013),Sci-Fi,2724064,205321,movie
103602,Craig Ferguson: I'm Here To Help (2013),Comedy|Documentary,2523852,178946,movie
103606,Stuck in Love (2012),Comedy|Drama|Romance,2205697,111969,movie
103609,Class Act (1992),Comedy,103978,30963,movie
103624,Fruitvale Station (2013),Drama,2334649,157354,movie
103655,R.I.P.D. (2013),Action|Comedy|Fantasy,790736,49524,movie
103685,"Field in England, A (2013)",Drama|Fantasy|Thriller|War,2375574,179111,movie
103688,"Conjuring, The (2013)",Horror|Thriller,1457767,138843,movie
103755,Turbo (2013),Adventure|Animation|Children|Comedy|Fantasy,1860353,77950,movie
103772,"Wolverine, The (2013)",Action|Adventure|Fantasy|Sci-Fi,1430132,76170,movie
103801,Drinking Buddies (2013),Comedy|Drama|Romance,2265398,172533,movie
103810,Red 2 (2013),Action|Comedy|Crime|Thriller,1821694,146216,movie
103819,Coffee Town (2013),Comedy,2234025,198062,movie
103865,Revenge for Jolly! (2012),Comedy|Drama,2053423,192126,movie
103883,2 Guns (2013),Action|Comedy|Crime,1272878,136400,movie
103980,Blue Jasmine (2013),Drama,2334873,160588,movie
103984,"Great Beauty, The (Grande Bellezza, La) (2013)",Comedy|Drama,2358891,179144,movie
104017,3 dev adam (Three Giant Men) (1973) ,Action|Adventure|Sci-Fi,181947,58447,movie
104069,Louis C.K.: Oh My God (2013),Comedy,2510998,185574,movie
104074,Percy Jackson: Sea of Monsters (2013),Adventure|Children|Fantasy,1854564,76285,movie
104076,"Smurfs 2, The (2013)",Animation|Children|Comedy,2017020,77931,movie
104078,Alan Partridge: Alpha Papa (2013),Comedy,469021,177699,movie
104129,Man of Tai Chi (2013),Action|IMAX,2016940,76544,movie
104141,Batman: Mystery of the Batwoman (2003),Action|Animation|Children|Crime,346578,21683,movie
104211,We're the Millers (2013),Comedy|Crime,1723121,138832,movie
104218,Grown Ups 2 (2013),Comedy,2191701,109418,movie
104241,Kick-Ass 2 (2013),Action|Comedy|Crime,1650554,59859,movie
104243,Riddick (2013),Action|Sci-Fi|Thriller|IMAX,1411250,87421,movie
104245,Planes (2013),Adventure|Animation|Comedy,1691917,151960,movie
104272,Blackfish (2013),Documentary,2545118,158999,movie
104283,"Wind Rises, The (Kaze tachinu) (2013)",Animation|Drama|Romance,2013293,149870,movie
104303,Jobs (2013),Drama,2357129,115782,movie
104337,Lee Daniels' The Butler (2013),Drama,1327773,132363,movie
104339,In a World... (2013),Comedy,2294677,157360,movie
104374,About Time (2013),Drama|Fantasy|Romance,2194499,122906,movie
104419,Justice League: Crisis on Two Earths (2010),Action|Animation|Sci-Fi,1494772,30061,movie
104457,You're Next (2011),Horror|Thriller,1853739,83899,movie
104644,Maria Bamford: The Special Special Special! (2012),Comedy,2546038,147129,movie
104760,Getaway (2013),Action|Crime,2167202,146227,movie
104780,"Mystery of the Third Planet, The (Tayna tretey planety) (1981)",Adventure|Animation|Sci-Fi,211653,49802,movie
104837,Rage of Honor (1987),Action|Crime,93820,17282,movie
104841,Gravity (2013),Action|Sci-Fi|IMAX,1454468,49047,movie
104863,What If (2013),Comedy|Drama|Romance,1486834,212716,movie
104875,"History of Future Folk, The (2012)",Adventure|Comedy|Musical|Sci-Fi,2245195,115199,movie
104879,Prisoners (2013),Drama|Mystery|Thriller,1392214,146233,movie
104906,Austenland (2013),Comedy|Romance,1985019,156711,movie
104908,Insidious: Chapter 2 (2013),Horror|Thriller,2226417,91586,movie
104913,Rush (2013),Action|Drama,1979320,96721,movie
104925,"Family, The (2013)",Action|Comedy|Crime,2404311,112205,movie
104944,Short Term 12 (2013),Drama,2370248,169813,movie
105020,Collision Course (1989),Action|Comedy|Thriller,97081,102059,movie
105037,"To Do List, The (2013)",Comedy,1758795,129139,movie
105121,Inescapable (2012),Action|Drama|War,1844203,121676,movie
105197,Nebraska (2013),Adventure|Drama,1821549,129670,movie
105211,Enough Said (2013),Comedy|Drama|Romance,2390361,209263,movie
105213,Don Jon (2013),Comedy|Drama|Romance,2229499,138697,movie
105246,Mood Indigo (L'écume des jours) (2013),Drama|Fantasy,2027140,157820,movie
105250,"Century of the Self, The (2002)",Documentary,432232,75770,tv
105254,Crystal Fairy & the Magical Cactus and 2012 (2013),Adventure|Comedy,2332579,157409,movie
105325,Bad Milo (Bad Milo!) (2013),Comedy|Horror,2274570,172828,movie
105351,Runner Runner (2013),Crime|Drama|Thriller,2364841,146238,movie
105355,Blue Is the Warmest Color (La vie d'Adèle) (2013),Drama|Romance,2278871,152584,movie
105468,Cloudy with a Chance of Meatballs 2 (2013),Animation|Children|Comedy|Fantasy,1985966,109451,movie
105504,Captain Phillips (2013),Adventure|Drama|Thriller|IMAX,1535109,109424,movie
105540,"All Dogs Christmas Carol, An (1998)",Animation|Children|Comedy|Musical,166960,51985,movie
105585,Machete Kills (Machete 2) (2013),Action|Crime|Thriller,2002718,106747,movie
105593,Filth (2013),Comedy|Crime|Drama,1450321,85889,movie
105653,Escape Plan (2013),Action|Mystery|Thriller,1211956,107846,movie
105720,"Thief of Paris, The (Le voleur) (1967)",Comedy|Crime|Drama,62457,55370,movie
105731,Carrie (2013),Drama|Horror,1939659,133805,movie
105746,UnHung Hero (2013),Documentary,2708946,173495,movie
105755,"Counselor, The (2013)",Crime|Drama|Thriller,2193215,109091,movie
105801,Escape From Tomorrow (2013),Drama|Fantasy|Horror,2187884,158752,movie
105835,"Double, The (2013)",Comedy|Drama|Thriller,1825157,146015,movie
105844,12 Years a Slave (2013),Drama,2024544,76203,movie
105954,All Is Lost (2013),Action|Adventure|Drama,2017038,152747,movie
106002,Ender's Game (2013),Action|Adventure|Sci-Fi|IMAX,1731141,80274,movie
106062,Jackass Presents: Bad Grandpa (2013),Comedy,3063516,208134,movie
106072,Thor: The Dark World (2013),Action|Adventure|Fantasy|IMAX,1981115,76338,movie
106100,Dallas Buyers Club (2013),Drama,790636,152532,movie
106144,"Selfish Giant, The (2013)",Drama,2304426,194101,movie
106330,Last Vegas (2013),Comedy|Drama|Romance,1204975,137093,movie
106438,Philomena (2013),Comedy|Drama,2431286,205220,movie
106441,"Book Thief, The (2013)",Children|Drama|War,816442,203833,movie
106487,The Hunger Games: Catching Fire (2013),Action|Adventure|Sci-Fi|IMAX,1951264,101299,movie
106489,"Hobbit: The Desolation of Smaug, The (2013)",Adventure|Fantasy|IMAX,1170358,57158,movie
106491,47 Ronin (2013),Action|Adventure|Fantasy,1335975,64686,movie
106540,Delivery Man (2013),Comedy,2387559,146239,movie
106542,Charlie Countryman (2013),Action|Comedy|Romance,1196948,41602,movie
106594,Red Flag (2012),Comedy|Drama|Romance,2147048,137312,movie
106642,"Day of the Doctor, The (2013)",Adventure|Drama|Sci-Fi,2779318,313106,movie
106648,Guilty of Romance (Koi no tsumi) (2011) ,Crime|Drama|Horror,1743724,80662,movie
106696,Frozen (2013),Adventure|Animation|Comedy|Fantasy|Musical|Romance,2294629,109445,movie
106766,Inside Llewyn Davis (2013),Drama,2042568,86829,movie
106782,"Wolf of Wall Street, The (2013)",Comedy|Crime|Drama,993846,106646,movie
106785,Homefront (2013),Action|Crime|Thriller,2312718,204082,movie
106839,Mandela: Long Walk to Freedom (2013),Drama,2304771,192136,movie
106873,Evangelion: 3.0 You Can (Not) Redo (2012),Action|Animation|Drama,860907,75629,movie
106883,All is Bright (2013),Comedy|Drama,1462901,174311,movie
106889,Tim's Vermeer (2013),Documentary,3089388,212063,movie
106916,American Hustle (2013),Crime|Drama,1800241,168672,movie
106918,"Secret Life of Walter Mitty, The (2013)",Adventure|Comedy|Drama,359950,116745,movie
106920,Her (2013),Drama|Romance|Sci-Fi,1798709,152601,movie
106927,RoboGeisha (Robo-geisha) (2009),Action|Comedy|Sci-Fi,1381512,39260,movie
107013,"Christmas Carol, A (1977)",Drama|Fantasy,188504,45697,movie
107069,Lone Survivor (2013),Action|Drama|Thriller|War,1091191,193756,movie
107141,Saving Mr. Banks (2013),Comedy|Drama,2140373,140823,movie
107159,Zatoichi and the Chest of Gold (Zatôichi senryô-kubi) (Zatôichi 6) (1964),Action|Drama,130377,40897,movie
107314,Oldboy (2013),Action|Drama|Mystery,1321511,87516,movie
107338,Dampfnudelblues (2013),Comedy|Crime,2969050,209232,movie
107348,Anchorman 2: The Legend Continues (2013),Comedy,1229340,109443,movie
107406,Snowpiercer (2013),Action|Drama|Sci-Fi,1706620,110415,movie
107408,Only Old Men Are Going to Battle (V boy idut odni stariki) (1973),Comedy|Drama|War,70861,37129,movie
107410,Guest from the Future (Gostya iz buduschego) (1985),Adventure|Drama|Sci-Fi,86723,20894,movie
107412,"Kidnapping, Caucasian Style (Kavkazskaya plennitsa) (1967)",Comedy|Romance,60584,20878,movie
107436,Haunter (2013),Horror|Mystery|Thriller,2345567,166271,movie
107447,Wrong Cops (2013),Comedy|Crime,2166616,158990,movie
107449,"Muppet Christmas: Letters to Santa, A (2008)",Children|Comedy,1292569,27190,movie
107462,Ninja: Shadow of a Tear (2013),Action|Crime|Thriller,2458106,180894,movie
107565,"Fuck You, Goethe (Fack Ju Göhte) (2013)",Comedy,2987732,233063,movie
107630,High School (2010),Comedy,1247667,27584,movie
107702,Grudge Match (2013),Comedy,1661382,64807,movie
107723,Highlander: The Search for Vengeance (2007),Action|Adventure|Fantasy,465657,13194,movie
107771,Only Lovers Left Alive (2013),Drama|Horror|Romance,1714915,152603,movie
107780,Cats (1998),Musical,2227830,26598,movie
107846,MacGyver: Trail to Doomsday (1994),Action|Adventure,110420,13632,movie
107945,Bad Karma (2012),Thriller,1847548,122796,movie
107951,Hunting Elephants (2013),Comedy|Crime,2295196,204810,movie
107953,Dragon Ball Z: Battle of Gods (2013),Action|Animation|Fantasy|IMAX,2263944,126963,movie
107962,Freezer (2014),Action|Thriller,2325002,243531,movie
107997,We Are What We Are (2013),Drama|Horror|Mystery|Thriller,2309021,159128,movie
107999,Dragon ball Z 04: Lord Slug (1991),Animation|Children,142244,39102,movie
108078,Chinese Puzzle (Casse-tête chinois) (2013),Comedy|Romance,1937118,206408,movie
108090,Dragon Ball: The Path to Power (Doragon bôru: Saikyô e no michi) (1996),Action|Adventure|Animation|Children,142250,39148,movie
108156,Ride Along (2014),Action|Comedy,1408253,168530,movie
108188,Jack Ryan: Shadow Recruit (2014),Action|Drama|Thriller|IMAX,1205537,137094,movie
108190,Divergent (2014),Adventure|Romance|Sci-Fi|IMAX,1840309,157350,movie
108192,Hotel Chevalier (Part 1 of 'The Darjeeling Limited') (2007),Drama,1094249,6418,movie
108540,Ernest & Célestine (Ernest et Célestine) (2012),Adventure|Animation|Children|Comedy|Drama|Romance,1816518,126319,movie
108601,Drift (2013),Drama,1714833,137968,movie
108689,"I, Frankenstein (2014)",Action|Fantasy|Sci-Fi|IMAX,1418377,100241,movie
108715,Better Living Through Chemistry (2014),Comedy|Drama,1609479,157099,movie
108727,Nymphomaniac: Volume I (2013),Drama,1937390,258216,movie
108729,Enemy (2013),Mystery|Thriller,2316411,181886,movie
108795,Wonder Woman (2009),Action|Adventure|Animation|Fantasy,1186373,15359,movie
108928,"Monuments Men, The (2014)",Action|Drama|War,2177771,152760,movie
108932,The Lego Movie (2014),Action|Adventure|Animation|Children|Comedy|Fantasy,1490017,137106,movie
108945,RoboCop (2014),Action|Crime|Sci-Fi|IMAX,1234721,97020,movie
108949,"Art of the Steal, The (2013)",Crime,2172985,209247,movie
108981,Nymphomaniac: Volume II (2013),Drama|Mystery,2382009,249397,movie
109042,Knights of Badassdom (2013),Adventure|Comedy|Fantasy,1545660,74461,movie
109161,Venus in Fur (La Vénus à la fourrure) (2013),Drama,2406252,197082,movie
109183,Date and Switch (2014),Comedy,1878942,99367,movie
109187,"Zero Theorem, The (2013)",Drama|Fantasy|Sci-Fi,2333804,157834,movie
109191,Winter's Tale (2014),Drama|Fantasy|Mystery,1837709,137321,movie
109241,On the Other Side of the Tracks (De l'autre côté du périph) (2012),Action|Comedy|Crime,1937133,146375,movie
109282,GLOW: The Story of the Gorgeous Ladies of Wrestling (2012),Documentary,1559038,103732,movie
109295,Cold Comes the Night (2013),Crime|Drama|Thriller,2511428,210047,movie
109313,Chouchou (2003),Comedy,328955,17684,movie
109317,Someone Marry Barry (2014),Comedy,1978532,249923,movie
109372,About Last Night (2014),Comedy|Romance,1826590,222899,movie
109374,"Grand Budapest Hotel, The (2014)",Comedy|Drama,2278388,120467,movie
109383,"Oversimplification of Her Beauty, An (2012)",Animation|Comedy|Drama|Romance,2073520,84319,movie
109416,Bring It On: Fight to the Finish (2009),Comedy,1349482,21474,movie
109483,That Awkward Moment (2014),Comedy|Romance,1800246,225565,movie
109487,Interstellar (2014),Sci-Fi|IMAX,816692,157336,movie
109569,3 Days to Kill (2014),Action|Crime|Drama,2172934,192102,movie
109576,Welcome to the Jungle (2013),Comedy,2193265,205724,movie
109578,Non-Stop (2014),Action|Mystery|Thriller,2024469,225574,movie
109596,Wrinkles (Arrugas) (2011),Animation|Drama,1407052,85444,movie
109633,"Garden of Words, The (Koto no ha no niwa) (2013)",Animation|Romance,2591814,198375,movie
109673,300: Rise of an Empire (2014),Action|Drama|War|IMAX,1253863,53182,movie
109687,Particle Fever (2013),Documentary,1385956,202141,movie
109723,"Bag Man, The (2014)",Crime|Drama|Thriller,2212008,242076,movie
109846,Mr. Peabody & Sherman (2014),Adventure|Animation|Comedy,864835,82703,movie
109848,Under the Skin (2013),Horror|Sci-Fi|Thriller,1441395,97370,movie
109850,Need for Speed (2014),Action|Crime|Drama|IMAX,2369135,136797,movie
109853,Barefoot (2014),Comedy|Drama|Romance,2355495,242042,movie
109864,Veronica Mars (2014),Comedy|Crime|Drama,2771372,177494,movie
109895,Bad Words (2013),Comedy,2170299,209403,movie
109897,Son of God (2014),Drama,3210686,235260,movie
109941,Puss in Boots: The Three Diablos (2012),Animation|Comedy,2268617,83201,movie
109968,Why Don't You Play In Hell? (Jigoku de naze warui) (2013),Action|Drama,2409302,134350,movie
109971,Ocho apellidos vascos (2014),Comedy,2955316,236737,movie
110102,Captain America: The Winter Soldier (2014),Action|Adventure|Sci-Fi|IMAX,1843866,100402,movie
110127,Noah (2014),Adventure|Drama|IMAX,1959490,86834,movie
110130,"Nut Job, The (2014)",Adventure|Animation|Children|Comedy,1821658,227783,movie
110281,King of Comedy (Hei kek ji wong) (1999),Comedy|Drama|Romance,188766,53168,movie
110286,13 Sins (2014),Horror|Thriller,2059171,155084,movie
110297,Muppets Most Wanted (2014),Adventure|Comedy|Crime,2281587,145220,movie
110330,Me and you (io e te) (2012),Drama,1801061,119360,movie
110350,Free to Play (2014),Documentary,3203290,256561,movie
110387,"Unknown Known, The (2013)",Documentary,2390962,209799,movie
110501,The Raid 2: Berandal (2014),Action|Crime|Thriller,2265171,180299,movie
110541,"Brain Smasher... A Love Story (Bouncer and the Lady, The) (1993)",Action|Comedy,106475,25706,movie
110553,The Amazing Spider-Man 2 (2014),Action|Sci-Fi|IMAX,1872181,102382,movie
110586,Calvary (2014),Comedy|Drama,2234003,157832,movie
110591,Oculus (2013),Horror,2388715,157547,movie
110603,God's Not Dead (2014),Drama,2528814,249660,movie
110611,Cold in July (2014),Drama|Thriller,1179031,244509,movie
110655,Rio 2 (2014),Adventure|Animation|Children|Comedy,2357291,172385,movie
110669,"Honest Liar, An (2014)",Comedy|Documentary,2246565,262481,movie
110718,Fading Gigolo (2013),Comedy,2258345,214030,movie
110730,Transcendence (2014),Drama|Sci-Fi|IMAX,2209764,157353,movie
110746,Hatchet III (2013),Comedy|Horror,1870419,167575,movie
110771,"Other Woman, The (2014)",Comedy|Romance,2203939,193610,movie
110773,"Haunted House 2, A (2014)",Comedy|Horror,2828996,184345,movie
110781,Mulan II (2004),Action|Animation|Children|Comedy|Musical,279967,12242,movie
110826,Brick Mansions (2014),Action|Crime|Drama,1430612,254473,movie
110882,Locke (2013),Drama,2692904,210479,movie
111113,Neighbors (2014),Comedy,2004420,195589,movie
111146,Alpha and Omega 3: The Great Wolf Games (2014),Action|Adventure|Animation|Children|Comedy,3600760,258096,movie
111320,Mom's Night Out (2014),Comedy,3014666,252680,movie
111360,Lucy (2014),Action|Sci-Fi,2872732,240832,movie
111362,X-Men: Days of Future Past (2014),Action|Adventure|Sci-Fi,1877832,127585,movie
111364,Godzilla (2014),Action|Adventure|Sci-Fi|IMAX,831387,124905,movie
111375,Walk of Shame (2014),Comedy,2463288,187596,movie
111384,Blue Ruin (2013),Thriller,2359024,188166,movie
111443,Chef (2014),Comedy,2883512,212778,movie
111551,Afflicted (2013),Horror|Sci-Fi|Thriller,2309961,210947,movie
111617,Blended (2014),Comedy,1086772,232672,movie
111622,Begin Again (2013),Comedy|Romance,1980929,198277,movie
111659,Maleficent (2014),Action|Adventure|Children|IMAX,1587310,102651,movie
111663,Zombeavers (2014),Action|Comedy|Horror,2784512,254474,movie
111680,At Middleton (2013),Comedy|Romance,1483324,194722,movie
111732,"Dance of Reality, The (Danza de la realidad, La) (2013)",Drama|Fantasy,2301592,137698,movie
111743,A Million Ways to Die in the West (2014),Comedy|Western,2557490,188161,movie
111759,Edge of Tomorrow (2014),Action|Sci-Fi|IMAX,1631867,137113,movie
111781,Mission: Impossible - Rogue Nation (2015),Action|Adventure|Thriller,2381249,177677,movie
111785,Midnight Chronicles (2009),Action|Adventure|Fantasy,1079372,20880,movie
111795,Million Dollar Arm (2014),Comedy|Drama,1647668,198185,movie
111800,G.B.F. (2013),Comedy,2429074,174323,movie
111817,Jimi: All Is by My Side (2013),Drama,2402085,192133,movie
111844,Bad Asses (Bad Ass 2) (2014),Action|Drama,2996648,255268,movie
111913,Lilting (2014),Drama,2560102,248212,movie
111921,The Fault in Our Stars (2014),Drama|Romance,2582846,222935,movie
112006,Tangled Ever After (2012),Action|Animation|Children,2112281,82881,movie
112070,Maps to the Stars (2014),Drama,2172584,157851,movie
112138,22 Jump Street (2014),Action|Comedy|Crime,2294449,187017,movie
112171,"Equalizer, The (2014)",Action|Crime|Thriller,455944,156022,movie
112175,How to Train Your Dragon 2 (2014),Action|Adventure|Animation,1646971,82702,movie
112183,Birdman: Or (The Unexpected Virtue of Ignorance) (2014),Comedy|Drama,2562232,194662,movie
112290,Boyhood (2014),Drama,1065073,85350,movie
112303,Think Like a Man Too (2014),Comedy|Romance,2239832,184098,movie
112316,Jersey Boys (2014),Drama|Musical,1742044,209451,movie
112326,Nick Fury: Agent of S.H.I.E.L.D. (1998),Action|Sci-Fi,119781,27460,movie
112334,"Internet's Own Boy: The Story of Aaron Swartz, The (2014)",Documentary,3268458,250658,movie
112370,Transformers: Age of Extinction (2014),Action|Adventure|Sci-Fi,2109248,91314,movie
112421,Frank (2014),Comedy|Drama|Mystery,1605717,171372,movie
112450,They Came Together (2014),Comedy|Romance,2398249,180296,movie
112454,Honey (Miele) (2013),Drama,2357461,186988,movie
112460,Planes: Fire & Rescue (2014),Adventure|Animation|Comedy,2980706,218836,movie
112497,Tammy (2014),Comedy,2103254,226486,movie
112512,Colourful (Karafuru) (2010),Animation|Drama|Fantasy|Mystery,1677561,64246,movie
112515,"Babadook, The (2014)",Drama|Horror|Thriller,2321549,242224,movie
112552,Whiplash (2014),Drama,2582802,244786,movie
112556,Gone Girl (2014),Drama|Thriller,2267998,210577,movie
112580,"Angriest Man in Brooklyn, The (2014)",Comedy|Drama,1294970,152790,movie
112623,Dawn of the Planet of the Apes (2014),Sci-Fi,2103281,119450,movie
112727,Deliver Us from Evil (2014),Crime|Horror|Thriller,2377322,184346,movie
112749,And So It Goes (2014),Comedy|Drama|Romance,2465146,253235,movie
112788,Sex Tape (2014),Comedy,1956620,225886,movie
112804,I Origins (2014),Drama|Sci-Fi,2884206,244267,movie
112818,"Purge: Anarchy, The (2014)",Action|Horror|Thriller,2975578,238636,movie
112852,Guardians of the Galaxy (2014),Action|Adventure|Sci-Fi,2015381,118340,movie
112868,"Signal, The (2014)",Sci-Fi|Thriller,2910814,242095,movie
112897,The Expendables 3 (2014),Action|Adventure,2333784,138103,movie
112911,Hercules (2014),Action|Adventure,1267297,184315,movie
112940,A Most Wanted Man (2014),Thriller,1972571,157849,movie
113159,Life After Beth (2014),Comedy|Horror|Romance,2581244,244566,movie
113186,Felony (2013),Thriller,2402603,209269,movie
113207,Get on Up (2014),Drama|Musical,2473602,239566,movie
113225,Magic in the Moonlight (2014),Comedy|Drama|Romance,2870756,229297,movie
113252,Housebound (2014),Comedy|Horror|Thriller,3504048,253306,movie
113275,The Hundred-Foot Journey (2014),Comedy|Drama,2980648,228194,movie
113278,Batman: Assault on Arkham (2014),Action|Animation|Crime|Thriller,3139086,242643,movie
113280,White Frog (2012),Drama,1967697,192623,movie
113313,"Den, The (2013)",Horror|Thriller,2503154,244610,movie
113345,Jupiter Ascending (2015),Action|Adventure|Sci-Fi,1617661,76757,movie
113348,Teenage Mutant Ninja Turtles (2014),Action|Adventure|Comedy,1291150,98566,movie
113350,I'll Follow You Down (2013),Drama|Mystery|Sci-Fi,2048770,273404,movie
113374,"Old Lady and the Pigeons, The (La vieille dame et les pigeons) (1997)",Animation|Comedy,127710,48347,movie
113378,"Giver, The (2014)",Drama|Sci-Fi,435651,227156,movie
113394,"Pretty One, The (2013)",Comedy|Drama,2140577,174337,movie
113416,Revenge of the Green Dragons (2014),Action|Crime|Drama,1396523,286709,movie
113453,Let's Be Cops (2014),Comedy|Crime,1924435,193893,movie
113532,"Inbetweeners 2, The (2014)",Comedy,3097204,242022,movie
113565,"Sacrament, The (2013)",Horror|Thriller,2383068,211067,movie
113573,Sin City: A Dame to Kill For (2014),Action|Crime|Thriller,458481,189,movie
113604,If I Stay (2014),Drama,1355630,249164,movie
113705,"Two Days, One Night (Deux jours, une nuit) (2014)",Drama,2737050,221902,movie
113741,Coherence (2013),Drama|Mystery|Sci-Fi|Thriller,2866360,220289,movie
113780,"As Above, So Below (2014)",Horror|Thriller,2870612,256274,movie
113829,"One I Love, The (2014)",Comedy|Drama|Romance,2756032,242090,movie
113849,Headshot (2011),Crime|Drama|Thriller,1682186,88573,movie
113862,"Guest, The (2014)",Thriller,2980592,241848,movie
114028,Pride (2014),Comedy|Drama,3169706,234200,movie
114044,Honeymoon (2014),Horror,3177316,254191,movie
114060,The Drop (2014),Crime|Drama|Thriller,1600196,154400,movie
114066,"20,000 Days on Earth (2014)",Documentary|Drama|Musical,2920540,246400,movie
114074,The Skeleton Twins (2014),Drama,1571249,244772,movie
114126,Beautiful Losers (2008),Documentary,430916,27286,movie
114180,"Maze Runner, The (2014)",Action|Mystery|Sci-Fi,1790864,198663,movie
114184,Camp X-Ray (2014),Drama,2994190,244506,movie
114246,"Walk Among the Tombstones, A (2014)",Action|Crime|Mystery|Thriller,365907,169917,movie
114265,Laggies (2014),Comedy|Romance,2034031,244264,movie
114335,La cravate (1957),(no genres listed),121731,32891,movie
114396,Cesar Chavez (2014),Drama,1621046,230779,movie
114494,Who Am I (Kein System Ist Sicher) (2014),Thriller,3042408,284427,movie
114554,"Tale of Princess Kaguya, The (Kaguyahime no monogatari) (2013)",Animation|Drama|Fantasy,2576852,149871,movie
114601,This Is Where I Leave You (2014),Comedy|Drama,1371150,239678,movie
114627,Angel's Egg (Tenshi no tamago) (1985),Animation|Drama|Fantasy,208502,15916,movie
114662,American Sniper (2014),Action|War,2179136,190859,movie
114670,Tusk (2014),Comedy|Drama|Horror,3099498,246403,movie
114678,Hector and the Search for Happiness (2014),Adventure|Comedy|Drama,1626146,254375,movie
114707,Horns (2014),Horror|Mystery,1528071,149509,movie
114713,Annabelle (2014),Horror,3322940,250546,movie
114762,Two Night Stand (2014),Comedy|Romance,2140619,286554,movie
114795,Dracula Untold (2014),Action|Drama|Fantasy,829150,49017,movie
114818,Stretch (2014),Action|Comedy|Crime,2494280,227300,movie
114847,Autómata (Automata) (2014),Sci-Fi|Thriller,1971325,262543,movie
114925,"Captive, The (2014)",Crime|Drama|Thriller,2326612,244761,movie
114935,Predestination (2014),Action|Mystery|Sci-Fi|Thriller,2397535,206487,movie
115065,Justin and the Knights of Valour (2013),Adventure|Animation,1639826,146381,movie
115111,Ward 13 (2003),Action|Animation|Comedy|Horror,379000,48585,movie
115122,What We Do in the Shadows (2014),Comedy|Horror,3416742,246741,movie
115149,John Wick (2014),Action|Thriller,2911666,245891,movie
115151,Plastic (2014),Action|Crime,2556874,208869,movie
115170,"Judge, The (2014)",Drama,1872194,205587,movie
115203,"Culture High, The (2014)",Documentary,1778338,295538,movie
115210,Fury (2014),Action|Drama|War,2713180,228150,movie
115216,"Salvation, The (2014)",Drama|Western,2720680,266285,movie
115231,St. Vincent (2014),Comedy,2170593,239563,movie
115502,"Rewrite, The (2014)",Comedy|Romance,2509850,289727,movie
115569,Nightcrawler (2014),Crime|Drama|Thriller,2872718,242582,movie
115617,Big Hero 6 (2014),Action|Animation|Comedy,2245084,177572,movie
115664,The Book of Life (2014),Adventure|Animation|Romance,2262227,228326,movie
115667,"Love, Rosie (2014)",Comedy|Romance,1638002,200727,movie
115680,Time Lapse (2014),Crime|Drama|Sci-Fi|Thriller,2669336,273271,movie
115713,Ex Machina (2015),Drama|Sci-Fi|Thriller,470752,264660,movie
115727,Crippled Avengers (Can que) (Return of the 5 Deadly Venoms) (1981),Action|Adventure,77292,40081,movie
115819,Mr Hublot (2013),Animation|Comedy,3043542,234862,movie
115828,Copenhagen (2014),Adventure|Drama|Romance,2459156,251232,movie
115877,"Simpsons: The Longest Daycare, The (2012)",Animation|Comedy,2175842,116440,movie
115969,Generation War (2013),Drama|War,1883092,46849,tv
116044,Christmas in Connecticut (1992),Comedy|Romance,103961,55596,movie
116138,Leviathan (2014),Drama,2802154,265180,movie
116169,Reign of Assassins (2010),Action,1460743,44092,movie
116207,Zulu (2013),Crime|Drama|Thriller,2249221,185567,movie
116411,Tangerines (2013),Drama,2991224,238628,movie
116413,Life Partners (2014),Comedy|Romance,2870808,260001,movie
116419,Drive Hard (2014),Action|Comedy|Crime,2968804,256092,movie
116505,New Kids Nitro (2011),Action|Comedy,2043932,79723,movie
116529,Stalingrad (2013),Action|Drama|War|IMAX,1966566,203793,movie
116668,Dead Snow 2: Red vs. Dead (2014) ,Action|Comedy|Horror,2832470,241842,movie
116718,Volga - Volga (1938),Comedy|Musical,30947,37133,movie
116724,You Are the Apple of My Eye (2011),Comedy|Drama|Romance,2036416,84111,movie
116738,DeadHeads (2011),Adventure|Comedy|Horror,1273207,77067,movie
116797,The Imitation Game (2014),Drama|Thriller|War,2084970,205596,movie
116799,Inherent Vice (2014),Comedy|Crime|Drama|Mystery|Romance,1791528,171274,movie
116817,Rudderless (2014),Comedy|Drama,1798243,244403,movie
116823,The Hunger Games: Mockingjay - Part 1 (2014),Adventure|Sci-Fi|Thriller,1951265,131631,movie
116849,Sex Ed (2014),Comedy|Romance,2751310,295315,movie
116887,Exodus: Gods and Kings (2014),Action|Adventure|Drama,1528100,147441,movie
116897,Wild Tales (2014),Comedy|Drama|Thriller,3011894,265195,movie
116941,Jetsons: The Movie (1990),Animation|Children|Comedy|Musical|Sci-Fi,99878,17009,movie
116963,Ski School (1991),Comedy,102940,21811,movie
116977,Dumb and Dumber To (2014),Comedy,2096672,100042,movie
116985,The Longest Week (2014),Comedy|Drama,2064968,206821,movie
117107,Miss Meadows (2014),Drama,3128900,261037,movie
117109,Too Many Cooks (2014),Comedy,3534838,301566,movie
117133,Painted Skin (2008),Action|Drama|Thriller,1055300,17808,movie
117176,The Theory of Everything (2014),Drama|Romance,2980516,266856,movie
117192,Doctor Who: The Time of the Doctor (2013),Adventure|Drama,2986512,282848,movie
117364,Virunga (2014),Documentary|War,3455224,263614,movie
117368,The Madagascar Penguins in a Christmas Caper (2005),Animation|Comedy,484439,10258,movie
117444,Song of the Sea (2014),Animation|Children|Fantasy,1865505,110416,movie
117466,In the Heart of the Sea (2015),Action|Adventure|Drama,1390411,205775,movie
117511,Hello Ladies: The Movie (2014),Comedy,3762944,303623,movie
117529,Jurassic World (2015),Action|Adventure|Drama|Sci-Fi|Thriller,369610,135397,movie
117531,Watermark (2014),Documentary,3106868,215032,movie
117533,Citizenfour (2014),Documentary,4044364,293310,movie
117545,Asterix: The Land of the Gods (Astérix: Le domaine des dieux) (2014),Animation,3759416,170522,movie
117572,Hit by Lightning (2014),Comedy|Crime|Romance,2402619,294538,movie
117590,Horrible Bosses 2 (2014),Comedy|Crime,2170439,227159,movie
117630,Double Trouble (1992),Action|Comedy|Crime|Romance,104135,88107,movie
117646,Dragonheart 2: A New Beginning (2000),Action|Adventure|Comedy|Drama|Fantasy|Thriller,214641,10473,movie
117849,La Belle Verte (1996),Comedy,115650,25518,movie
117851,Penguins of Madagascar (2014),Adventure|Animation|Children|Comedy,1911658,270946,movie
117867,'71 (2014),Action|Drama|Thriller|War,2614684,252178,movie
117877,The Rabbi's Cat (Le chat du rabbin) (2011),Adventure|Animation,1355638,75491,movie
117881,Still Alice (2014),Drama,3316960,284293,movie
117887,Paddington (2014),Children|Comedy,1109624,116149,movie
117895,Maze Runner: Scorch Trials (2015),Action|Thriller,4046784,294254,movie
117922,Ice Age: A Mammoth Christmas (2011),Adventure|Animation|Children,2100546,79218,movie
118082,The Voices (2014),Comedy|Crime|Thriller,1567437,244458,movie
118166,Courier (1987),Comedy|Drama|Romance,91364,70966,movie
118198,The Green Prince (2014),Documentary|Drama|Thriller,2304915,250798,movie
118248,Dying of the Light (2014),Drama|Thriller,1274586,297596,movie
118270,Hellbenders (2012),Comedy|Horror|Thriller,1865393,123107,movie
118290,Omega Doom (1996),Sci-Fi,117238,17135,movie
118326,By the Gun (2014),Crime|Drama|Thriller,2543702,270005,movie
118354,Kill the Messenger (2014),Crime|Drama|Mystery|Thriller,1216491,245916,movie
118512,Bring It On: In It To Win It (2007),Comedy,972785,15261,movie
118530,Fans (1999),Comedy,200215,42441,movie
118572,The Mule (2014),Comedy|Crime|Drama,2130270,253272,movie
118696,The Hobbit: The Battle of the Five Armies (2014),Adventure|Fantasy,2310332,122917,movie
118700,Selma (2014),Drama,1020072,273895,movie
118702,Unbroken (2014),Drama|War,1809398,227306,movie
118706,Black Sea (2015),Adventure|Mystery|Thriller,2261331,246080,movie
118784,Good Copy Bad Copy (2007),Documentary,1782451,22285,movie
118814,Playing It Cool (2014),Comedy|Romance,2139555,277547,movie
118834,National Lampoon's Bag Boy (2007),Comedy,906325,24388,movie
118862,Closer to the Moon (2013),Comedy|Drama,2017486,137347,movie
118880,"Girl Walks Home Alone at Night, A (2014)",Horror|Romance|Thriller,2326554,252171,movie
118888,Dave Chappelle: For What it's Worth (2004),Comedy,424934,20147,movie
118894,Scooby-Doo! Abracadabra-Doo (2010),Animation|Children|Mystery,1599351,32916,movie
118896,Mommy (2014),Drama,3612616,265177,movie
118900,Wild (2014),Drama,2305051,228970,movie
118924,Top Five (2014),Comedy,2784678,284296,movie
118930,Bill Burr: I'm Sorry You Feel That Way (2014),Comedy,3823690,308571,movie
118985,Big Eyes (2014),Drama,1126590,87093,movie
118997,Into the Woods (2014),Children|Comedy|Fantasy|Musical,2180411,224141,movie
119068,"Men, Women & Children (2014)",Comedy|Drama,3179568,243684,movie
119141,The Interview (2014),Action|Comedy,2788710,228967,movie
119145,Kingsman: The Secret Service (2015),Action|Adventure|Comedy|Crime,2802144,207703,movie
119153,Bill Burr: You People Are All the Same (2012),Comedy,2290153,191489,movie
119155,Night at the Museum: Secret of the Tomb (2014),Adventure|Children|Comedy|Fantasy,2692250,181533,movie
119167,Paradox (2010),Sci-Fi|Thriller,1343740,51239,movie
119218,The Punisher: Dirty Laundry (2012),Action|Crime|Drama,2280378,120605,movie
119655,Seventh Son (2014),Adventure|Children|Fantasy,1121096,68737,movie
119714,Corner Gas: The Movie (2014),Comedy,3788052,298533,movie
119828,A Man Called Blade (1977),Action|Drama|Thriller|Western,76360,19946,movie
119964,A Merry Friggin' Christmas (2014),Comedy,910885,286532,movie
120130,Into the Forest of Fireflies' Light (2011),Animation|Drama|Fantasy,2061702,92321,movie
120138,PK (2014),Comedy|Drama|Fantasy|Mystery|Romance,2338151,297222,movie
120466,Chappie (2015),Action|Thriller,1823672,198184,movie
120478,The Salt of the Earth (2014),Documentary,3674140,265297,movie
120625,The Fool (2014),Drama,3560686,285700,movie
120635,Taken 3 (2015),Action|Crime|Thriller,2446042,260346,movie
120637,Blackhat (2015),Action|Crime|Drama|Mystery|Thriller,2717822,201088,movie
120761,By the Law (1926),Drama,17271,126644,movie
120783,Son of a Gun (2014),Action|Crime|Drama,2452200,294652,movie
120799,Terminator Genisys (2015),Action|Adventure|Sci-Fi|Thriller,1340138,87101,movie
120807,John Mulaney: New In Town (2012),Comedy,2246779,86705,movie
120813,Patton Oswalt: My Weakness Is Strong (2009),Comedy,1503646,27317,movie
120827,The Hound of the Baskervilles (1988),Crime|Drama|Horror|Mystery,95330,68352,movie
120919,Man on High Heels (2014),Action|Comedy,3837196,267573,movie
121007,Space Buddies (2009),Adventure|Children|Fantasy|Sci-Fi,1164647,14749,movie
121035,Houdini (2014),Drama,3132738,49157,tv
121097,To Grandmother's House We Go (1992),Adventure|Children|Comedy,105606,50327,movie
121099,101 Dalmatians II: Patch's London Adventure (2003),Animation|Children,324941,13654,movie
121129,The Hungover Games (2014),Comedy,3138104,244688,movie
121169,The Duke of Burgundy (2014),Drama,2570858,250225,movie
121171,Red Army (2014),Documentary,3264102,256876,movie
121231,It Follows (2014),Horror,3235888,270303,movie
121253,The Town that Dreaded Sundown (2014),Horror|Thriller,2561546,287084,movie
121338,Carry on Cabby (1963),Adventure|Comedy|Romance,56912,19254,movie
121342,Carry on Cruising (1962),Comedy|Romance,55831,26190,movie
121372,Bill Burr: Let It Go (2010),Comedy,1717578,46967,movie
121374,Bill Burr: Why Do I Do This? (2008),Comedy,1254947,32836,movie
121469,Killer Movie (2008),Comedy|Horror|Mystery|Thriller,988083,14862,movie
121715,Sebastian Maniscalco: What's Wrong with People? (2012),Comedy,2215489,102517,movie
121781,Stuart Little 3: Call of the Wild (2005),Animation|Children|Comedy|Fantasy,472602,30178,movie
122092,Guy X (2005),Comedy|War,408828,14407,movie
122246,Tooth Fairy 2 (2012),Children|Comedy,1935929,84575,movie
122260,The Diary of Anne Frank (2009),Drama|War,1127205,28379,tv
122433,The Deadly Bees (1967),Horror|Mystery|Thriller,61557,47003,movie
122490,Wicked Blood (2014),Action|Drama|Thriller,2761578,256740,movie
122627,Oblivion 2: Backlash (1996),Sci-Fi,117223,80985,movie
122882,Mad Max: Fury Road (2015),Action|Adventure|Sci-Fi|Thriller,1392190,76341,movie
122884,Insidious: Chapter 3 (2015),Fantasy|Horror|Thriller,3195644,280092,movie
122886,Star Wars: Episode VII - The Force Awakens (2015),Action|Adventure|Fantasy|Sci-Fi|IMAX,2488496,140607,movie
122888,Ben-hur (2016),(no genres listed),2638144,271969,movie
122890,Warcraft (2016),Action|Adventure|Fantasy,803096,68735,movie
122892,Avengers: Age of Ultron (2015),Action|Adventure|Sci-Fi,2395427,99861,movie
122896,Pirates of the Caribbean: Dead Men Tell No Tales (2017),(no genres listed),1790809,166426,movie
122898,Justice League (2017),Action|Adventure|Sci-Fi,974015,141052,movie
122900,Ant-Man (2015),Action|Adventure|Sci-Fi,478970,102899,movie
122902,Fantastic Four (2015),Action|Adventure|Fantasy|Sci-Fi,1502712,166424,movie
122904,Deadpool (2016),Action|Adventure|Comedy|Sci-Fi,1431045,293660,movie
122906,Black Panther (2017),Action|Adventure|Sci-Fi,1825683,284054,movie
122912,Avengers: Infinity War - Part I (2018),Action|Adventure|Sci-Fi,4154756,299536,movie
122916,Thor: Ragnarok (2017),Action|Adventure|Sci-Fi,3501632,284053,movie
122918,Guardians of the Galaxy 2 (2017),Action|Adventure|Sci-Fi,3896198,283995,movie
122920,Captain America: Civil War (2016),Action|Sci-Fi|Thriller,3498820,271110,movie
122922,Doctor Strange (2016),Action|Adventure|Sci-Fi,1211837,284052,movie
122924,X-Men: Apocalypse (2016),Action|Adventure|Fantasy|Sci-Fi,3385516,246655,movie
122926,Untitled Spider-Man Reboot (2017),Action|Adventure|Fantasy,2250912,315635,movie
122932,Elsa & Fred (2014),Children|Comedy|Romance,2113659,268171,movie
123200,Jim Jefferies: I Swear to God (2009),Comedy,1439235,31981,movie
123310,Tornado! (1996),Action,117942,36983,movie
123545,The Blue Lagoon (1949),Drama|Romance,41190,228074,movie
123553,In the Name of the King III (2014),Action|Adventure|Drama|Fantasy,2379386,252360,movie
123947,Cake (2014),Drama,3442006,284276,movie
124273,Kevin Smith: Too Fat For 40 (2010),Comedy,1705115,48132,movie
124404,"Snowflake, the White Gorilla (2011)",Adventure|Animation|Children|Comedy,1429433,85439,movie
124484,Kenny & Company (1976),Comedy|Drama,74739,114735,movie
124851,Delirium (2014),Adventure|Romance|Sci-Fi,1698647,279828,movie
124853,Why Man Creates (1968),Animation|Documentary,63804,72585,movie
124859,The Gambler (2014),Crime|Drama|Thriller,2039393,284536,movie
125221,The Beast of Hollow Mountain (1956),Horror|Sci-Fi|Western,48992,108181,movie
125914,Mortdecai (2015),Adventure|Comedy|Mystery|Romance,3045616,210860,movie
125916,Fifty Shades of Grey (2015),Drama|Romance,2322441,216015,movie
125970,Halloweentown (1998),Adventure|Children|Comedy|Fantasy,173886,27850,movie
125974,Halloweentown High (2004),Adventure|Children|Comedy|Fantasy,414078,34560,movie
126088,A Flintstones Christmas Carol (1994),Animation|Children|Comedy,193164,48874,movie
126090,Hedgehog in the Fog (1975),Animation,73099,36129,movie
126142,The Cave of the Golden Rose (1991),Adventure|Children|Fantasy,101095,159704,movie
126420,American Heist (2015),Action,2923316,250066,movie
126426,Solyaris (1968),Drama|Sci-Fi,1808482,321130,movie
126430,The Pacific (2010),Action|Adventure|Drama|War,374463,16997,tv
126482,Strange Magic (2015),Animation|Children|Fantasy|Musical,4191054,302429,movie
126548,The DUFF (2015),Comedy,1666801,272693,movie
126577,"Daddy, I'm A Zombie (2012)",Animation|Comedy|Fantasy,2243469,89247,movie
126921,The Fox and the Hound 2 (2006),Adventure|Animation|Children|Comedy,465997,9948,movie
127052,Operation 'Y' & Other Shurik's Adventures (1965),Comedy|Crime|Romance,59550,20875,movie
127096,Project Almanac (2015),Sci-Fi|Thriller,2436386,227719,movie
127098,Louis C.K.: Live at The Comedy Store (2015),Comedy,4368814,321594,movie
127108,Brooklyn (2015),Drama|Romance,2381111,167073,movie
127114,The End of the Tour (2015),Drama,3416744,249688,movie
127116,Experimenter (2015),Drama,3726704,309299,movie
127130,Mistress America (2015),Comedy,2872462,309245,movie
127132,Zipper (2015),Drama|Thriller,3346224,309503,movie
127134,A Walk in the Woods (2015),Adventure|Comedy|Drama,1178665,232572,movie
127136,True Story (2015),Drama|Mystery|Thriller,2273657,245706,movie
127146,Kurt Cobain: Montage of Heck (2015),Documentary,4229236,319075,movie
127152,Going Clear: Scientology and the Prison of Belief (2015),Documentary,4257858,318224,movie
127164,"What Happened, Miss Simone? (2015)",Documentary,4284010,318044,movie
127172,A Story of Children and Film (2013),Documentary,2917506,194537,movie
127180,"Story of Film: An Odyssey, The (2011)",Documentary,2044056,45571,tv
127184,Eden (2014),Drama,3090634,283330,movie
127194,The D Train (2015),Comedy,3534602,308638,movie
127198,Dope (2015),Comedy|Drama,3850214,308639,movie
127202,Me and Earl and the Dying Girl (2015),Drama,2582496,308369,movie
127204,The Overnight (2015),Comedy,3844362,308024,movie
127212,The Stanford Prison Experiment (2015),Drama|Thriller,420293,308032,movie
127298,A Pigeon Sat on a Branch Reflecting on Existence (2014),Comedy|Drama,1883180,110390,movie
127319,The Loft (2014),Thriller,1850397,72784,movie
127323,Vice (2015),Action|Adventure|Sci-Fi|Thriller,3480796,307663,movie
127390,Family Guy Presents: Blue Harvest (2007),Animation|Comedy,888817,653528,movie
128087,Trinity and Sartana Are Coming (1972),Comedy|Western,69409,102959,movie
128089,Kevin Hart: I'm a Grown Little Man (2009),Comedy,1420554,27866,movie
128097,Jim Norton: American Degenerate (2013),Comedy,3234126,216553,movie
128099,Jim Jefferies: BARE (2014),Comedy,3958494,289333,movie
128197,Hard Promises (1991),Comedy|Romance,102002,89292,movie
128360,The Hateful Eight (2015),Western,3460252,273248,movie
128366,Patton Oswalt: Tragedy Plus Comedy Equals Time (2014),Comedy,3628334,251016,movie
128488,Wild Card (2015),Action|Crime|Drama|Thriller,2231253,265208,movie
128512,Paper Towns (2015),Drama|Mystery|Romance,3622592,286565,movie
128520,The Wedding Ringer (2015),Comedy,884732,252838,movie
128542,Wyrmwood (2015),Action|Horror|Sci-Fi,2535470,290999,movie
128592,The Boy Next Door (2015),Mystery|Thriller,3181822,241251,movie
128594,Boy Meets Girl (2015),Comedy|Drama|Romance,3007302,263105,movie
128620,Victoria (2015),Crime|Drama|Romance,4226388,320007,movie
128695,The Dark Valley (2014),Western,2650978,248933,movie
128736,I'm Here (2010),Drama,1571404,37058,movie
128832,The Last Five Years (2014),Comedy|Drama|Musical|Romance,2474024,206296,movie
128838,Crimson Peak (2015),Horror,2554274,201085,movie
128842,Dragonheart 3: The Sorcerer's Curse (2015),Action|Adventure|Fantasy,3829170,300803,movie
128852,Chris Rock: Bigger & Blacker (1999),Comedy,206636,17870,movie
128900,The Natural Love (1996),Documentary,137355,195862,movie
128902,The Forgotten Space (2010),Documentary,1772382,105554,movie
128908,Cloudburst (2011),Adventure|Comedy|Drama,1466054,117098,movie
128914,Tom Segura: Completely Normal (2014),Comedy,3500822,259395,movie
128944,"Honey, We Shrunk Ourselves (1997)",Action|Adventure|Children|Comedy|Sci-Fi,119310,11425,movie
128968,Stitch! The Movie (2003),Animation|Children|Comedy,348124,15567,movie
128975,Hot Tub Time Machine 2 (2015),Comedy|Sci-Fi,2637294,243938,movie
128991,Johnny Express (2014),Animation|Comedy|Sci-Fi,3723996,269711,movie
129011,Eddie Izzard: Glorious (1997),Comedy,195753,13590,movie
129229,Northmen - A Viking Saga (2014),Action|Adventure,2290553,286873,movie
129250,Superfast! (2015),(no genres listed),2933474,325358,movie
129313,Reality (2014),Comedy,2392672,179150,movie
129333,Julia (2014),Horror|Thriller,2582426,278632,movie
129354,Focus (2015),Comedy|Crime|Drama|Romance,2381941,256591,movie
129397,Marvel One-Shot: Item 47 (2012),Action|Fantasy|Sci-Fi,2247732,119569,movie
129428,The Second Best Exotic Marigold Hotel (2015),Comedy|Drama,2555736,268238,movie
129514,George Carlin: It's Bad for Ya! (2008),Comedy,963207,13643,movie
129657,Tracers (2015),Action,2401097,290764,movie
129659,"McFarland, USA (2015)",Drama,2097298,228203,movie
129737,Unfinished Business (2015),Comedy,2358925,239573,movie
129779,Ghost in the Shell Arise - Border 1: Ghost Pain (2013),Action|Animation|Sci-Fi,2636124,196750,movie
129937,Run All Night (2015),Action|Crime|Drama|Thriller,2199571,241554,movie
130050,Digging Up the Marrow (2014),Drama|Fantasy|Horror|Mystery|Thriller,1991031,279972,movie
130052,Clown (2014),Drama|Horror,1780798,112454,movie
130073,Cinderella (2015),Children|Drama|Fantasy|Romance,1661199,150689,movie
130083,Kidnapping Mr. Heineken (2015),Action|Crime|Drama|Thriller,2917388,228968,movie
130087,The Cobbler (2015),Comedy|Drama|Fantasy,3203616,238215,movie
130444,Ruby Red (2013),Adventure|Children|Fantasy|Sci-Fi,2418558,175774,movie
130450,Pan (2015),Adventure|Children|Fantasy,3332064,266647,movie
130452,While We're Young (2014),Comedy|Drama,1791682,252512,movie
130482,Too Late for Tears (1949),Crime|Drama|Film-Noir|Mystery|Thriller,41968,27036,movie
130490,Insurgent (2015),Action|Sci-Fi|Thriller,2908446,262500,movie
130498,La vérité si je mens ! (1997),Comedy,120471,39385,movie
130518,The Amazing Screw-On Head (2006),Action|Adventure|Animation|Comedy|Sci-Fi,468445,213110,movie
130520,Home (2015),Adventure|Animation|Children|Comedy|Fantasy|Sci-Fi,2224026,228161,movie
130576,Midnight Special (2015),Drama|Sci-Fi,2649554,245703,movie
130578,"Gunman, The (2015)",Action|Thriller,2515034,266396,movie
130634,Furious 7 (2015),Action|Crime|Thriller,2820852,168259,movie
130686,The Final Girls (2015),Comedy|Horror,2118624,293970,movie
130840,Spring (2015),Horror|Romance|Sci-Fi,3395184,241855,movie
130842,Power/Rangers (2015),Action|Adventure|Sci-Fi,4475970,327029,movie
130970,George Carlin: Life Is Worth Losing (2005),Comedy,484855,13015,movie
130976,Legend No. 17 (2013),Drama,2182001,184155,movie
130978,Love and Pigeons (1985),Comedy|Romance,87650,32334,movie
131013,Get Hard (2015),Comedy|Crime,2561572,257091,movie
131023,That Sugar Film (2014),Documentary,3892434,305091,movie
131098,Saving Santa (2013),Animation|Children|Comedy,2204315,238302,movie
131104,The Brain (1969),Comedy|Crime,64146,33436,movie
131130,Tom and Jerry: A Nutcracker Tale (2007),Animation|Comedy,1114698,24696,movie
131237,What Men Talk About (2010),Comedy,1595366,35428,movie
131439,Kill Me Three Times (2014),Thriller,2393845,237756,movie
131480,Poker Night (2014),Action|Crime|Thriller,2548208,298093,movie
131578,Reckless Kelly (1994),Comedy,107930,44664,movie
131610,Willy/Milly (1986),Comedy|Fantasy,92216,46836,movie
131656,Shaun the Sheep Movie (2015),Adventure|Animation|Children|Comedy,2872750,263109,movie
131714,Last Knights (2015),Action|Adventure,2493486,308504,movie
131724,The Jinx: The Life and Deaths of Robert Durst (2015),Documentary,4299972,61929,tv
131739,Batman vs. Robin (2015),Action|Adventure|Animation,4324274,321528,movie
131749,Libre et assoupi (2014),Comedy,2922440,268523,movie
131796,Woman in Gold (2015),Drama,2404425,304357,movie
131826,Iliza Shlesinger: Freezing Hot (2015),Comedy,4073952,320996,movie
131920,The Road Within (2014),Comedy|Drama,2962876,228108,movie
131934,The Malibu Bikini Shop (1986),Comedy,89538,30296,movie
132046,Tomorrowland (2015),Action|Adventure|Children|Mystery|Sci-Fi,1964418,158852,movie
132084,Let It Be Me (1995),(no genres listed),113638,335145,movie
132153,Buzzard (2015),Comedy|Drama|Horror,2656588,253303,movie
132157,Paul Blart: Mall Cop 2 (2015),Action|Comedy|Crime,3450650,256961,movie
132333,Seve (2014),Documentary|Drama,3149640,278990,movie
132335,Breathe (2014),Drama,3365778,270400,movie
132362,Patlabor 2: The Movie (1993),Action|Animation|Sci-Fi,124770,14572,movie
132422,Da Sweet Blood of Jesus (2014),Comedy|Romance|Thriller,3104930,278316,movie
132424,The Longest Ride (2015),Drama|Romance,2726560,228205,movie
132454,Girltrash: All Night Long (2014),Comedy|Crime|Drama,1555440,254936,movie
132462,Sword of Vengeance (2014),Action|Adventure|Drama,3622332,313074,movie
132488,Lovesick (2014),Comedy|Romance,2404299,319389,movie
132496,Danny Collins (2015),Comedy|Drama,1772288,256924,movie
132584,The Even Stevens Movie (2003),Children|Comedy,327698,50794,movie
132618,Kite (2014),Action|Crime|Drama|Mystery|Thriller,2044801,192712,movie
132660,Man Up (2015),Comedy|Romance,3064298,332340,movie
132796,San Andreas (2015),Action|Drama|Thriller,2126355,254128,movie
132800,Welcome to Me (2014),Comedy|Drama,2788716,284537,movie
132888,Comedy Central Roast of James Franco (2013),Comedy,3098812,300302,movie
133115,We Could Be King (2014),Documentary,3699674,268159,movie
133195,Hitman: Agent 47 (2015),Action|Crime|Thriller,2679042,249070,movie
133217,B/W (2015),Comedy|Crime|Sci-Fi,4312536,335819,movie
133281,Ricki and the Flash (2015),Comedy|Drama,3623726,275601,movie
133365,Partisan (2015),Drama|Thriller,3155242,306482,movie
133377,Infini (2015),Horror|Sci-Fi|Thriller,3327624,301728,movie
133419,Pitch Perfect 2 (2015),Comedy,2848292,254470,movie
133545,Just Before I Go (2014),Comedy|Drama,2980472,258099,movie
133645,Carol (2015),Drama|Romance,2402927,258480,movie
133712,Office Romance (1977),Comedy|Romance,76727,31139,movie
133716,Bootleggers (1961),Comedy|Crime,55400,42279,movie
133771,The Lobster (2015),Comedy|Romance|Sci-Fi,3464902,254320,movie
133780,Güeros (2014),Comedy|Drama,3499048,256057,movie
133782,Maggie (2015),Drama|Horror|Thriller,1881002,287424,movie
133798,Hot Pursuit (2015),Action|Comedy,2967224,268920,movie
133802,Slow West (2015),Action|Thriller|Western,3205376,223485,movie
133832,The Green Inferno (2014),Horror|Thriller,2403021,171424,movie
133867,Barely Lethal (2015),Action|Adventure|Comedy,1731701,248574,movie
133879,Carry On Don't Lose Your Head (1966),Comedy,60330,5061,movie
134004,What Love Is (2007),Comedy|Romance,439876,25973,movie
134019,The Monkey King (1964),Animation,59855,47759,movie
134021,5 to 7 (2014),Comedy|Drama|Romance,2486678,259954,movie
134041,Afonya (1975),Comedy|Drama|Romance,72613,20870,movie
134095,My Love (2006),Animation|Drama,874952,104522,movie
134109,Radio Day (2008),Comedy,1217565,25936,movie
134130,The Martian (2015),Adventure|Drama|Sci-Fi,3659388,286217,movie
134158,Return to Sender (2015),Thriller,2948790,333381,movie
134170,Kung Fury (2015),Action|Comedy|Fantasy|Sci-Fi,3472226,251516,movie
134184,Elections Day (2007),Comedy,1198196,20963,movie
134214,Youth (2015),Drama,3312830,310593,movie
134246,Survivor (2015),Action|Thriller,3247714,334074,movie
134248,Hot Girls Wanted (2015),Documentary,4382552,318256,movie
134252,That Munchhausen (1979),Comedy|Drama|Fantasy,80037,27937,movie
134326,The Taming of the Scoundrel (1980),Comedy,80439,10986,movie
134334,Phir Hera Pheri (2006),Comedy,419058,20359,movie
134368,Spy (2015),Action|Comedy|Crime,3079380,238713,movie
134393,Trainwreck (2015),Comedy|Romance,3152624,271718,movie
134515,BMX Bandits (1983),Adventure|Crime|Drama,85204,17381,movie
134524,Turtle Power: The Definitive History of the Teenage Mutant Ninja Turtles (2014),Documentary,3817848,280276,movie
134528,Aloha (2015),Comedy|Drama|Romance,1243974,222936,movie
134775,Dragon Blade (2015),Action|Adventure|Drama,3672840,300168,movie
134783,Entourage (2015),Comedy,1674771,188222,movie
134796,Bitter Lake (2015),Documentary,4393514,321109,movie
134808,No Way Jose (2015),Comedy,3133722,343371,movie
134847,Ghost Graduation (2012),Comedy,1924273,86541,movie
134849,Duck Amuck (1953),Animation|Children|Comedy,45708,53210,movie
134853,Inside Out (2015),Adventure|Animation|Children|Comedy|Drama|Fantasy,2096673,150540,movie
134859,The Wolfpack (2015),Documentary,2415458,307931,movie
134861,Trevor Noah: African American (2013),(no genres listed),3043546,250556,movie
134881,Love & Mercy (2014),Drama,903657,271714,movie
135133,The Hunger Games: Mockingjay - Part 2 (2015),Adventure|Sci-Fi,1951266,131634,movie
135137,Pixels (2015),Action|Comedy|Sci-Fi,2120120,257344,movie
135143,Fantastic Beasts and Where to Find Them (2016),Fantasy,3183660,259316,movie
135198,The Hairdresser (2010),Comedy|Drama,1585255,42293,movie
135216,The Star Wars Holiday Special (1978),Adventure|Children|Comedy|Sci-Fi,193524,74849,movie
135288,Mr. Holmes (2015),Drama|Mystery,3168230,280996,movie
135436,The Secret Life of Pets (2016),Animation|Comedy,2709768,328111,movie
135456,Ghost in the Shell: Stand Alone Complex - The Laughing Man (2005),Action|Animation|Crime|Sci-Fi,1024215,18839,movie
135518,Self/less (2015),Action|Mystery|Sci-Fi|Thriller,2140379,238615,movie
135532,The Last Witch Hunter (2015),Action|Adventure|Fantasy,1618442,274854,movie
135534,Krampus (2015),Comedy|Fantasy|Horror,3850590,287903,movie
135536,Suicide Squad (2016),Action|Crime|Sci-Fi,1386697,297761,movie
135567,Independence Day: Resurgence (2016),Action|Adventure|Sci-Fi,1628841,47933,movie
135569,Star Trek Beyond (2016),Action|Adventure|Sci-Fi,2660888,188927,movie
135777,Golmaal (2006),Children|Comedy,495034,19670,movie
135787,Bruce Lee: A Warrior's Journey (2000),Documentary,297814,37588,movie
135803,Five Element Ninjas (1982),Action,84921,41378,movie
135815,The Magnificent Ruffians (1979),Action|Drama,79043,141131,movie
135861,Ted 2 (2015),Comedy,2637276,214756,movie
135885,Absolutely Anything (2015),Comedy|Sci-Fi,1727770,86828,movie
135887,Minions (2015),Adventure|Animation|Children|Comedy,2293640,211672,movie
135937,The Silence of the Hams (1994),Comedy|Thriller,111190,10450,movie
136012,Bloodsport III (1996),Action|Thriller,115714,36692,movie
136016,The Good Dinosaur (2015),Adventure|Animation|Children|Comedy|Fantasy,1979388,105864,movie
136018,Black Mass (2015),Crime|Drama,1355683,261023,movie
136020,Spectre (2015),Action|Adventure|Crime,2379713,206647,movie
136024,The Professional: Golgo 13 (1983),Action|Animation|Crime,86148,17922,movie
136297,Mortal Kombat: The Journey Begins (1995),Action|Animation,363828,72886,movie
136305,Sharknado 3: Oh Hell No! (2015),Horror|Sci-Fi,3899796,331446,movie
136341,Scooby-Doo! and the Samurai Sword (2009),Animation|Children|Comedy,1421378,16390,movie
136353,Scooby-Doo! and the Loch Ness Monster (2004),Animation|Children|Comedy,418141,12902,movie
136355,Big Top Scooby-Doo! (2012),Animation|Children|Comedy,2235542,119321,movie
136359,Scooby-Doo Goes Hollywood (1979),Animation|Children|Comedy,191423,36972,movie
136443,Gabriel Iglesias: Hot and Fluffy (2007),Comedy,1082588,20720,movie
136445,George Carlin: Back in Town (1996),Comedy,246641,34509,movie
136447,George Carlin: You Are All Diseased (1999),Comedy,246645,34513,movie
136449,Ghost in the Shell 2.0 (2008),Action|Animation|Sci-Fi,1260502,14092,movie
136469,Larry David: Curb Your Enthusiasm (1999),Comedy,218388,261414,movie
136471,Kevin Hart: Laugh at My Pain (2011),Comedy|Documentary,1999192,74510,movie
136503,Tom and Jerry: Shiver Me Whiskers (2006),Animation|Children|Comedy,808508,60293,movie
136511,Jeff Dunham: All Over the Map (2014),Comedy,4209802,300685,movie
136540,The FP (2012),Comedy,1296373,85860,movie
136556,Kung Fu Panda: Secrets of the Masters (2011),Animation|Children,1980162,81003,movie
136562,Steve Jobs (2015),Drama,2080374,321697,movie
136564,Macbeth (2015),Drama,2884018,225728,movie
136598,Vacation (2015),Adventure|Comedy,1524930,296099,movie
136602,Creep (2014),Horror|Thriller,2428170,250574,movie
136654,The Face of an Angel (2015),Drama,2967008,254024,movie
136664,Wild Horses (2015),Crime|Drama,4442130,324333,movie
136666,Search Party (2014),Comedy,2758904,239568,movie
136778,The Squeeze (2015),Comedy|Drama,3248600,312796,movie
136786,Careful What You Wish For (2015),Thriller,1629242,317744,movie
136800,Robot Overlords (2014),Action|Adventure|Sci-Fi,2145829,240483,movie
136816,Bad Asses on the Bayou (2015),Action|Comedy,3525346,309887,movie
136834,The Eye: Infinity (2005),Horror,455135,33723,movie
136838,Kiss me Kismet (2006),Comedy|Romance,496325,38918,movie
136840,Da geht noch was! (2013),Comedy|Drama|Romance,2517558,217412,movie
136850,Villain (1971),Crime|Drama|Thriller,67952,30341,movie
136859,The Lovers (2015),Action|Adventure|Romance|Sci-Fi,1321869,79698,movie
136864,Batman v Superman: Dawn of Justice (2016),Action|Adventure|Fantasy|Sci-Fi,2975590,209112,movie
136912,God Loves Caviar (2012),Adventure,2181959,128767,movie
136958,Mortuary (1983),Horror,87746,44859,movie
137218,April Morning (1988),Drama,94673,88673,movie
137337,Amy (2015),Documentary,2870648,331781,movie
137345,That Demon Within (2014),Crime|Thriller,3511542,253622,movie
137517,Carnival Magic (1981),Drama|Fantasy,207374,29419,movie
137595,Magic Mike XXL (2015),Comedy|Drama,2268016,264999,movie
137857,The Jungle Book (2016),Adventure|Drama|Fantasy,3040964,278927,movie
137859,Dragon Ball Z Gaiden: The Plot to Destroy the Saiyans (1993),Action|Adventure|Animation,1286785,89636,movie
137863,Dragon Ball Z: Resurrection of F (2015),Action|Adventure|Animation|Fantasy,3819668,303857,movie
138036,The Man from U.N.C.L.E. (2015),Action|Adventure|Comedy,1638355,203801,movie
138186,Sorrow (2015),Crime|Drama|Horror,2140423,337879,movie
138204,7 Days in Hell (2015),Comedy,3895884,287689,movie
138208,The Walk (2015),Adventure|Drama|Thriller,3488710,285783,movie
138210,13 Hours (2016),Drama,4172430,300671,movie
138396,There Will Come a Day (2013),Comedy|Drama,1951299,158182,movie
138546,The Opposite Sex (2014),Comedy,2796678,301748,movie
138610,The Gallows (2015),Horror|Thriller,2309260,299245,movie
138632,Tokyo Tribe (2014),Action|Crime|Drama|Sci-Fi,2808986,240566,movie
138702,Feast (2014),Animation|Children|Comedy|Drama|Romance,3689498,293299,movie
138798,Joe Dirt 2: Beautiful Loser (2015),Comedy,4126340,335970,movie
138835,Return to Treasure Island (1988),Adventure|Animation|Comedy,122227,49418,movie
138966,Nasu: Summer in Andalusia (2003),Animation,382868,60843,movie
139052,Dark Places (2015),Drama|Mystery|Thriller,2402101,182560,movie
139130,Afro Samurai (2007),Action|Adventure|Animation|Drama|Fantasy,465316,19544,tv
139157,Massu Engira Maasilamani (2015),Comedy|Horror|Thriller,4328798,329134,movie
139385,The Revenant (2015),Adventure|Drama,1663202,281957,movie
139415,Irrational Man (2015),Crime|Drama,3715320,282984,movie
139511,Exte: Hair Extensions (2007),Horror,904049,21784,movie
139640,Ooops! Noah is Gone... (2015),Animation,3411432,326215,movie
139642,Southpaw (2015),Action|Drama,1798684,307081,movie
139644,Sicario (2015),Crime|Drama|Mystery,3397884,273481,movie
139655,Goodnight Mommy (Ich seh ich seh) (2014),Drama|Fantasy|Horror|Thriller,3086442,284303,movie
139717,10 Cent Pistol (2015),Crime|Thriller,2134170,346592,movie
139747,Before We Go (2014),Romance,443465,283350,movie
139855,Anomalisa (2015),Animation|Comedy|Fantasy,2401878,291270,movie
139857,Colonia (2016),Thriller,4005402,318781,movie
139859,Ghost in the Shell Arise - Border 2: Ghost Whispers (2013),Action|Animation|Sci-Fi|Thriller,3017864,212168,movie
139915,How to Make Love Like an Englishman (2014),Comedy|Romance,1725986,253344,movie
139994,Fracchia contro Dracula (1985),Comedy|Horror,128221,30459,movie
140016,Always Watching: A Marble Hornets Story (2015),Horror,2737926,329289,movie
140038,Madly in Love (1981),Comedy,82562,11441,movie
140110,The Intern (2015),Comedy,2361509,257211,movie
140133,Hollywood Chainsaw Hookers (1988),Comedy|Horror,95312,27412,movie
140162,Love (2015),Drama|Romance,3774694,292431,movie
140174,Room (2015),Drama,3170832,264644,movie
140237,The Runner (2015),Drama,3687398,277546,movie
140247,The Gift (2015),Drama|Horror,4178092,328425,movie
140265,George Carlin: Jammin' in New York (1992),Comedy,246643,25161,movie
140267,The Witch (2015),Horror,4263482,310131,movie
140289,Men & Chicken (2015),Comedy|Drama,3877674,296313,movie
140301,The Escort (2015),Comedy|Romance,3793788,351964,movie
140359,Doctor Who: The Waters of Mars (2009),Adventure|Children|Sci-Fi,1413314,281979,movie
140481,"Family Guy Presents: Something, Something, Something, Dark Side (2009)",Animation|Comedy|Sci-Fi,1329665,625651,movie
140523,"Visit, The (2015)",Comedy|Horror,3567288,298312,movie
140525,Secret in Their Eyes (2015),Crime|Drama|Mystery,1741273,290751,movie
140541,The Electric Hotel (1908),Animation|Comedy|Sci-Fi,516,143634,movie
140561,Jeff Ross Roasts Criminals: Live at Brazos County Jail (2015),Comedy|Documentary,4705522,343295,movie
140627,Battle For Sevastopol (2015),Drama|Romance|War,4084744,332270,movie
140711,American Ultra (2015),Action|Comedy|Sci-Fi|Thriller,3316948,261392,movie
140715,Straight Outta Compton (2015),Drama,1398426,277216,movie
140725,Cop Car (2015),Crime|Thriller,3813310,310133,movie
140737,The Lost Room (2006),Action|Fantasy|Mystery,830361,3868,tv
140816,Tangerine (2015),Comedy|Drama,3824458,308084,movie
140850,Every Secret Thing (2014),Crime|Drama|Mystery|Thriller,1706598,258284,movie
140852,964 Pinocchio (1991),Horror|Sci-Fi,225009,50162,movie
140928,Joy (2015),Comedy|Drama,2446980,274479,movie
140956,Ready Player One,Action|Sci-Fi|Thriller,1677720,333339,movie
141004,Victor Frankenstein (2015),Drama|Horror|Sci-Fi,1976009,228066,movie
141131,Guardians (2016),(no genres listed),4600952,354556,movie
141400,Invincible Shaolin (1978),Action,77973,48297,movie
141408,Scouts Guide to the Zombie Apocalypse (2015),Action|Comedy|Horror,1727776,273477,movie
141422,Suffragette (2015),Drama,3077214,245168,movie
141513,Fort Tilden (2014),Comedy,3457734,253255,movie
141544,Turbo Kid (2015),Action|Adventure|Sci-Fi,3672742,310135,movie
141646,The Unauthorized Saved by the Bell Story (2014),Comedy|Drama,3816372,287241,movie
141668,War Room (2015),Drama,3832914,323272,movie
141688,Legend (2015),Crime|Thriller,3569230,276907,movie
141718,Deathgasm (2015),Comedy|Horror,3705412,323373,movie
141749,The Danish Girl (2015),Drama,810819,306819,movie
141799,Cooties (2015),Comedy|Horror,2490326,241843,movie
141810,Autumn Marathon (1979),Comedy|Drama,79679,27924,movie
141816,12 Chairs (1976),Adventure|Comedy,75468,44210,tv
141818,Ordinary Miracle (1978),Comedy|Drama|Fantasy|Romance,186408,27935,movie
141820,Old Men: Robbers (1971),Comedy,67789,46010,movie
141830,Unbelievable Adventures of Italians in Russia (1974),Adventure|Comedy,70439,57778,movie
141836,It Can't Be! (1975),Comedy,73442,42275,movie
141844,12 Chairs (1971),Adventure|Comedy,65670,31648,movie
141846,Steve Jobs: The Man in the Machine (2015),Documentary,4425064,324308,movie
141866,Green Room (2015),(no genres listed),4062536,313922,movie
141890,Beasts of No Nation (2015),Drama|War,1365050,283587,movie
141928,Bloodsucking Bastards (2015),Comedy|Horror,3487994,317981,movie
141994,Saving Christmas (2014),Children|Comedy,4009460,295884,movie
142020,Oscar (1967),Comedy,62083,2798,movie
142056,Iron Man & Hulk: Heroes United (2013),Action|Adventure|Animation,3221698,230896,movie
142074,Knock Knock (2015),Crime|Horror|Thriller,3605418,263472,movie
142115,The Blue Planet (2001),Documentary,296310,13579,tv
142196,Cornered! (2009),Comedy|Horror,1151911,32285,movie
142222,Demolition (2016),Drama,1172049,303991,movie
142366,Cigarette Burns (2005),Horror|Thriller,643109,327389,movie
142372,Our Brand Is Crisis (2015),Comedy|Drama,1018765,10317,movie
142420,High Rise (2015),Action|Drama|Sci-Fi,462335,254302,movie
142422,The Night Before (2015),Comedy,3530002,296100,movie
142424,Into the Forest (2015),Drama|Sci-Fi,2625810,334538,movie
142444,The Editor (2015),Comedy|Horror|Mystery,3067274,285840,movie
142448,Everest (2015),Adventure|Drama|Thriller,2719848,253412,movie
142456,The Brand New Testament (2015),(no genres listed),3792960,330764,movie
142488,Spotlight (2015),Thriller,1895587,314365,movie
142507,Pawn Sacrifice (2015),Drama,1596345,245698,movie
142509,Hardcore Henry (2015),Action|Adventure|Sci-Fi,3072482,325348,movie
142536,Burnt (2015),Drama,2503944,295964,movie
142550,Ryuzo and the Seven Henchmen (2015),Action|Comedy,4176776,315841,movie
142558,If I Were a Rich Man (2002),Comedy,315152,18303,movie
142598,Last Shift (2014),Horror,2965466,296065,movie
142602,"F*ck You, Goethe 2 (2015)",Comedy,3702996,329263,movie
142831,Garam Masala (2005),Comedy,453671,19636,movie
142961,Life Eternal (2015),Comedy|Crime|Thriller,3642618,277967,movie
142997,Hotel Transylvania 2 (2015),Animation|Comedy,2510894,159824,movie
143001,Anti-Social (2015),Crime,3475596,330206,movie
143031,Jump In! (2007),Comedy|Drama|Romance,805559,13968,movie
143245,The Little Prince (2015),Animation|Fantasy,1754656,309809,movie
143255,Narcopolis (2014),Mystery|Sci-Fi|Thriller,1957938,301228,movie
143257,Ashby (2015),Comedy|Drama,3774466,330112,movie
143355,Wonder Woman (2017),Action|Adventure|Fantasy,451279,297762,movie
143365,The Circle (2016),Drama|Sci-Fi|Thriller,4287320,339988,movie
143367,Silence (2016),Drama|Thriller,490215,68730,movie
143385,Bridge of Spies (2015),Drama|Thriller,3682448,296098,movie
143410,Hyena Road,(no genres listed),4034452,316042,movie
143458,The Great Hypnotist (2014),Drama|Mystery|Thriller,3720058,273197,movie
143472,Into the Grizzly Maze (2015),Action|Horror|Thriller,1694021,244316,movie
143511,Human (2015),Documentary,3327994,359364,movie
143525,Chasuke's Journey (2015),Comedy|Drama,3560464,319996,movie
143559,L.A. Slasher (2015),Comedy|Crime|Fantasy,2735292,323792,movie
143859,"Hail, Caesar! (2016)",Comedy,475290,270487,movie
143896,How To Change The World (2015),Documentary,4144504,319073,movie
143969,Er ist wieder da (2015),Comedy,4176826,318917,movie
144210,Just Eat It: A Food Waste Story (2014),Documentary,3597400,259985,movie
144222,Bros Before Hos (2013),Comedy,2947832,230211,movie
144262,Slow Learners (2015),Comedy|Romance,2537390,333287,movie
144352,Unforgiven (2013),Action|Crime|Drama,2347134,141819,movie
144478,"Sex, Drugs & Taxation (2013)",Comedy|Drama,2191400,211005,movie
144522,Sky High (2003),Action|Horror|Thriller,398563,5846,movie
144606,Confessions of a Dangerous Mind (2002),Comedy|Crime|Drama|Romance|Thriller,270288,4912,movie
144620,Goosebumps (2015),Adventure|Comedy|Horror,1051904,257445,movie
144714,The Perfect Guy (2015),Drama|Thriller,3862750,304372,movie
144716,Rock the Kasbah (2015),Comedy,3164256,253414,movie
144734,Freaks of Nature (2015),Comedy|Horror|Sci-Fi,1817771,218784,movie
144976,Bone Tomahawk (2015),Horror|Western,2494362,294963,movie
145080,Extraordinary Tales (2015),Animation|Horror|Mystery,3454574,329020,movie
145150,The Dressmaker (2015),Comedy|Drama|Thriller,2910904,298382,movie
145283,Nowitzki: The Perfect Shot (2014),Documentary,3626804,291343,movie
145418,Trumbo (2015),Drama,3203606,294016,movie
145491,Our Lips Are Sealed (2000),Children|Comedy|Drama,270560,34729,movie
145724,Idaho Transfer (1973),Sci-Fi,71647,74836,movie
145745,Witch Hunt (1999),Crime|Drama,187598,268788,movie
145839,Concussion (2015),Drama,3322364,321741,movie
145935,"Peanuts Movie, The (2015)",Adventure|Animation|Children|Comedy,2452042,227973,movie
145951,Bloodsport: The Dark Kumite (1999),Action|Thriller,172184,36693,movie
145994,Formula of Love (1984),Comedy,216755,27940,movie
146024,A Man from Boulevard des Capucines (1987),Comedy|Romance|Western,92745,45227,movie
146028,The Adventures of Sherlock Holmes and Dr. Watson: The Hound of the Baskervilles (1981),Crime|Mystery,83100,84254,movie
146210,Blue Mountain State: The Rise of Thadland (2015),Comedy,3748440,288171,movie
146244,Dil To Pagal Hai (1997),Comedy|Drama|Romance,118983,13986,movie
146309,The Boy and the Beast (2015),Action|Adventure|Animation,4272866,315465,movie
146656,Creed (2015),Drama,3076658,312221,movie
146662,Dragons: Gift of the Night Fury (2011),Adventure|Animation|Comedy,2065968,91417,movie
146682,Twinsters (2015),Documentary,2980626,324325,movie
146684,Cosmic Scrat-tastrophe (2015),Animation|Children|Comedy,5184298,367326,movie
146688,Solace (2015),Fantasy|Mystery|Thriller,1291570,339527,movie
146730,Lost in the Sun (2015),Action|Drama|Thriller,3593046,360203,movie
146986,Le Maître d'école (1981),Comedy,82726,53179,movie
147002,Eros (2004),Drama|Romance,343663,39850,movie
147142,Those Happy Days (2006),Children|Comedy,478566,19100,movie
147196,The Girls (1961),Comedy|Romance,134614,20975,movie
147250,The Adventures of Sherlock Holmes and Doctor Watson,(no genres listed),229922,126850,movie
147282,What Men Still Talk About (2011),Comedy,1863347,83456,movie
147286,The Adventures of Sherlock Holmes and Doctor Watson: The Treasures of Agra (1983),Crime|Mystery,86333,127608,movie
147300,Adventures Of Sherlock Holmes And Dr. Watson: The Twentieth Century Approaches (1986),Crime|Mystery,91942,270393,movie
147326,The Adventures of Sherlock Holmes and Doctor Watson: King of Blackmailers (1980),Crime|Mystery,459944,126846,movie
147328,The Adventures of Sherlock Holmes and Dr. Watson: Bloody Signature (1979),Crime,80263,610470,movie
147330,Sherlock Holmes and Dr. Watson: Acquaintance (1979),Crime,79902,584549,movie
147372,Doctor Who: Last Christmas (2014),Adventure|Drama|Fantasy|Sci-Fi,4050552,317182,movie
147374,"Doctor Who: The Doctor, the Widow and the Wardrobe (2011)",Adventure|Drama,1998643,315623,movie
147376,Doctor Who: A Christmas Carol (2010),Sci-Fi,1672218,315620,movie
147378,Doctor Who: Planet of the Dead (2009),Adventure|Children|Drama|Sci-Fi,1337072,282963,movie
147380,Doctor Who: The Next Doctor (2008),Adventure|Children|Drama|Sci-Fi,1321969,317190,movie
147382,Doctor Who: Voyage Of The Damned (2007),Action|Sci-Fi,1061123,335209,movie
147384,Doctor Who: The Runaway Bride (2007),Sci-Fi,827573,282758,movie
147410,A Perfect Day (2015),Comedy|Drama,3577624,321751,movie
147657,Masked Avengers (1981),Action,82153,63441,movie
147662,Return of the One-Armed Swordsman (1969),Action|Adventure,64265,48300,movie
147936,The Lord's Lantern in Budapest (1999),Comedy|Drama,185534,104515,movie
148166,Hitchcock/Truffaut (2015),Documentary,3748512,339751,movie
148172,The 5th Wave (2016),Adventure|Sci-Fi|Thriller,2304933,299687,movie
148238,A Very Murray Christmas (2015),Comedy,4537842,364067,movie
148424,Chi-Raq (2015),Comedy|Drama,4594834,340275,movie
148482,Truth (2015),Drama,3859076,300693,movie
148592,Just Jim (2015),Comedy,3291148,323656,movie
148626,"Big Short, The (2015)",Drama,1596363,318846,movie
148632,Applesauce (2015),Comedy,4270878,333088,movie
148652,The Ridiculous 6 (2015),Comedy|Western,2479478,347969,movie
148667,John Mulaney: The Comeback Kid (2015),Comedy,5069564,367735,movie
148671,Saw (2003),Crime|Horror,495241,246355,movie
148675,North Pole: Open For Christmas (2015),Children|Fantasy,4843046,339543,movie
148709,Mojave (2015),Thriller,2322517,237584,movie
148775,Wizards of Waverly Place: The Movie (2009),Adventure|Children|Comedy|Drama|Fantasy|Sci-Fi,1369845,26736,movie
148881,World of Tomorrow (2015),Animation|Comedy,4171032,303867,movie
148888,Zoolander 2 (2016),Comedy,1608290,329833,movie
148956,How to Be Single (2016),Comedy|Romance,1292566,259694,movie
148978,Blue Exorcist: The Movie (2012),Animation|Fantasy|Horror|Mystery,3028018,201223,movie
148982,Devil Dog: The Hound of Hell (1978),Horror,77429,26702,movie
149011,He Never Died (2015),Comedy|Drama|Horror,2386404,279690,movie
149144,Parasyte: Part 1 (2014),Horror|Sci-Fi,3345472,282069,movie
149146,Parasyte: Part 2 (2015),Horror|Sci-Fi,3345474,282070,movie
149330,A Cosmic Christmas (1977),(no genres listed),182015,125464,movie
149334,Nocturnal Animals,Drama|Thriller,4550098,340666,movie
149350,Lumberjack Man (2015),Comedy|Horror,3201722,356486,movie
149352,Daddy's Home (2015),Comedy,1528854,274167,movie
149354,Sisters (2015),Children|Comedy,1850457,266294,movie
149380,'Tis the Season for Love (2015),Romance,5056034,362886,movie
149406,Kung Fu Panda 3 (2016),Action|Adventure|Animation,2267968,140300,movie
149508,Spellbound (2011),Comedy|Romance,2132405,92499,movie
149566,Unicorn City (2012),Comedy|Romance,1734589,102051,movie
149590,Standoff (2016),Thriller,3703908,344041,movie
149612,Swelter (2014),Action|Drama|Thriller,2112277,256687,movie
149830,Pride and Prejudice and Zombies (2016),Comedy|Horror|Romance|Thriller,1374989,58431,movie
149902,Garm Wars: The Last Druid (2014),Action|Sci-Fi|Thriller,2504640,302026,movie
150254,The Devil's Candy (2015),Horror,4935372,354216,movie
150401,Close Range (2015),Action|Crime,3511596,325173,movie
150548,Sherlock: The Abominable Bride (2016),Action|Crime|Drama|Mystery|Thriller,3845232,379170,movie
150554,The Love Bug (1997),Adventure|Children|Comedy|Fantasy,119571,32643,movie
150596,Doctor Who: The Husbands of River Song (2015),Comedy|Drama|Sci-Fi,4701546,371759,movie
150604,Moonwalkers (2015),Comedy,2718440,272548,movie
150696,Tomorrow (2015),Documentary,4449576,371492,movie
150993,Anacleto: Agente secreto (2015),Action|Comedy,3510480,284514,movie
151311,Wiener-Dog (2016),Comedy,4144190,326094,movie
151315,Ride Along 2 (2016),Action|Comedy,2869728,323675,movie
151317,Maggie's Plan (2015),Comedy,3471098,312669,movie
151455,Eddie the Eagle (2016),Comedy,1083452,319888,movie
151479,The Flash 2 - Revenge of the Trickster (1991),Action|Fantasy|Sci-Fi,101893,222619,movie
151501,Exposed (2016),Drama,4019560,331962,movie
151557,Stonewall (2015),Drama,3018070,273899,movie
151559,Frankenstein (2015),Horror|Thriller,4086032,337029,movie
151653,Welcome to Happiness (2015),Comedy|Drama|Fantasy,3564794,340255,movie
151687,Risen (2016),Children|Drama,3231054,335778,movie
151695,The Survivalist (2015),Drama|Sci-Fi|Thriller,2580382,329004,movie
151739,Dirty Grandpa (2016),Comedy,1860213,291870,movie
151745,Reptilicus (1961),Horror|Sci-Fi,56405,21266,movie
151759,Requiem for the American Dream (2015),Documentary,3270538,333377,movie
151763,Death Note Rewrite: Genshisuru Kami (2007),Mystery,3355694,51482,movie
151769,Three from Prostokvashino (1978),Animation,189160,77294,movie
151777,The Finest Hours (2016),Drama|Thriller,2025690,300673,movie
151781,Ghost in the Shell: Solid State Society (2006),Action|Animation|Crime|Sci-Fi|Thriller,856797,18874,movie
152037,Grease Live (2016),(no genres listed),4366830,348089,movie
152063,Gods of Egypt (2016),Adventure|Fantasy,2404233,205584,movie
152065,Embrace of the Serpent (2016),Adventure|Drama,4285496,336808,movie
152071,Race (2016),Drama,3499096,323677,movie
152077,10 Cloverfield Lane (2016),Thriller,1179933,333371,movie
152079,London Has Fallen (2016),Action|Crime|Thriller,3300542,267860,movie
152081,Zootopia (2016),Action|Adventure|Animation|Children|Comedy,2948356,269149,movie
152083,Whiskey Tango Foxtrot (2016),Comedy|War,3553442,279641,movie
152085,Desierto (2016),Drama,3147312,258363,movie
152091,The Brothers Grimsby (2016),Comedy,3381008,267193,movie
152105,Dad's Army (1971),Comedy,66963,20051,movie
152173,Michael Jackson's Thriller (1983),Horror,88263,92060,movie
152270,The Wait (2015),Drama,3715122,330348,movie
152284,War and Peace (2016),Drama|Romance,3910804,64099,tv
152372,Southbound (2016),Horror,4935334,354251,movie
152591,Ip Man 3 (2015),Action,2888046,365222,movie
152658,Santa's Little Helper (2015),Children,4592572,353609,movie
152711,Who Killed Chea Vichea? (2010),Documentary,1276121,148184,movie
152970,Hunt for the Wilderpeople (2016),Adventure|Comedy,4698684,371645,movie
153070,Rabbits (2002),Comedy|Drama|Fantasy,347840,44351,movie
153236,Genius Party (2007),Animation,962762,40123,movie
153386,Long Live Ghosts! (1977),Children|Comedy|Fantasy,75703,46632,movie
153408,Tears for Sale (2008),Comedy|Drama|Fantasy,380249,16403,movie
154065,Dad's Army (2016),Comedy,4104054,332721,movie
154358,The Barkley Marathons: The Race That Eats Its Young (2015),Documentary,2400291,334495,movie
154975,Merci Patron ! (2016),Comedy|Documentary,5326448,383809,movie
155064,The Neon Demon (2016),Drama|Horror|Mystery,1974419,301365,movie
155168,Fraktus (2012),Comedy,1971571,140554,movie
155288,Eye in the Sky (2016),Drama|Thriller|War,2057392,333352,movie
155358,Camino (2016),Action|Adventure|Thriller,4991652,359025,movie
155509,Mr. Right (2016),Action|Comedy|Romance,2091935,333385,movie
155589,Noin 7 veljestä (1968),(no genres listed),134854,55495,movie
155659,Florence Foster Jenkins (2016),Comedy|Drama,4136084,315664,movie
155743,My Big Fat Greek Wedding 2 (2016),Comedy,3760922,302688,movie
155774,Neon Bull (2015),Adventure,4899406,314029,movie
155812,Get a Job (2016),Comedy,1468846,186759,movie
155820,Keanu (2016),Comedy,4139124,342521,movie
155892,Me Him Her (2015),Comedy,2507238,254952,movie
156025,Ice Age: The Great Egg-Scapade (2016),Adventure|Animation|Children|Comedy,5480340,387893,movie
156371,Everybody Wants Some (2016),Comedy,2937696,295699,movie
156387,Sing Street (2016),Drama,3544112,369557,movie
156553,Zoom (2015),Animation|Comedy|Drama,3763866,351065,movie
156605,Paterson,(no genres listed),5247022,370755,movie
156607,The Huntsman Winter's War (2016),Action|Adventure|Drama|Fantasy,2381991,290595,movie
156609,Neighbors 2: Sorority Rising (2016),Comedy,4438848,325133,movie
156675,Project X (1968),Mystery|Sci-Fi,63465,29398,movie
156706,The Trust (2016),Crime|Thriller,3733774,301608,movie
156726,Hush (2016),Thriller,5022702,376570,movie
156781,Jimmy Carr: Telling Jokes (2009),Comedy,1585985,24784,movie
156783,Jimmy Carr: Making People Laugh (2010),Comedy,1794821,49381,movie
157108,Texas - Doc Snyder hält die Welt in Atem (1993),Comedy|Western,108317,1659,movie
157110,00 Schneider - Jagd auf Nihil Baxter (1994),Comedy|Crime,109000,1652,movie
157122,The Man Who Knew Infinity (2016),Drama,787524,353326,movie
157130,Despite the Falling Snow (2016),Drama|Romance|Thriller,2474932,366901,movie
157172,Wizards of the Lost Kingdom II (1989),Action|Fantasy,90334,7237,movie
157200,Money Monster (2016),Drama|Thriller,2241351,303858,movie
157270,Barbershop: The Next Cut (2016),Comedy,3628584,326423,movie
157296,Finding Dory (2016),Adventure|Animation|Comedy,2277860,127380,movie
157312,The Boss (2016),Comedy,2702724,323676,movie
157340,The Angry Birds Movie (2016),Animation|Comedy,1985949,153518,movie
157369,Bakuman (2015),Comedy|Drama,3715854,327536,movie
157407,I Am Wrath (2016),Action|Crime|Drama|Thriller,3212232,332411,movie
157432,Precious Cargo (2016),Action|Crime,4651410,384737,movie
157699,Snowden (2016),Drama|Thriller,3774114,302401,movie
157775,Tenchi Muyô! In Love (1996),Animation|Comedy,117876,34935,movie
157865,Ratchet & Clank (2016),Action|Adventure|Animation|Children|Comedy|Sci-Fi,2865120,234004,movie
158022,Kicking Off (2016),Comedy,3703750,386891,movie
158027,SORI: Voice from the Heart (2016),Drama|Sci-Fi,4788944,380254,movie
158035,Gintama: The Final Chapter - Be Forever Yorozuya (2013),Action|Animation|Comedy,2374144,245917,movie
158238,The Nice Guys (2016),Crime|Mystery|Thriller,3799694,290250,movie
158254,Kindergarten Cop 2 (2016),Action|Comedy,4763168,383121,movie
158388,Buck Rogers in the 25th Century (1979),Sci-Fi,77278,3786,movie
158398,World of Glory (1991),Comedy,102083,44238,movie
158402,The Crew (2016),Action,5653294,380111,movie
158528,The Shallows (2016),Drama|Thriller,4052882,332567,movie
158721,Gen-X Cops (1999),Action|Comedy|Thriller,206334,13099,movie
158783,The Handmaiden (2016),Drama|Romance|Thriller,4016934,290098,movie
158813,Alice Through the Looking Glass (2016),Adventure|Children|Fantasy,2567026,241259,movie
158830,The BFG (2016),Children|Fantasy,3691740,267935,movie
158842,My Scientology Movie (2016),Documentary,5111874,359871,movie
158872,Sausage Party (2016),Animation|Comedy,1700841,223702,movie
158874,Karate Bullfighter (1975),Action|Drama,165348,13125,movie
158882,All Yours (2016),Comedy|Drama|Romance,5368354,387398,movie
158956,Kill Command (2016),Action|Horror|Sci-Fi,2667380,384798,movie
158966,Captain Fantastic (2016),Drama,3553976,334533,movie
158972,Toni Erdmann (2016),Drama,4048272,374475,movie
159061,The Wailing (2016),Mystery|Thriller,5215952,293670,movie
159069,Comedy of the Strict Regime (1993),Comedy,106591,83501,movie
159077,The Meddler (2016),Comedy|Drama,4501454,337154,movie
159093,Now You See Me 2 (2016),Action|Comedy|Thriller,3110958,291805,movie
159161,Ali Wong: Baby Cobra (2016),(no genres listed),5066574,396292,movie
159193,Café Society (2016),Comedy|Drama|Romance,4513674,339397,movie
159403,Neo Tokyo (1987),Adventure|Animation|Fantasy|Horror|Sci-Fi,185481,37433,movie
159415,Swiss Army Man (2016),Comedy|Drama|Romance,4034354,347031,movie
159441,The Do-Over (2016),Comedy,4769836,389053,movie
159510,Death Smiles on a Murderer (1973),Horror,68972,5434,movie
159690,Teenage Mutant Ninja Turtles: Out of the Shadows (2016),Action|Adventure|Comedy,3949660,308531,movie
159717,The Fundamentals of Caring (2016),Drama,2452386,318121,movie
159755,Popstar: Never Stop Never Stopping (2016),Comedy,3960412,341012,movie
159779,A Midsummer Night's Dream (2016),(no genres listed),5051278,398854,movie
159811,The Bremen Town Musicians (1969),Animation|Drama|Fantasy,211281,33108,movie
159817,Planet Earth (2006),Documentary,795176,1044,tv
159849,Bo Burnham: Make Happy (2016),Comedy,5192124,400608,movie
159858,The Conjuring 2 (2016),Horror,3065204,259693,movie
159976,Pelé: Birth of a Legend (2016),Drama,995868,245913,movie
160080,Ghostbusters (2016),Action|Comedy|Horror|Sci-Fi,1289401,43074,movie
160271,Central Intelligence (2016),Action|Comedy,1489889,302699,movie
160289,O.J.: Made in America (2016),Documentary,5275892,377462,movie
160341,Bloodmoon (1997),Action|Thriller,118745,30948,movie
160400,Genius (2016),Drama,1703957,267192,movie
160422,The Wooden Horse (1950),Drama|War,43147,68309,movie
160438,Jason Bourne (2016),Action,4196776,324668,movie
160440,The Maid's Room (2014),Thriller,2263814,278348,movie
160527,Sympathy for the Underdog (1971),Action|Crime|Drama,66806,90351,movie
160563,The Legend of Tarzan (2016),Action|Adventure,918940,258489,movie
160565,The Purge: Election Year (2016),Action|Horror|Sci-Fi,4094724,316727,movie
160567,Mike & Dave Need Wedding Dates (2016),Comedy,2823054,316023,movie
160569,Ice Age: Collision Course (2016),Adventure|Animation|Children|Comedy,3416828,278154,movie
160571,Lights Out (2016),Horror,4786282,345911,movie
160573,Pete's Dragon (2016),Adventure|Children|Fantasy,2788732,294272,movie
160644,Indignation (2016),Drama,4193394,340611,movie
160646,Goat (2016),Drama,4437216,337874,movie
160684,Marauders (2016),Action,3963816,359412,movie
160718,Piper (2016),Animation,5613056,399106,movie
160730,The Adderall Diaries (2015),Action|Drama|Thriller,1735907,274504,movie
160836,Hazard (2005),Action|Drama|Thriller,798722,70193,movie
160848,The Red Turtle (2016),Animation,3666024,337703,movie
160872,Satanic (2016),Horror,4796122,400411,movie
160954,Nerve (2016),Drama|Thriller,3531824,328387,movie
160978,Hellevator (2004),Horror|Sci-Fi,422370,49037,movie
160980,Sully (2016),Drama,3263904,363676,movie
161008,The Forbidden Dance (1990),(no genres listed),99595,118430,movie
161024,Jim Jefferies: Freedumb (2016),Comedy,5849950,404022,movie
161032,The Grandmother (1970),Action|Drama,65794,44510,movie
161044,Webmaster (1998),Sci-Fi,136535,16909,movie
161127,The Infiltrator (2016),Crime|Drama,1355631,325789,movie
161131,War Dogs (2016),Comedy,2005151,308266,movie
161290,Vigilante Diaries (2016),Action,3903852,403232,movie
161354,Batman: The Killing Joke (2016),Action|Animation|Crime|Drama,4853102,382322,movie
161580,Bad Moms (2016),Comedy,4651520,376659,movie
161582,Hell or High Water (2016),Crime|Drama,2582782,338766,movie
161594,Kingsglaive: Final Fantasy XV (2016),Action|Adventure|Animation|Drama|Fantasy|Sci-Fi,5595168,390734,movie
161634,Don't Breathe (2016),Thriller,4160708,300669,movie
161830,Body (2015),Drama|Horror|Thriller,3732950,314420,movie
161918,Sharknado 4: The 4th Awakens (2016),Action|Adventure|Horror|Sci-Fi,4831420,390989,movie
161922,The Edge of Seventeen (2016),Comedy,1878870,376660,movie
161966,Elle (2016),Thriller,3716530,337674,movie
162082,Train to Busan (2016),Action|Thriller,5700672,396535,movie
162344,Tom Segura: Mostly Stories (2016),Comedy,4970632,376482,movie
162350,The Magnificent Seven (2016),Action|Western,2404435,333484,movie
162414,Moonlight,Drama,4975722,376867,movie
162478,Masterminds (2016),Action|Comedy|Crime,2461150,213681,movie
162578,Kubo and the Two Strings (2016),Adventure|Animation|Children|Fantasy,4302938,313297,movie
162590,Bridget Jones's Baby (2016),Comedy|Romance,1473832,95610,movie
162598,Deepwater Horizon (2016),Drama,1860357,296524,movie
162600,Miss Peregrine's Home for Peculiar Children (2016),Fantasy,1935859,283366,movie
162602,The Girl on the Train (2016),Thriller,3631112,346685,movie
162606,The Accountant (2016),Crime|Drama|Thriller,2140479,302946,movie
162828,Imperium (2016),Crime|Drama|Thriller,4781612,374617,movie
162968,Kizumonogatari Part 1: Tekketsu (2016),Action|Animation|Mystery,3138698,357786,movie
162982,Steins;Gate the Movie: The Burden of Déjà vu (2013),Animation|Drama|Sci-Fi,2967286,225745,movie
163056,Shin Godzilla (2016),Action|Adventure|Fantasy|Sci-Fi,4262980,315011,movie
163072,Winnie Pooh (1969),Animation|Children,211729,36161,movie
163112,Winnie the Pooh Goes Visiting (1971),Animation,211730,36163,movie
163134,Your Name. (2016),Animation|Drama|Fantasy|Romance,5311514,372058,movie
163386,Winnie the Pooh and the Day of Concern (1972),Animation,208558,36162,movie
163527,Comedy Central Roast of David Hasselhoff (2010),Comedy,1694505,296193,movie
163639,DC Super Hero Girls: Hero of the Year (2016),Animation,5836262,401650,movie
163645,Hacksaw Ridge (2016),Drama|War,2119532,324786,movie
163653,David Cross: Making America Great Again (2016),Comedy,5943936,408546,movie
163809,Over the Garden Wall (2013),Adventure|Animation|Drama,3718778,61617,tv
163925,"Wings, Legs and Tails (1986)",Animation|Comedy,1350929,333372,movie
163937,Blair Witch (2016),Horror|Thriller,1540011,351211,movie
163981,31 (2016),Horror,3835080,284564,movie
163985,ARQ (2016),Sci-Fi|Thriller,5640450,410199,movie
164179,Arrival (2016),Sci-Fi,2543164,329865,movie
164200,Storks (2016),Animation|Children|Comedy,4624424,332210,movie
164226,Maximum Ride (2016),Action|Adventure|Comedy|Fantasy|Sci-Fi|Thriller,825283,339116,movie
164280,Endless Poetry (2016),Drama|Fantasy,4451458,325385,movie
164367,The Girl with All the Gifts (2016),Drama|Horror|Sci-Fi|Thriller,4547056,375366,movie
164375,All Roads Lead to Rome (2016),Comedy,4119278,298583,movie
164540,Amanda Knox (2016),Documentary,5952332,411009,movie
164647,Dirty 30 (2016),Comedy|Romance,5521550,377492,movie
164655,Gimme Danger (2016),Documentary,1714917,392820,movie
164707,Go Figure (2005),Children|Comedy|Drama,447987,55504,movie
164753,Anything for Love (2016),Romance,5340362,379990,movie
164881,Night Guards (2016),Action|Sci-Fi,5487524,402193,movie
164909,La La Land (2016),Comedy|Drama|Romance,3783958,313369,movie
164917,13th (2016),Documentary,5895028,407806,movie
165075,London Town (2016),Drama,1724597,394822,movie
165101,Inferno (2016),Mystery|Thriller,3062096,207932,movie
165103,Keeping Up with the Joneses (2016),Comedy,2387499,331313,movie
165139,Wild Oats (2016),Comedy,1655461,406992,movie
165343,The Rocky Horror Picture Show: Let's Do the Time Warp Again (2016),Comedy|Horror|Sci-Fi|Thriller,1267299,377448,movie
165347,Jack Reacher: Never Go Back (2016),Action|Crime|Drama|Mystery|Thriller,3393786,343611,movie
165483,Joe Rogan: Triggered (2016),Comedy,6023444,421854,movie
165489,Ethel & Ernest (2016),(no genres listed),1725969,413770,movie
165529,Flowers for Algernon (2000),Drama,210044,29136,movie
165549,Manchester by the Sea (2016),Drama,4034228,334541,movie
165551,Lion (2016),Drama,3741834,334543,movie
165635,The Thinning (2016),Thriller,5254868,419639,movie
165639,While You Were Fighting: A Thor Mockumentary (2016),Comedy|Fantasy|Sci-Fi,6016776,413279,movie
165645,Bad Santa 2 (2016),Comedy,1798603,338964,movie
165671,Ice Guardians (2016),Documentary,4431208,413361,movie
165843,Risk (2016),Documentary,4964772,393561,movie
165947,The True Memoirs of an International Assassin (2016),Action|Comedy,1542768,339396,movie
165959,Alesha Popovich and Tugarin the Dragon (2004),Animation|Comedy|Drama,415481,33065,movie
165969,HyperNormalisation (2016),Documentary,6156350,419546,movie
166015,The African Doctor (2016),Comedy|Drama,5555502,393764,movie
166024,Whiplash (2013),(no genres listed),2654430,367412,movie
166183,Junior and Karlson (1968),Adventure|Animation|Children,756316,77304,movie
166203,Sapphire Blue (2014),Adventure|Children|Fantasy|Sci-Fi,3260022,279229,movie
166291,A Silent Voice (2016),Animation|Drama|Romance,5323662,378064,movie
166461,Moana (2016),Adventure|Animation|Children|Comedy|Fantasy,3521164,277834,movie
166492,Office Christmas Party (2016),Comedy,1711525,384682,movie
166526,The Space Between Us (2016),Adventure|Sci-Fi,3922818,365942,movie
166528,Rogue One: A Star Wars Story (2016),Action|Adventure|Fantasy|Sci-Fi,3748528,330459,movie
166534,Split (2017),Drama|Horror|Thriller,4972582,381288,movie
166558,Underworld: Blood Wars (2016),Action|Horror,3717252,346672,movie
166568,Miss Sloane (2016),Thriller,4540710,376290,movie
166635,Passengers (2016),Adventure|Drama|Romance|Sci-Fi,1355644,274870,movie
166643,Hidden Figures (2016),Drama,4846340,381284,movie
166705,Fences (2016),Drama,2671706,393457,movie
166946,The Founder (2016),Drama,4276820,310307,movie
167018,Why Him? (2016),Comedy,4501244,356305,movie
167036,Sing (2016),Animation|Children|Comedy,3470600,335797,movie
167064,I Am Not Your Negro (2017),Documentary,5804038,411019,movie
167296,Iron Man (1931),Drama,22002,194310,movie
167370,Assassin's Creed (2016),Action|Adventure|Sci-Fi,2094766,121856,movie
167380,A Dog's Purpose (2017),Comedy|Drama,1753383,381289,movie
167538,Microwave Massacre (1983),Horror,85937,87852,movie
167570,The OA,(no genres listed),4635282,69061,tv
167634,Fist Fight (2017),Comedy,3401882,345922,movie
167706,Shakespeare Behind Bars (2005),Documentary,368264,146836,movie
167732,A Street Cat Named Bob (2016),Comedy|Drama,3606888,404378,movie
167746,The Lego Batman Movie (2017),Action|Animation|Comedy,4116284,324849,movie
167772,The Spirit of Christmas (1995),Animation|Comedy,122264,16487,movie
167790,The Good Boy (2016),Children|Comedy|Drama,5358714,417427,movie
167854,"Dana Carvey: Straight White Male, 60 (2016)",Comedy,6217368,423122,movie
168026,Marvel One-Shot: Agent Carter (2013),Action|Adventure|Fantasy|Sci-Fi,3067038,211387,movie
168090,Kizumonogatari II: Passionate Blood (2016),Animation|Fantasy|Mystery,5084196,362584,movie
168144,Joe Rogan: Live (2006),Comedy,822818,24439,movie
168174,Jim Gaffigan: Cinco (2017),Comedy,6090102,432959,movie
168218,Kizumonogatari III: Cold Blood (2017),Animation|Fantasy|Mystery,5084198,362585,movie
168248,John Wick: Chapter Two (2017),Action|Crime|Thriller,4425200,324552,movie
168250,Get Out (2017),Horror,5052448,419430,movie
168252,Logan (2017),Action|Sci-Fi,3315342,263115,movie
168254,Kong: Skull Island (2017),Action|Adventure|Fantasy,3731562,293167,movie
168266,T2: Trainspotting (2017),Crime|Drama,2763304,180863,movie
168326,The Big Sick (2017),Comedy|Romance,5462602,416477,movie
168350,100 Streets (2016),Drama,2990126,334532,movie
168358,Saturn 3 (1980),Sci-Fi|Thriller,79285,19761,movie
168366,Beauty and the Beast (2017),Fantasy|Romance,2771200,321612,movie
168418,The Boss Baby (2017),Animation|Children|Comedy,3874544,295693,movie
168456,Mercury Plains (2016),Action|Adventure|Drama,1753786,376003,movie
168492,Call Me by Your Name (2017),Drama|Romance,5726616,398818,movie
168608,Mudbound (2017),Drama,2396589,414425,movie
168612,Ghost in the Shell (2017),Action|Drama|Sci-Fi,1219827,315837,movie
168632,Bill Burr: Walk Your Way Out (2017),Comedy,6184894,437752,movie
168712,Fifty Shades Darker (2017),Drama|Romance,4465564,341174,movie
168846,Neal Brennan: 3 Mics (2017),Comedy,6438918,435351,movie
169034,Lemonade (2016),(no genres listed),5662106,394269,movie
169180,American Fable (2017),Thriller,4671002,381064,movie
169670,The Void (2016),Horror,4255304,378018,movie
169904,Guyver: Dark Hero (1994),Sci-Fi,109965,11795,movie
169912,Denis Leary: No Cure for Cancer (1993),Comedy,248752,26797,movie
169958,Buster's Mal Heart (2017),Drama|Mystery,5173032,367147,movie
169982,Power Rangers (2017),Action|Adventure|Sci-Fi,3717490,305470,movie
169984,Alien: Covenant (2017),Action|Horror|Sci-Fi|Thriller,2316204,126889,movie
169992,Free Fire (2017),Action|Crime|Drama,4158096,334521,movie
170289,Species III (2004),Action|Horror|Sci-Fi,410650,9711,movie
170297,Ultimate Avengers 2 (2006),Action|Animation|Sci-Fi,803093,14611,movie
170355,Mulholland Dr. (1999),Drama|Mystery|Romance,1619856,185789,movie
170357,Dave Chappelle: The Age of Spin (2017),Comedy,6648926,444705,movie
170399,CHiPS (2017),Action|Comedy|Drama,493405,417644,movie
170401,Table 19 (2017),Comedy|Drama,1412528,353569,movie
170411,Dave Chappelle: Deep in the Heart of Texas (2017),Comedy,6649108,444706,movie
170551,The Quiet Family (1998),Comedy,188503,74336,movie
170597,A Plasticine Crow (1981),Animation,219251,129229,movie
170697,Gifted (2017),Drama,4481414,400928,movie
170705,Band of Brothers (2001),Action|Drama|War,185906,4613,tv
170777,There Once Was a Dog (1982),Animation|Children|Comedy,216434,72215,movie
170813,Baywatch (2017),Action|Comedy,1469304,339846,movie
170817,Snatched (2017),Action|Comedy,2334871,373569,movie
170827,The Mummy (2017),Action|Adventure|Fantasy|Horror|Thriller,2345759,282035,movie
170837,Life-Size (2000),Children|Comedy|Fantasy,200809,36968,movie
170875,The Fate of the Furious (2017),Action|Crime|Drama|Thriller,4630562,337339,movie
170897,Sandy Wexler (2017),Comedy,5893332,419700,movie
170907,Betting on Zero (2016),Documentary,3762912,385805,movie
170937,Win It All (2017),Comedy,3155328,397442,movie
170939,Captain Underpants: The First Epic Movie (2017),Action|Animation|Children|Comedy,2091256,268531,movie
170945,It Comes at Night (2017),Horror|Mystery|Thriller,4695012,418078,movie
170957,Cars 3 (2017),Adventure|Animation|Comedy,3606752,260514,movie
170993,Mini's First Time (2006),Comedy|Crime|Drama,425253,15314,movie
171011,Planet Earth II (2016),Documentary,5491994,68595,tv
171023,The Hero (2017),Drama,5655222,425751,movie
171251,"Nobody Speak: Hulk Hogan, Gawker and Trials of a Free Press (2017)",Documentary,6333064,430830,movie
171495,Cosmos,(no genres listed),81846,1430,tv
171631,Maria Bamford: Old Baby,(no genres listed),6264596,455601,movie
171695,Robin Williams: Live on Broadway (2002),Comedy,330829,20211,movie
171701,The Death of Louis XIV (2016),Drama,5129510,371859,movie
171749,Death Note: Desu nôto (2006–2007),(no genres listed),877057,13916,tv
171751,Munna bhai M.B.B.S. (2003),Comedy,374887,19625,movie
171759,The Beguiled (2017),Drama|Thriller|Western,5592248,399019,movie
171763,Baby Driver (2017),Action|Crime|Thriller,3890160,339403,movie
171765,Okja (2017),Action|Adventure|Drama|Sci-Fi,3967856,387426,movie
171811,Embassy (2013),Comedy|Sci-Fi|War,3273632,256608,movie
171867,Rough Night (2017),Comedy|Drama,4799050,397422,movie
171891,Generation Iron 2,(no genres listed),6263642,447818,movie
171917,Mystère à la Tour Eiffel (2015),Drama|Mystery|Thriller,4471456,430423,movie
172013,Stefan Zweig: Farewell to Europe (2016),Drama,3397160,391663,movie
172215,Saved by the Bell: Hawaiian Style (1992),Comedy,105321,37022,movie
172229,Plain Clothes (1988),Comedy|Mystery|Romance|Thriller,95875,55728,movie
172233,The Prime Gig (2000),Drama|Romance,223954,44015,movie
172253,The Night Before (1988),Comedy,95730,38966,movie
172321,Late Night with Conan O'Brien: The Best of Triumph the Insult Comic Dog (2004),Comedy,422618,263029,movie
172461,Get Me Roger Stone (2017),Documentary,6714534,448448,movie
172497,T2 3-D: Battle Across Time (1996),(no genres listed),117880,65595,movie
172547,Despicable Me 3 (2017),Adventure|Animation|Children|Comedy,3469046,324852,movie
172577,Last Year's Snow Was Falling (1983),Animation|Children|Comedy|Fantasy,219233,145760,movie
172583,Investigation Held by Kolobki (1986),Animation,3066856,213321,movie
172585,Karlson Returns (1970),Adventure|Animation|Children,209074,72203,movie
172587,Vacations in Prostokvashino (1980),Animation,1315584,77759,movie
172589,Winter in Prostokvashino (1984),Animation,1318414,77762,movie
172591,The Godfather Trilogy: 1972-1990 (1992),(no genres listed),150742,364150,movie
172637,Priklyucheniya Kapitana Vrungelya (1979),Action|Adventure|Animation|Comedy,219263,74535,movie
172705,Tickling Giants (2017),Documentary,5494396,390319,movie
172793,Vovka in the Kingdom of Far Far Away (1965),Adventure|Animation|Children|Fantasy,213309,160046,movie
172825,Adventures of Mowgli: The Kidnapping (1968),Adventure|Animation|Children,1259772,195065,movie
172875,A Detective Story (2003),Animation|Sci-Fi,366177,24660,movie
172881,Final Flight of the Osiris (2003),Action|Animation|Sci-Fi,350934,24357,movie
172887,Kid's Story (2003),Animation|Sci-Fi,368574,24914,movie
172909,Cheburashka (1971),Animation,201520,34859,movie
173145,War for the Planet of the Apes (2017),Action|Adventure|Drama|Sci-Fi,3450958,281338,movie
173197,The Square (2017),Drama,4995790,401246,movie
173205,The Meyerowitz Stories (2017),Comedy,5536736,396398,movie
173209,War Machine (2017),Comedy|Drama|War,4758646,354287,movie
173235,Tokyo Idols (2017),Documentary,6039532,433092,movie
173253,Vir Das: Abroad Understanding (2017),Comedy,6822400,454361,movie
173255,"Norm Macdonald: Hitler's Dog, Gossip & Trickery (2017)",Comedy,6878486,456193,movie
173291,Valerian and the City of a Thousand Planets (2017),Action|Adventure|Sci-Fi,2239822,339964,movie
173307,The Gracefield Incident (2015),Action|Horror|Sci-Fi,4464394,327253,movie
173317,Shadow World (2016),Documentary,2626338,390410,movie
173351,Wow! A Talking Fish! (1983),Animation|Children|Comedy|Fantasy,1352408,165095,movie
173355,Travels of an Ant (1983),Animation,216126,193216,movie
173535,The Adventures of Sherlock Holmes and Doctor Watson: The Hunt for the Tiger (1980),(no genres listed),459945,126854,movie
173619,Fugitives (1986),Comedy|Crime,91093,30163,movie
173751,Tiger Raid (2016),Thriller,4447518,390587,movie
173873,Gulliver's Travels (1996),Adventure|Children|Fantasy,115195,13675,tv
173925,Seven Sisters (2017),Sci-Fi|Thriller,1536537,406990,movie
173941,Atomic Blonde (2017),Thriller,2406566,341013,movie
173963,Empties (2007),Comedy,809951,6079,movie
174045,Goon: Last of the Enforcers (2017),Comedy,2417712,336890,movie
174053,Black Mirror: White Christmas (2014),Drama|Horror|Mystery|Sci-Fi|Thriller,3973198,42009,tv
174055,Dunkirk (2017),Action|Drama|Thriller|War,5013056,374720,movie
174141,Belladonna of Sadness (1973),Animation|Drama|Fantasy,71203,64847,movie
174403,The Putin Interviews (2017),(no genres listed),6840134,71550,tv
174479,Unedited Footage of a Bear (2014),Horror|Thriller,4289434,312174,movie
174551,Obsession (1965),Comedy,862766,435041,movie
174681,"Oh, Hello: On Broadway (2017)",Comedy,6987652,460822,movie
174727,Good Time (2017),Crime|Drama,4846232,429200,movie
174737,Don Camillo in Moscow (1965),Comedy,59049,37991,movie
174815,The House (2017),Comedy,4481514,345914,movie
174909,Logan Lucky (2017),Comedy,5439796,399170,movie
175197,The Dark Tower (2017),Fantasy|Horror|Sci-Fi|Western,1648190,353491,movie
175199,Annabelle: Creation (2017),Horror,5140878,396422,movie
175293,Gena the Crocodile (1969),Animation|Children,146970,79701,movie
175303,It (2017),Horror,1396484,346364,movie
175387,On the Trail of the Bremen Town Musicians (1973),Adventure|Animation|Children,251333,70061,movie
175397,"In the blue sea, in the white foam. (1984)",Animation|Children|Fantasy,487132,196649,movie
175401,Wolf and Calf (1984),Animation,882997,91673,movie
175431,Bobik Visiting Barbos (1977),Animation|Comedy,1070753,72199,movie
175435,The Magic Ring (1982),Animation|Fantasy,189195,79216,movie
175475,The Emoji Movie (2017),Animation|Children|Comedy,4877122,378236,movie
175485,Death Note (2017),Horror|Thriller,1241317,351460,movie
175569,Wind River (2017),Action|Crime|Mystery|Thriller,5362988,395834,movie
175577,Rory Scovel Tries Stand-Up for the First Time (2017),Comedy,7044010,461634,movie
175585,Shot Caller (2017),Action|Crime|Drama|Thriller,4633690,339692,movie
175661,The Hitman's Bodyguard (2017),Action|Comedy,1959563,390043,movie
175693,Rick and Morty: State of Georgia Vs. Denver Fenton Allen (2016),Comedy|Crime,5950978,412103,movie
175705,Themroc (1973),Comedy|Horror,69369,7014,movie
175707,A German Life (2016),Documentary,5135434,411516,movie
175743,Self-criticism of a Bourgeois Dog (2017),Comedy,6354108,433410,movie
175781,Der Herr Karl (1961),Comedy,273646,28469,movie
176051,LEGO DC Super Hero Girls: Brain Drain (2017),Animation,7158814,460135,movie
176101,Kingsman: The Golden Circle (2017),Action|Adventure|Comedy,4649466,343668,movie
176329,Ari Shaffir: Double Negative (2017),Comedy,6254796,72888,tv
176371,Blade Runner 2049 (2017),Sci-Fi,1856101,335984,movie
176389,The Nut Job 2: Nutty by Nature (2017),Adventure|Animation|Children|Comedy,3486626,335777,movie
176413,Bliss (2012),Drama,1835980,131244,movie
176415,Alles Inklusive (2014),Comedy|Drama,3469518,258357,movie
176419,Mother! (2017),Drama|Horror|Mystery|Thriller,5109784,381283,movie
176423,Icarus (2017),Documentary,6333060,432976,movie
176579,Cage Dive (2017),Drama|Horror|Thriller,4126568,420707,movie
176601,Black Mirror,(no genres listed),2492564,452830,movie
176621,Boniface's Holiday (1965),Animation|Children|Comedy|Romance,1332537,77557,movie
176751,American Made (2017),Crime|Thriller,3532216,337170,movie
176805,Little Boxes (2017),Comedy|Drama,5030402,390407,movie
176935,Geostorm (2017),Action,1981128,274855,movie
177185,Maz Jobrani: Immigrant (2017),Comedy,7164714,468366,movie
177285,Sword Art Online The Movie: Ordinal Scale (2017),Action|Adventure|Animation|Fantasy|Sci-Fi,5544384,413594,movie
177593,"Three Billboards Outside Ebbing, Missouri (2017)",Crime|Drama,5027774,359940,movie
177615,Lady Bird (2017),Comedy,4925292,391713,movie
177763,Murder on the Orient Express (2017),Crime|Drama|Mystery,3402236,392044,movie
177765,Coco (2017),Adventure|Animation|Children,2380307,354912,movie
177939,"The Night Is Short, Walk on Girl (2017)",Animation|Romance,6335734,430214,movie
178061,"I, Tonya (2017)",Drama,5580036,389015,movie
178111,"Fireworks, Should We See It from the Side or the Bottom? (2017)",Animation,6317962,431819,movie
178129,Adventures in Plymptoons! (2011),Documentary,1691448,103008,movie
178323,Gaga: Five Foot Two (2017),Documentary,7291268,472424,movie
178613,Dave Chappelle: Killin' Them Softly (2000),Comedy,251654,16275,movie
178615,Front Cover (2016),Comedy|Drama|Romance,3185602,303854,movie
178827,Paddington 2 (2017),Adventure|Animation|Children|Comedy,4468740,346648,movie
179053,2048: Nowhere to Run (2017),Sci-Fi|Thriller,7387408,475759,movie
179073,Male Hunt (1964),Comedy,57936,4835,movie
179119,The Death of Stalin (2017),Comedy,4686844,402897,movie
179133,Loving Vincent (2017),Animation|Crime|Drama,3262342,339877,movie
179135,Blue Planet II (2017),Documentary,6769208,74313,tv
179211,Christina P: Mother Inferior (2017),Comedy,7057376,480409,movie
179401,Jumanji: Welcome to the Jungle (2017),Action|Adventure|Children,2283362,353486,movie
179427,Dane Cook: Troublemaker (2014),Comedy,4129180,298718,movie
179491,Mayhem (2017),Action|Horror,4348012,429733,movie
179511,Emerald Green (2016),Adventure|Drama|Fantasy|Romance,4960934,337556,movie
179709,Wonder Wheel (2017),Drama,5825380,429189,movie
179749,Creep 2 (2017),Comedy|Horror,3654796,396493,movie
179813,LBJ (2017),Drama,4778988,353575,movie
179815,"Roman J. Israel, Esq. (2017)",Drama|Thriller,6000478,413362,movie
179817,Darkest Hour (2017),Drama|War,4555426,399404,movie
179819,Star Wars: The Last Jedi (2017),Action|Adventure|Fantasy|Sci-Fi,2527336,181808,movie
179953,A Bad Moms Christmas (2017),Comedy,6359956,431530,movie
180031,The Shape of Water (2017),Adventure|Drama|Fantasy,5580390,399055,movie
180045,Molly's Game (2017),Drama,4209788,396371,movie
180095,Wonder (2017),Drama,2543472,406997,movie
180231,Daddy's Home 2 (2017),Comedy|Drama,5657846,419680,movie
180263,The Shining (1997),Drama|Horror|Thriller,118460,1867,tv
180265,Jim & Andy: The Great Beyond (2017),Documentary,7214762,469019,movie
180297,The Disaster Artist (2017),Comedy|Drama,3521126,371638,movie
180497,The Post (2017),Drama|Thriller,6294822,446354,movie
180777,Die Frauen von Ravensbrück (2005),Documentary,832879,363444,movie
180985,The Greatest Showman (2017),Drama,1485796,316029,movie
180987,Ferdinand (2017),Animation|Children|Comedy,3411444,364689,movie
181065,Jack Whitehall: At Large (2017),Comedy,7539884,479269,movie
181139,Lynne Koplitz: Hormonal Beast (2017),Comedy,6892388,470616,movie
181315,Phantom Thread (2017),Drama|Romance,5776858,400617,movie
181413,Too Funny to Fail: The Life and Death of The Dana Carvey Show (2017),(no genres listed),7544820,482004,movie
181659,Craig Ferguson: Tickle Fight (2017),Comedy,7193448,490928,movie
181719,Serving in Silence: The Margarethe Cammermeyer Story (1995),(no genres listed),114395,49809,movie
182293,Hare-um Scare-um (1939),Animation|Children|Comedy,31405,152047,movie
182297,Porky in Wackyland (1938),Animation|Comedy|Fantasy,30604,128756,movie
182299,Porky's Hare Hunt (1938),Animation|Children|Comedy,30608,188763,movie
182639,The Second Renaissance Part II (2003),Animation|Sci-Fi,368575,24362,movie
182715,Annihilation (2018),Adventure|Mystery|Sci-Fi|Thriller,2798920,300668,movie
182727,A Christmas Story Live! (2017),(no genres listed),6881890,485517,movie
182731,Pixel Perfect (2004),Children|Comedy|Sci-Fi,393596,124117,movie
182749,Judd Apatow: The Return (2017),Comedy,7738550,487156,movie
182793,The Purple Sea (2009),Drama,1467306,34220,movie
182823,Bright (2017),Action|Crime|Fantasy,5519340,400106,movie
183011,The Commuter (2018),Crime|Drama|Mystery|Thriller,1590193,399035,movie
183197,Dave Chappelle: Equanimity (2017),Comedy,7807952,488223,movie
183199,Quest (2017),Documentary,6149818,432987,movie
183227,Dave Chappelle: The Bird Revelation (2017),Comedy,7808620,494368,movie
183295,Insidious: The Last Key (2018),Horror|Mystery|Thriller,5726086,406563,movie
183301,The Tale of the Bunny Picnic (1986),Children,92046,31615,movie
183317,Patti Rocks (1988),Comedy|Drama,95835,121870,movie
183611,Game Night (2018),Action|Comedy|Crime|Horror,2704998,445571,movie
183635,Maze Runner: The Death Cure (2018),Action|Mystery|Sci-Fi|Thriller,4500922,336843,movie
183897,Isle of Dogs (2018),Animation|Comedy,5104604,399174,movie
183911,The Clapper (2018),Comedy,5461956,422615,movie
183959,Tom Segura: Disgraceful (2018),Comedy,7379330,497520,movie
184015,When We First Met (2018),Comedy,5783956,433310,movie
184053,Battle Planet (2008),Action|Sci-Fi,1016024,17571,movie
184245,De platte jungle (1978),Documentary,78090,110775,movie
184253,The Cloverfield Paradox (2018),Horror|Mystery|Sci-Fi|Thriller,2548396,384521,movie
184257,Making a Murderer (2015),Crime|Documentary,5189670,64439,tv
184349,Elsa & Fred (2005),Comedy|Drama|Romance,453047,22916,movie
184471,Tomb Raider (2018),Action|Adventure|Fantasy,1365519,338970,movie
184641,Fullmetal Alchemist 2018 (2017),Action|Adventure|Fantasy,5607028,426285,movie
184721,First Reformed (2017),Drama|Thriller,6053438,458737,movie
184791,Fred Armisen: Standup for Drummers (2018),Comedy,7924798,502616,movie
184931,Death Wish (2018),Action|Crime|Drama|Thriller,1137450,395990,movie
184987,A Wrinkle in Time (2018),Adventure|Children|Fantasy|Sci-Fi,1620680,407451,movie
184997,"Love, Simon (2018)",Comedy|Drama,5164432,449176,movie
185029,A Quiet Place (2018),Drama|Horror|Thriller,6644200,447332,movie
185031,Alpha (2018),Adventure|Thriller,4244998,399360,movie
185033,I Kill Giants (2018),Drama|Fantasy|Thriller,4547194,419831,movie
185135,Sherlock - A Study in Pink (2010),Crime,1665071,19885,tv
185435,"Game Over, Man! (2018)",Action|Comedy,3317234,456750,movie
185473,Blockers (2018),Comedy,2531344,437557,movie
185585,Pacific Rim: Uprising (2018),Action|Fantasy|Sci-Fi,2557478,268896,movie
186587,Rampage (2018),Action|Adventure|Sci-Fi,2231461,427641,movie
187031,Jurassic World: Fallen Kingdom (2018),Action|Adventure|Drama|Sci-Fi|Thriller,4881806,351286,movie
187541,Incredibles 2 (2018),Action|Adventure|Animation|Children,3606756,260513,movie
187593,Deadpool 2 (2018),Action|Comedy|Sci-Fi,5463162,383498,movie
187595,Solo: A Star Wars Story (2018),Action|Adventure|Children|Sci-Fi,3778644,348350,movie
187717,Won't You Be My Neighbor? (2018),Documentary,7681902,490003,movie
188189,Sorry to Bother You (2018),Comedy|Fantasy|Sci-Fi,5688932,424781,movie
188301,Ant-Man and the Wasp (2018),Action|Adventure|Comedy|Fantasy|Sci-Fi,5095030,363088,movie
188675,Dogman (2018),Crime|Drama,6768578,483184,movie
188751,Mamma Mia: Here We Go Again! (2018),Comedy|Romance,6911608,458423,movie
188797,Tag (2018),Comedy,2854926,455980,movie
188833,The Man Who Killed Don Quixote (2018),Adventure|Comedy|Fantasy,1318517,297725,movie
189043,Boundaries (2018),Comedy|Drama,5686062,447682,movie
189111,Spiral (2018),Documentary,5359048,525662,movie
189333,Mission: Impossible - Fallout (2018),Action|Adventure|Thriller,4912910,353081,movie
189381,SuperFly (2018),Action|Crime|Thriller,7690670,500475,movie
189547,Iron Soldier (2010),Action|Sci-Fi,1665744,111196,movie
189713,BlacKkKlansman (2018),Comedy|Crime|Drama,7349662,487558,movie
190183,The Darkest Minds (2018),Sci-Fi|Thriller,4073790,445651,movie
190207,Tilt (2011),Drama|Romance,1680019,79159,movie
190209,Jeff Ross Roasts the Border (2017),Comedy,7620650,487541,movie
190213,John From (2015),Drama,3977428,364002,movie
190215,Liquid Truth (2017),Drama,7293380,479871,movie
190219,Bunny (1998),Animation,179011,48610,movie
190221,Hommage à Zgougou (et salut à Sabine Mamou) (2002),Documentary,3333182,460631,movie
191005,Gintama (2017),Action|Adventure|Comedy|Sci-Fi,5805470,432985,movie
193565,Gintama: The Movie (2010),Action|Animation|Comedy|Sci-Fi,1636780,71172,movie
193567,anohana: The Flower We Saw That Day - The Movie (2013),Animation|Drama,2323836,255413,movie
193571,Silver Spoon (2014),Comedy|Drama,3110014,297825,movie
193573,Love Live! The School Idol Movie (2015),Animation,3837248,333623,movie
193579,Jon Stewart Has Left the Building (2015),Documentary,5342766,360617,movie
193581,Black Butler: Book of the Atlantic (2017),Action|Animation|Comedy|Fantasy,5476944,432131,movie
193583,No Game No Life: Zero (2017),Animation|Comedy|Fantasy,5914996,445030,movie
193585,Flint (2017),Drama,6397426,479308,movie
193587,Bungo Stray Dogs: Dead Apple (2018),Action|Animation,8391976,483455,movie
193609,Andrew Dice Clay: Dice Rules (1991),Comedy,101726,37891,movie
